{
  "experiment": "Grand Unified Summary",
  "summary": {
    "instruct": {
      "Base-0.5B": {
        "T_final": 3.1340720653533936,
        "P1_final": 0.3909754107395808,
        "rho_S": -0.2723076923076923
      },
      "Instruct-0.5B": {
        "T_final": 2.962772274017334,
        "P1_final": 0.3956908921400706,
        "rho_S": -0.14384615384615382
      },
      "Base-1.5B": {
        "T_final": 3.329850157101949,
        "P1_final": 0.36443421194950737,
        "rho_S": -0.22463054187192114
      }
    },
    "generation": {
      "0.5B": {
        "T_mean": 2.424677236020681,
        "corr_time": 7.2,
        "rho_T": -0.3968403361344538
      },
      "1.5B": {
        "T_mean": 1.956096511343843,
        "corr_time": 7.4,
        "rho_T": -0.4107851140456182
      }
    },
    "eos": {
      "0.5B": {
        "a": 1.2592410480888936,
        "b": 0.18320755367060712,
        "c": -0.2509810418223128,
        "r": 0.9597080113558429
      },
      "1.5B": {
        "a": 1.0834942146936613,
        "b": 0.28352177233540454,
        "c": -0.06975780140323966,
        "r": 0.9482278638458542
      }
    },
    "work_heat": {
      "0.5B": {
        "efficiency": 0.09119534307355599,
        "total_W": 7.542544945081075,
        "total_Q": 75.16502203000358
      },
      "1.5B": {
        "efficiency": 0.09653330642144513,
        "total_W": 5.914653779069583,
        "total_Q": 55.355948029986166
      }
    },
    "maxwell": {
      "0.5B": {
        "maxwell1_r": 0.026387137108696383,
        "maxwell2_r": -0.026387137108696383,
        "first_law_r": -0.03769648234059396
      },
      "1.5B": {
        "maxwell1_r": -0.06856214364442603,
        "maxwell2_r": 0.06856214364442603,
        "first_law_r": 0.116065896345599
      }
    },
    "fluctuation": {
      "0.5B": {
        "alpha": -1.383817930861717,
        "r_fdt": 0.14873038152516932,
        "kurtosis": 1.150477030941781
      },
      "1.5B": {
        "alpha": -1.1495195416113204,
        "r_fdt": 0.4359417471365866,
        "kurtosis": 0.18921345676755053
      }
    },
    "linear_response": {
      "0.5B": {
        "r_linear": 0.6641826572930675
      },
      "1.5B": {
        "r_linear": -0.023402461177753513
      }
    }
  },
  "total_phases_loaded": 251
}