{
  "experiment": "Fluctuation Spectrum",
  "results": {
    "0.5B": {
      "model": "0.5B",
      "n_layers": 24,
      "freq_T": [
        0.0,
        0.04,
        0.08,
        0.12,
        0.16,
        0.2,
        0.24,
        0.28,
        0.32,
        0.36,
        0.4,
        0.44,
        0.48
      ],
      "psd_T": [
        3.1554436208840473e-32,
        40.31067706156688,
        13.846784488820154,
        2.2733707338679783,
        1.311274774078928,
        2.493005702748782,
        5.921984729269673,
        1.109752499084612,
        0.7887640730260274,
        0.6882813163743415,
        1.8407929283962554,
        1.753855148577347,
        0.8350835724242631
      ],
      "freq_P1": [
        0.0,
        0.04,
        0.08,
        0.12,
        0.16,
        0.2,
        0.24,
        0.28,
        0.32,
        0.36,
        0.4,
        0.44,
        0.48
      ],
      "psd_P1": [
        1.232595164407831e-34,
        0.2934193749137959,
        0.13478533260494147,
        0.021374165924974788,
        0.037373558191854346,
        0.06653090627045463,
        0.08637411897829837,
        0.027256387848521413,
        0.024380440931929787,
        0.02506534148627313,
        0.05415880965528887,
        0.04394806902591628,
        0.021836944487579567
      ],
      "freq_U": [
        0.0,
        0.04,
        0.08,
        0.12,
        0.16,
        0.2,
        0.24,
        0.28,
        0.32,
        0.36,
        0.4,
        0.44,
        0.48
      ],
      "psd_U": [
        7.270142102516845e-29,
        14254.215801605222,
        8899.8100786131,
        6646.527797182958,
        5831.243054635806,
        5214.625990002469,
        4875.071098594767,
        5012.41779410662,
        5051.665983155861,
        5110.45464353353,
        5171.799984883753,
        5308.0912001055285,
        5335.720044609274
      ],
      "alpha_T": -1.383817930861717,
      "r_alpha": -0.844044405566931,
      "T_var_per_layer": [
        2.6946257357668083e-07,
        3.5586488300325163,
        1.5131095341377065,
        2.4230151773941566,
        1.0859009578607144,
        2.6515017174639857,
        1.630449974693395,
        2.1910761378614234,
        1.551717940579971,
        1.0239113632847903,
        1.2005300823165561,
        2.341368178047543,
        3.9290708929203726,
        3.31340605245367,
        2.2140747902779117,
        3.8165570267533413,
        2.537979221927919,
        1.4100544267035642,
        3.108203280348664,
        3.0707335617653344,
        4.959736378748799,
        2.3522287930366623,
        2.7486290035878387,
        1.9854794564500824,
        0.7380770212621037
      ],
      "T_mean_per_layer": [
        0.00024974153218665325,
        5.097856336832047,
        6.30031042098999,
        5.898836278915406,
        6.407973325252533,
        6.462839150428772,
        6.521707487106323,
        6.2070694923400875,
        6.335390496253967,
        6.572070586681366,
        6.756104159355163,
        6.550145608186722,
        5.842358094453812,
        6.297292995452881,
        6.607089471817017,
        6.238488805294037,
        5.90345116853714,
        6.269112682342529,
        6.11201045513153,
        5.732776212692261,
        3.2255043044686316,
        2.5480962067842485,
        3.718865121901035,
        2.794542996585369,
        2.899678660929203
      ],
      "r_fdt": 0.14873038152516932,
      "kurtosis_T": 1.150477030941781,
      "mean_T": [
        0.00024974153218665325,
        5.097856336832047,
        6.30031042098999,
        5.898836278915406,
        6.407973325252533,
        6.462839150428772,
        6.521707487106323,
        6.2070694923400875,
        6.335390496253967,
        6.572070586681366,
        6.756104159355163,
        6.550145608186722,
        5.842358094453812,
        6.297292995452881,
        6.607089471817017,
        6.238488805294037,
        5.90345116853714,
        6.269112682342529,
        6.11201045513153,
        5.732776212692261,
        3.2255043044686316,
        2.5480962067842485,
        3.718865121901035,
        2.794542996585369,
        2.899678660929203
      ],
      "mean_P1": [
        0.9999764293432236,
        0.26410653740167617,
        0.14528285171836613,
        0.20933457277715206,
        0.1478649008087814,
        0.17527899211272596,
        0.1449341827072203,
        0.18821670804172755,
        0.15800077226012946,
        0.15176918935030698,
        0.1563011615537107,
        0.1725681196898222,
        0.2491404906846583,
        0.20807854840531945,
        0.185588348377496,
        0.22089591845870019,
        0.2198438595980406,
        0.17050255704671144,
        0.1765545355156064,
        0.21526557877659797,
        0.4796777667477727,
        0.4891434520483017,
        0.3631663851439953,
        0.4444328539073467,
        0.41199382916092875
      ]
    },
    "1.5B": {
      "model": "1.5B",
      "n_layers": 28,
      "freq_T": [
        0.0,
        0.034482758620689655,
        0.06896551724137931,
        0.10344827586206896,
        0.13793103448275862,
        0.1724137931034483,
        0.20689655172413793,
        0.24137931034482757,
        0.27586206896551724,
        0.3103448275862069,
        0.3448275862068966,
        0.3793103448275862,
        0.41379310344827586,
        0.4482758620689655,
        0.48275862068965514
      ],
      "psd_T": [
        2.44818901620314e-31,
        67.30460997352046,
        12.036881699637714,
        0.29964742898251395,
        0.6859049299451802,
        0.9942028122684097,
        1.127003147187972,
        0.7247213455082762,
        1.518150879863436,
        1.2774628179793004,
        1.9256650803204738,
        0.7769072987723703,
        1.0179574429515572,
        1.2855263694557824,
        0.8076338209570225
      ],
      "freq_P1": [
        0.0,
        0.034482758620689655,
        0.06896551724137931,
        0.10344827586206896,
        0.13793103448275862,
        0.1724137931034483,
        0.20689655172413793,
        0.24137931034482757,
        0.27586206896551724,
        0.3103448275862069,
        0.3448275862068966,
        0.3793103448275862,
        0.41379310344827586,
        0.4482758620689655,
        0.48275862068965514
      ],
      "psd_P1": [
        6.800525045008722e-33,
        0.6326157422442238,
        0.1143023498470997,
        0.00015550071031093522,
        0.01789590941244075,
        0.03574706254454072,
        0.03750698402186828,
        0.026710685017156746,
        0.037514022678583135,
        0.033683188517696444,
        0.05186386127170223,
        0.02798279763611161,
        0.031293631745788406,
        0.036999495628234555,
        0.020419258824375987
      ],
      "freq_U": [
        0.0,
        0.034482758620689655,
        0.06896551724137931,
        0.10344827586206896,
        0.13793103448275862,
        0.1724137931034483,
        0.20689655172413793,
        0.24137931034482757,
        0.27586206896551724,
        0.3103448275862069,
        0.3448275862068966,
        0.3793103448275862,
        0.41379310344827586,
        0.4482758620689655,
        0.48275862068965514
      ],
      "psd_U": [
        1.740934411522233e-30,
        50844.6893709358,
        32985.49865430014,
        16116.501577171706,
        9372.160109615936,
        5816.1995009963175,
        3062.5402941851466,
        2502.6310218252033,
        1731.7680083368184,
        1232.2286086948427,
        1050.558470784596,
        773.6826761797103,
        561.6694209147007,
        295.733419650927,
        147.8636677007038
      ],
      "alpha_T": -1.1495195416113204,
      "r_alpha": -0.6568066677383516,