{
  "experiment": "Hallucination Detection via Thermodynamics",
  "results": {
    "0.5B": {
      "auroc": 0.984375,
      "feature_importances": {
        "T_final": 0.023851285838021784,
        "T_mean": 0.0050285321778512524,
        "T_var": 0.013550843624644923,
        "U_final": 0.4355017396722476,
        "U_growth": 0.10761272982251828,
        "PR_final": 0.07386463264483166,
        "PR_growth": 0.00026168367570009215,
        "Mach": 0.0009181697106620403,
        "Carnot_eta": 0.00018487562185932614,
        "Entropy_prod": 0.14698193748200736
      },
      "factual_means": {
        "T_final": 2.5064583867788315,
        "T_mean": 5.593175550591559,
        "T_var": 5.589581445044238,
        "U_final": 261.9829406738281,
        "U_growth": 606.0549866941866,
        "PR_final": 14.46505559830135,
        "PR_growth": 0.04966451468951991,
        "Mach": 5.0680579724450965,
        "Carnot_eta": 0.9999955098911381,
        "Entropy_prod": 27.78648080680977
      },
      "halluc_means": {
        "T_final": 3.6066223978996277,
        "T_mean": 5.909727941660041,
        "T_var": 5.497619718314011,
        "U_final": 305.1324119567871,
        "U_growth": 739.8375600277316,
        "PR_final": 5.596202682009993,
        "PR_growth": 0.018832212615866786,
        "Mach": 5.056035915464747,
        "Carnot_eta": 0.9999993389024507,
        "Entropy_prod": 29.485003204905077
      }
    },
    "1.5B": {
      "auroc": 0.84375,
      "feature_importances": {
        "T_final": 0.03639255891594376,
        "T_mean": 0.1768552505313797,
        "T_var": 0.48326904423224903,
        "U_final": 0.18586640273846777,
        "U_growth": 0.036947506080828,
        "PR_final": 1.15828024017692,
        "PR_growth": 0.001631056258252998,
        "Mach": 0.024131619002254686,
        "Carnot_eta": 0.0014412362569927028,
        "Entropy_prod": 0.35578437914386446
      },
      "factual_means": {
        "T_final": 2.3636721605435014,
        "T_mean": 4.338684110050861,
        "T_var": 6.067160574239567,
        "U_final": 169.499361038208,
        "U_growth": 184.61161340214196,
        "PR_final": 6.45167012476313,
        "PR_growth": 0.011311681866631486,
        "Mach": 4.221587421963513,
        "Carnot_eta": 0.9999997224997621,
        "Entropy_prod": 25.210843935153488
      },
      "halluc_means": {
        "T_final": 3.2688777446746826,
        "T_mean": 4.217476754419659,
        "T_var": 4.0531648688409065,
        "U_final": 203.45129013061523,
        "U_growth": 238.72700595973757,
        "PR_final": 6.227893073203714,
        "PR_growth": 0.010662713199930791,
        "Mach": 3.7985015718165083,
        "Carnot_eta": 0.9999996508401019,
        "Entropy_prod": 28.93464042153366
      }
    }
  }
}