{
  "experiment": "Susceptibility Divergence",
  "results": {
    "0.5B": {
      "n_layers": 24,
      "mean_U": [
        0.4463509827852249,
        6.554028129577636,
        8.823684120178223,
        10.440803813934327,
        11.885977172851563,
        14.065776252746582,
        15.610383319854737,
        15.90358362197876,
        16.20370798110962,
        16.91724576950073,
        17.376534080505373,
        17.640114307403564,
        17.259335803985596,
        18.819138526916504,
        19.711728477478026,
        21.7851993560791,
        24.532476806640624,
        29.25971202850342,
        34.23260059356689,
        38.645863723754886,
        45.26786308288574,
        55.628898239135744,
        71.77060470581054,
        76.67776565551758,
        290.7113403320312
      ],
      "mean_T": [
        0.00022888921677979203,
        5.547645473480225,
        6.239210891723633,
        6.6572206020355225,
        6.558599233627319,
        6.773557567596436,
        6.6686114311218265,
        5.915525817871094,
        6.0366370677948,
        6.015463352203369,
        6.684200382232666,
        6.664584541320801,
        5.949141478538513,
        6.264789295196533,
        6.351230907440185,
        6.634518003463745,
        5.838847661018372,
        6.73531141281128,
        6.833335208892822,
        6.10461196899414,
        3.5198147892951965,
        2.448408341407776,
        3.267773675918579,
        2.7281434893608094,
        3.084383153915405
      ],
      "Cv": [
        1.1009948602234558,
        3.2819107646613763,
        3.868617531754278,
        14.6537548833791,
        10.140565567502932,
        14.718093671622263,
        0.3893319656690935,
        2.4780881984119927,
        33.69922417772963,
        0.686799579476735,
        13.437110755663145,
        0.5322275429398359,
        4.941591991497379,
        10.3259289987048,
        7.319326957372729,
        3.452783526049469,
        5.273202862255645,
        50.73144240329878,
        6.05615807010847,
        2.561902887832047,
        9.670499161807083,
        19.700255535355428,
        9.093562724889749,
        600.8134297569544
      ],
      "Cv_peak": 23,
      "chi": {
        "0.01": [
          0.3338995542514891,
          0.4069058556397275,
          0.35094722754483376,
          0.24787172427261026,
          0.31247377083156114,
          0.3596325182714269,
          0.26144072152003794,
          0.16378447249660047,
          0.30801236321473724,
          0.2195182420713276,
          0.3269620207038448,
          0.3446008230558381,
          0.1584514959702641,
          0.40078058438063713,
          0.17148330636202547,
          0.1966933886409,
          0.3063543110252783,
          0.24866819133045676,
          0.24174853917606626,
          0.17935335456785562,
          0.16418710186803195,
          0.17826095045165868,
          0.19350513622374688,
          0.2088059464078054
        ],
        "0.05": [
          0.3814225189209928,
          0.2145431931496337,
          0.25180917927924906,
          0.27088665908041903,
          0.22926697089118225,
          0.19025739989376192,
          0.25256383368524093,
          0.29799932181839955,
          0.35495260286866226,
          0.4192061117848025,
          0.17253991926971202,
          0.25676369615700484,
          0.3166841560228969,
          0.22372224882204098,
          0.2325667734263154,
          0.23092609597750938,
          0.29640763938750087,
          0.20076215227028965,
          0.087697803798756,
          0.057189136629167255,
          0.10992145516345786,
          0.06604334698819833,
          0.05989384639205312,
          0.20564851123688108
        ],
        "0.1": [
          0.5648395413472393,
          0.3775593038598064,
          0.24503280197912644,
          0.21029764392803854,
          0.27309441539157847,
          0.28918313951184227,
          0.18387022596092042,
          0.2479206321144451,
          0.3972095694146114,
          0.20800630727471311,
          0.30406041412941887,
          0.2673100081393291,
          0.2301248011671988,
          0.19570088366965555,
          0.1637572495491868,
          0.09537608911990253,
          0.15696886166134472,
          0.1465702502453899,
          0.12491784977342046,
          0.17030784470693522,
          0.06665594869146936,
          0.08545429996051279,
          0.06644543998749437,
          0.10255463411089294
        ]
      },
      "chi_peak": 9
    },
    "1.5B": {
      "n_layers": 28,
      "mean_U": [
        1.0008127689361572,
        21.18948268890381,
        27.648726844787596,
        34.66110095977783,
        41.53827018737793,
        46.557752227783205,
        46.370212936401366,
        49.61117935180664,
        53.10600814819336,
        55.21245155334473,
        60.25232849121094,
        60.822815322875975,
        59.348904037475585,
        58.93699226379395,
        61.065358352661136,
        63.5330078125,
        66.89463310241699,
        66.84242172241211,
        71.71439971923829,
        79.76124877929688,
        90.4999771118164,
        99.05471420288086,
        115.25598526000977,
        137.57589569091797,
        160.8910919189453,
        204.97803955078126,
        228.1993850708008,
        279.75989685058596,
        202.31078186035157
      ],
      "mean_T": [
        2.6564549927572696e-05,
        4.407699632644653,
        4.760327136516571,
        4.356185567378998,
        4.407612931728363,
        5.426617312431335,
        4.829041814804077,
        5.549949598312378,
        5.136515831947326,
        5.600889110565186,
        5.625388860702515,
        6.105757141113282,
        5.813477945327759,
        5.721515846252442,
        5.685834693908691,
        5.871922540664673,
        6.4068324089050295,
        6.042764019966126,
        5.309360241889953,
        5.800205945968628,
        5.284921026229858,
        4.785414385795593,
        3.0053889036178587,
        2.2604886099696158,
        1.5271018229424953,
        1.4582085371017457,
        1.295731545239687,
        1.8447778522968292,
        2.943965661525726
      ],
      "Cv": [
        4.580346502127135,
        18.31747122660612,
        17.35128145801595,
        133.72587365902962,
        4.925868951556934,
        0.31383363629614147,
        4.4956740508932995,
        8.45317697950407,
        4.536099517657203,
        205.71136071250228,
        1.1876030431843005,
        5.042819696554664,
        4.47914714674227,
        59.64958946288005,
        13.26066963994009,
        6.284470505237476,
        0.14341091287010635,
        6.64296822905126,
        16.393846361888116,
        20.84036990246806,
        17.126373102121462,
        9.101707374047143,
        29.963621468846036,
        31.7911321017093,
        639.9309757665676,
        142.92082376644564,
        93.9092224409024,
        70.46031109512263
      ],
      "Cv_peak": 24,
      "chi": {
        "0.01": [
          0.2086009064318285,
          0.22984534272184076,
          0.1990693787694991,
          0.2636809620715186,
          0.27982279378494773,
          0.21016016392356013,
          0.11687159421397449,
          0.1407209024662346,
          0.18519684487158808,
          0.22719353210230175,
          0.17707660617181512,
          0.19912168184476645,
          0.15293314900052996,
          0.10793432485411318,
          0.126640795394969,
          0.14915764182659985,
          0.2141796031037942,
          0.1586052759522468,
          0.12693196408178511,
          0.1630915685080156,
          0.09597480201113821,
          0.08853390724339932,
          0.19077509450872246,
          0.06508126789815279,
          0.12374907608260813,
          0.10800272118330896,
          0.11891260624228567,
          0.10675519598063529
        ],