{
  "experiment": "Calabi-Yau",
  "results": {
    "0.5B": {
      "d_large": 2.0,
      "d_compact": 23.0,
      "compact_frac": 0.92,
      "euler": 2.8,
      "h11_mean": 5.632091,
      "h21_mean": 3.96863,
      "avg_ricci": 3.616948,
      "ricci_profile": [
        0.050723,
        0.052948,
        0.07437,
        0.095215,
        0.107556,
        0.130876,
        0.135579,
        0.10835,
        0.07926,
        0.063881,
        0.071558,
        0.078651,
        0.065476,
        0.100487,
        0.162903,
        0.212071,
        0.207813,
        0.194132,
        0.262584,
        0.626641,
        1.223144,
        1.589741,
        77.495842
      ],
      "ricci_flat": false
    },
    "1.5B": {
      "d_large": 3.0,
      "d_compact": 26.0,
      "compact_frac": 0.8966,
      "euler": 6.0,
      "h11_mean": 3.733503,
      "h21_mean": 12.800315,
      "avg_ricci": 4.068138,
      "ricci_profile": [
        0.388402,
        0.328141,
        0.341935,
        0.455839,
        0.554831,
        0.534826,
        0.613837,
        0.634202,
        0.607515,
        0.545583,
        0.574284,
        0.440137,
        0.40134,
        0.398932,
        0.344802,
        0.368306,
        0.37981,
        0.528762,
        0.77004,
        0.978482,
        1.607716,
        1.899703,
        1.869549,
        2.669852,
        4.101571,
        4.88526,
        82.616069
      ],
      "ricci_flat": false
    }
  }
}