{
  "experiment": "Thermodynamic Decoding",
  "summary": {
    "mean_kT": 12.782197708166766,
    "mean_adaptive_temp": 0.8276169124208826
  }
}