{
  "experiment": "Order Parameter Identification",
  "results": {
    "0.5B": {
      "profiles": {
        "P1": [
          0.9999721725781758,
          0.28518099412322045,
          0.19618192662795383,
          0.20536117951075236,
          0.14440832088390987,
          0.14162480272352695,
          0.09395847395062447,
          0.174021860708793,
          0.15380979428688685,
          0.18232741033037503,
          0.16130955393115678,
          0.1770079952975114,
          0.24168231425186,
          0.2125628549605608,
          0.20050845829149086,
          0.19502743693689506,
          0.23641944130261738,
          0.16577476573487124,
          0.14913882066806158,
          0.23169071649511655,
          0.48687570517261824,
          0.5044846256573995,
          0.366112494468689,
          0.40000627835591634,
          0.3909754107395808
        ],
        "cos": [
          0.0,
          0.09650233859817187,
          0.8190401713053386,
          0.8691537499427795,
          0.8540261665980021,
          0.8486905495325724,
          0.8214037617047628,
          0.8400615334510804,
          0.8844217856725057,
          0.9193175276120503,
          0.954512095451355,
          0.9587807655334473,
          0.9543054421742757,
          0.9575687408447265,
          0.9640833576520283,
          0.9446340560913086,
          0.9406575957934061,
          0.9509104371070862,
          0.9574767510096233,
          0.9673103451728821,
          0.9552101095517477,
          0.9410643458366394,
          0.9391273578008016,
          0.9565687656402588,
          0.40247704784075417
        ],
        "PR": [
          293.6041028544104,
          81.71076928479388,
          35.93781904770583,
          55.28031440827449,
          32.67201839102534,
          26.78786916082403,
          55.40363954610902,
          49.41542902702947,
          45.29402048691067,
          32.79270574590186,
          24.211931662866547,
          23.448134513521342,
          29.579883596228267,
          18.56082005117123,
          17.578429629408486,
          18.00171545464601,
          17.695233319097643,
          11.908554842159004,
          9.922133560757198,
          8.531759804990227,
          7.154553241832779,
          7.349691294970417,
          3.53924056584058,
          4.426472295504923,
          9.012889132869436
        ],
        "T": [
          0.00029223098479749923,
          4.97485564549764,
          6.054199091593424,
          5.9286600112915036,
          6.452806711196899,
          6.713807201385498,
          6.870805486043294,
          6.225587050120036,
          6.315786584218343,
          6.237208906809489,
          6.678454303741455,
          6.424417153994242,
          5.794420313835144,
          6.180474503835042,
          6.478911018371582,
          6.557492955525716,
          5.919400421778361,
          6.672818819681804,
          6.6988325119018555,
          5.88572260538737,
          3.3781972150007884,
          2.4764817078908283,
          3.7159934838612876,
          3.050206931432088,
          3.1340720653533936
        ],
        "S": [
          6.055852603912354,
          5.364224370320638,
          5.034749825795491,
          5.238227208455403,
          5.0767721176147464,
          5.036489613850912,
          5.335204728444418,
          5.182018979390462,
          5.087327067057291,
          4.85026273727417,
          4.642732810974121,
          4.5903746604919435,
          4.724775536855062,
          4.421331834793091,
          4.352652231852214,
          4.455987675984701,
          4.469908396402995,
          4.273215246200562,
          4.111553541819254,
          4.059098513921102,
          3.9653826077779133,
          4.074312575658163,
          3.2282705148061117,
          3.5683950106302897,
          3.6473605314890545
        ]
      },
      "n_hs": 25,
      "scores": {
        "P1": {
          "name": "P1",
          "score": 0.7889408068099214,
          "L0": 0,
          "jump": 0.7147911784549554,
          "range": 0.9060136986275513,
          "max_val": 0.9999721725781758,
          "min_val": 0.09395847395062447
        },
        "cos": {
          "name": "cos",
          "score": 0.7469555517917427,
          "L0": 1,
          "jump": 0.7225378327071668,
          "range": 0.9673103451728821,
          "max_val": 0.9673103451728821,
          "min_val": 0.0
        },
        "PR": {
          "name": "PR",
          "score": 0.7305032808790962,
          "L0": 0,
          "jump": 211.89333356961654,
          "range": 290.0648622885698,
          "max_val": 293.6041028544104,
          "min_val": 3.53924056584058
        },
        "T": {
          "name": "T",
          "score": 0.7240453849321747,
          "L0": 0,
          "jump": 4.974563414512843,
          "range": 6.870513255058497,
          "max_val": 6.870805486043294,
          "min_val": 0.00029223098479749923
        },
        "S": {
          "name": "S",
          "score": 0.29921043285769,
          "L0": 21,
          "jump": 0.8460420608520511,
          "range": 2.827582089106242,
          "max_val": 6.055852603912354,
          "min_val": 3.2282705148061117
        }
      },
      "best_op": "P1"
    },
    "1.5B": {
      "profiles": {
        "P1": [
          0.9999968846638997,
          0.3053967448572318,
          0.2935786878069242,
          0.2829164654016495,
          0.25607906381289164,
          0.1926385986308257,
          0.24072067538897196,
          0.17067418346802393,
          0.21005726233124733,
          0.16767343766987325,
          0.18072219900786876,
          0.18920259959995747,
          0.17835879723231,
          0.18726725429296492,
          0.19863890608151755,
          0.19102483304838339,
          0.15495235919952394,
          0.19562290385365486,
          0.26271059264739355,
          0.1613619064291318,
          0.2372351503620545,
          0.22667992661396663,
          0.40798228085041044,
          0.5279284238815307,
          0.5990261773268382,
          0.6020584444204966,
          0.6501218597094218,
          0.47356075247128804,
          0.36443421194950737
        ],
        "cos": [
          0.0,
          0.06823841743171215,
          0.8422705491383871,
          0.8614646832148234,
          0.879045577843984,
          0.8794373353322347,
          0.8895743091901144,
          0.8737093925476074,
          0.8772808273633321,
          0.8990265528361002,
          0.9192830959955851,
          0.9382169882456461,
          0.942443044980367,
          0.960573657353719,
          0.9592649936676025,
          0.9656195163726806,
          0.9695642868677775,
          0.9713211258252462,
          0.9660188436508179,
          0.9582672516504923,
          0.9519249399503072,
          0.9594247221946717,
          0.9498552083969116,
          0.9586384177207947,
          0.9689919630686442,
          0.9627622207005818,
          0.9763622283935547,
          0.9686296025911967,
          0.3911808709303538
        ],