{
  "experiment": "Critical Opalescence",
  "n_prompts": 30,
  "results": {
    "0.5B": {
      "n_layers": 25,
      "L0_variance_peak": 19,
      "L0_susceptibility_peak": 20,
      "gamma": 0.6449,
      "gamma_R2": 0.589,
      "chi_peak": 1.906404,
      "var_T": [
        5.882145230765758e-07,
        2.029183038798332,
        1.1578092421439217,
        1.3480155888613263,
        0.7215119768261,
        1.5910309887171288,
        2.1939551925456486,
        2.058346145577561,
        1.0503432607686607,
        2.0967057769185473,
        1.097255630815759,
        0.5720370076142494,
        0.943947969444031,
        0.6974039153280704,
        0.846792988123102,
        1.4416563111357925,
        3.777467864644722,
        3.989712102112594,
        3.9314048960602643,
        4.223687923471953,
        4.085114452350009,
        3.277798012524814,
        3.5092401032783225,
        1.9523767190403363,
        0.6238304992875121
      ],
      "var_P1": [
        6.871653192143234e-09,
        0.03971483915344917,
        0.017363543864431046,
        0.020468923696967515,
        0.006624943920623336,
        0.01889446168677546,
        0.03091601633513778,
        0.02829656423219946,
        0.011960155030408242,
        0.03527100048446007,
        0.017311688224243556,
        0.00455398979202224,
        0.012656108057302199,
        0.01280998270099189,
        0.008434569613242763,
        0.023907009440576277,
        0.045808026100412576,
        0.04459961159335182,
        0.03921974125697527,
        0.047177410491271395,
        0.06354679116986255,
        0.06237444596926881,
        0.056179437788033554,
        0.0473018252191817,
        0.031077119454750994
      ],
      "var_U": [
        0.0009613053732830442,
        0.8906306301481904,
        0.4279339766421304,
        0.5757949178745638,
        0.29827948757481254,
        1.2319865442146893,
        1.4350053902136843,
        0.920323350148218,
        0.8448337893235384,
        0.8848603268598244,
        1.017425550216145,
        0.9734321651687261,
        0.8392530490341111,
        0.7685184043305071,
        0.8066081273237755,
        1.183947967486747,
        1.6923158491244572,
        1.8692238729764683,
        2.7008372578017106,
        3.6050485850153517,
        4.753525094446313,
        7.992300811615375,
        12.62471304475983,
        12.413873656386988,
        184.8915768404669
      ],
      "mean_T": [
        0.000327130616116251,
        5.723513193925222,
        6.62671517531077,
        6.5422805388768515,
        6.918883689244589,
        6.863472525278727,
        6.451113605499268,
        6.560850191116333,
        6.4664192279179895,
        6.471182417869568,
        6.874714891115825,
        7.0009104410807295,
        6.567275619506836,
        7.040684747695923,
        7.126425822575887,
        6.557611425717671,
        5.70356730222702,
        5.961911916732788,
        5.796041357517242,
        6.021700006723404,
        3.191174242893855,
        2.5139062176148097,
        3.320051372051239,
        2.751128077507019,
        2.7795726458231607
      ],
      "chi": [
        2.06149595764297e-07,
        1.191445174603475,
        0.5209063159329314,
        0.6140677109090255,
        0.19874831761870007,
        0.5668338506032639,
        0.9274804900541334,
        0.8488969269659838,
        0.3588046509122473,
        1.0581300145338022,
        0.5193506467273067,
        0.1366196937606672,
        0.379683241719066,
        0.3842994810297567,
        0.2530370883972829,
        0.7172102832172883,
        1.3742407830123773,
        1.3379883478005548,
        1.1765922377092581,
        1.4153223147381417,
        1.9064037350958765,
        1.8712333790780644,
        1.6853831336410066,
        1.419054756575451,
        0.9323135836425298
      ]
    },
    "1.5B": {
      "n_layers": 29,
      "L0_variance_peak": 20,
      "L0_susceptibility_peak": 1,
      "gamma": 0.1598,
      "gamma_R2": 0.1328,
      "chi_peak": 2.463914,
      "var_T": [
        2.995350950491975e-08,
        3.78278862504478,
        2.4121463312506966,
        2.138585041204266,
        3.454228673465927,
        3.3115339022489523,
        3.3931368842507843,
        2.4848758832933675,
        2.3563016270766677,
        3.1741994753079648,
        2.0449497776503613,
        2.7290400948581213,
        2.7570429523926996,
        3.0212572468968966,
        3.035936886221714,
        2.214140608073774,
        2.9734743938044965,
        3.069332698799449,
        2.8480343296203947,
        2.4837223014559817,
        3.849992088922151,
        3.6208186164005154,
        2.7697744968861016,
        2.1119219720616758,
        1.3062340885780797,
        1.5201668493663891,
        1.6402654752720527,
        1.0392346302948772,
        0.9229126668995687
      ],
      "var_P1": [
        2.629032754460543e-10,
        0.08213045154401404,
        0.04505088233317746,
        0.04366205680221104,
        0.058961370615465726,
        0.06639262110297875,
        0.0739043043488697,
        0.0480770738251081,
        0.048255512216401994,
        0.05728952713850783,
        0.023991222990561153,
        0.042815732763047246,
        0.0415557711477488,
        0.044801069320548725,
        0.051525709530565726,
        0.03343134119283845,
        0.0416470654713516,
        0.054435281258564845,
        0.04601303866487474,
        0.031826690338314624,
        0.056887597937644994,
        0.07476790822367334,
        0.06388523170545456,
        0.06608626576461035,
        0.052926399553708856,
        0.05878937906137141,
        0.07534954375428168,
        0.0525597094129717,
        0.0316033448850908
      ],
      "var_U": [
        0.006951617056324422,
        3.001338757539751,
        9.16222541148511,
        9.438047220863686,
        5.009444514496846,
        9.415286950086479,
        7.946573480030136,
        8.793477970660252,
        13.660141233220687,
        14.500277433097105,
        14.21856113217299,
        10.53891804821584,
        11.666819389586788,
        10.718949977267267,
        9.404972316296659,
        8.409257370394917,
        13.209118234914042,
        6.7031932869906035,
        9.15500763491624,
        15.154295947361582,
        24.239994430362454,
        21.989828034043832,
        47.18686148038574,
        79.22975647676398,
        114.42089469436169,
        128.57842359233854,
        282.2601532497805,
        634.0983136062149,
        210.52002208964095
      ],
      "mean_T": [
        6.311304006022748e-05,
        3.446982508401076,
        4.306197615464528,
        4.159995524088542,
        4.129749524593353,
        4.908760877450307,
        4.941255684693655,
        4.9698097983996075,
        5.003962937990824,
        5.033355488379796,
        5.5552238583564755,
        5.457306869824728,
        5.415622895956039,
        5.198621801535288,
        5.107708070675532,
        5.363016565640767,
        5.659746185938517,
        5.156102037429809,
        4.961826578776042,
        5.107296601931254,
        4.256414860486984,
        3.3904635697603225,
        2.9077598304798205,
        2.3364804461598396,
        1.5412083168824513,
        1.6863698473200202,
        1.6993542821456988,
        2.0732041776180266,
        3.006028238932292
      ],