{
  "experiment": "Jarzynski Equality",
  "results": {
    "0.5B": {
      "model": "0.5B",
      "n_layers": 24,
      "jarzynski_lhs": [
        0.28757278137370157,
        0.6929579592265644,
        0.7636115149102964,
        0.8252044526630737,
        0.7478545751487105,
        0.8029983221989998,
        0.9363472969985265,
        0.9283148768816979,
        0.8789207023608501,
        0.9252594448816227,
        0.972169150478725,
        1.0786666960918303,
        0.7802180267127634,
        0.865013883321866,
        0.7480823172677942,
        0.6354078212228089,
        0.46629374321552264,
        0.4619619047447595,
        0.4642758321977406,
        0.15456440951272069,
        0.022410951693882734,
        0.016200832877291543,
        0.2213834351775223,
        1.96297550908455e-30
      ],
      "jarzynski_rhs": [
        84.39573284453448,
        4.488542028585218,
        0.5451707858279159,
        1.6502172322599689,
        1.2413260497263319,
        0.9623699930649448,
        0.4296623254091426,
        0.9943836879979119,
        0.9945356716156096,
        1.6147845679278428,
        0.6125185341680909,
        0.30907772098488834,
        1.9236819524844144,
        1.2660915695547037,
        0.4618996343412884,
        0.211250478923669,
        1.017096239219521,
        0.38687665462875537,
        0.1921281766444416,
        0.0004825900970182346,
        0.0008245201030077806,
        0.1514378960816529,
        0.026302012214631975,
        6.161098065370137e-32
      ],
      "jarzynski_ratio": [
        0.003407432718232803,
        0.15438375196521972,
        1.400683115751789,
        0.5000580751013962,
        0.6024642561183549,
        0.8343966748605909,
        2.1792632065352646,
        0.9335580300505163,
        0.8837498014858083,
        0.5729924989739983,
        1.5871669120985925,
        3.4899529239914684,
        0.4055857704050923,
        0.6832158937967651,
        1.619577634727139,
        3.007840855368666,
        0.4584558719569525,
        1.1940805918828457,
        2.416490076085737,
        320.2809391815607,
        27.180600705949377,
        0.10698004460228576,
        8.416977125969293,
        31.860806113733258
      ],
      "global_lhs": 3.8691899197917184e-41,
      "global_rhs": 3.392145031547375e-41,
      "global_ratio": 1.1406322205588988,
      "W_forward": [
        6.261800889670849,
        2.2771512269973755,
        1.6162374019622803,
        1.2669900417327882,
        1.9739587306976318,
        1.551063632965088,
        0.4859584331512451,
        0.49593410491943357,
        0.8420347213745117,
        0.5438677310943604,
        0.20522093772888184,
        -0.42137346267700193,
        1.5768760204315186,
        0.9823356628417969,
        1.8422983169555665,
        2.6528267860412598,
        4.833670711517334,
        4.723405933380127,
        4.381721782684326,
        6.330589675903321,
        9.852807998657227,
        15.884943771362305,
        4.9282989501953125,
        216.1067222595215
      ],
      "crooks_asymmetry": [
        222.36852314919233,
        7.205450177192688,
        17.501181173324586,
        11.119798040390014,
        8.304548406600953,
        5.932785415649414,
        5.209364366531371,
        5.329604816436767,
        3.4948615074157714,
        2.386166048049927,
        1.1875566005706788,
        1.1555025577545166,
        1.1555025577545166,
        1.1875566005706788,
        2.386166048049927,
        3.4948615074157714,
        5.329604816436767,
        5.209364366531371,
        5.932785415649414,
        8.304548406600953,
        11.119798040390014,
        17.501181173324586,
        7.205450177192688,
        222.36852314919233
      ],
      "dF_total": 281.6056461613869,
      "T_final": 3.022021543979645
    },
    "1.5B": {
      "model": "1.5B",
      "n_layers": 28,
      "jarzynski_lhs": [
        0.00965753785344185,
        0.2775336216791259,
        0.36490849433977535,
        0.37177029951151763,
        0.39353845829191825,
        0.9857709013399967,
        0.6096603513473595,
        0.6074226519917456,
        0.691963118221133,
        0.4042021781823248,
        1.108664354708356,
        1.361278142716893,
        1.188200944709233,
        0.7874634151148957,
        0.6195117207895742,
        0.6765890343381964,
        1.080213093976924,
        0.4218516167791705,
        0.29619552027268886,
        0.125625244142001,
        0.19268449098965615,
        0.0038783955895413114,
        5.6811828621105564e-05,
        1.7105880161307267e-06,
        2.095249257747744e-11,
        3.914261233681946e-06,
        3.354353720825978e-10,
        85883318781668.27
      ],
      "jarzynski_rhs": [
        1.5914778677713328,
        0.44845675044447086,
        0.204556915936316,
        0.4545420934695207,
        1.0186435937283111,
        0.3638091907612939,
        1.3776717573164383,
        0.6563280853598215,
        0.7674319383831777,
        0.5629465226361117,
        1.141740290275997,
        0.7794679835003371,
        1.0366248387457266,
        0.6651410347957204,
        1.2646934912874686,
        1.5159013674911528,
        0.4935830126540982,
        0.17398753141079004,
        0.2660559782934829,
        0.03513105348353763,
        0.025900410849210905,
        5.609098311958944e-05,
        6.001329786848598e-06,
        1.5252524259730916e-07,
        4.2095084537027195e-12,
        5.304998171143506e-07,
        1.2673919653822926e-10,
        38665657943.18782
      ],
      "jarzynski_ratio": [
        0.00606828285143923,
        0.618863739711932,
        1.7838971254991987,
        0.8179007067833789,
        0.3863357711322154,
        2.7095821831141986,
        0.4425294690913274,
        0.9254863010452093,
        0.9016605689866881,
        0.7180116794923358,
        0.9710302458016564,
        1.7464195727499106,
        1.1462207929986583,
        1.1839044261593983,
        0.4898512762637104,
        0.44632787386290496,
        2.1885135150182626,
        2.424608323128429,
        1.1132827090468889,
        3.575903130854554,
        7.439437625582166,
        69.14472476391316,
        9.466540023446775,
        11.215114213238463,
        4.9774202398969996,
        7.37844030743222,
        2.646658502221276,
        2221.1782586981512
      ],
      "global_lhs": 1.0377490235676215e-22,
      "global_rhs": 1.4392626616264686e-24,
      "global_ratio": 72.10282398314229,
      "W_forward": [
        20.441350254416466,
        6.928350639343262,
        6.594255161285401,
        5.891355705261231,
        5.57540283203125,
        0.7841306686401367,
        3.0117101669311523,
        3.1793453216552736,
        2.4627843856811524,
        5.755912208557129,
        -0.06118087768554688,
        -1.0766908645629882,
        -0.866435432434082,
        1.6123815536499024,
        3.306614112854004,
        2.831060028076172,
        -0.24933242797851562,
        5.027394485473633,
        7.177350234985352,
        11.527919006347656,
        7.71630744934082,
        16.53232192993164,
        22.95197982788086,
        23.180443572998048,
        43.37827377319336,
        23.898333740234374,
        50.63037643432617,
        -76.19529495239257
      ],