{
  "experiment": "Carnot Cycle Decomposition",
  "T_mean": [
    7.337330996169378e-05,
    4.060372976462046,
    4.444814928372701,
    3.9780388673146567,
    4.075503067175547,
    5.051264333724975,
    4.767697525024414,
    5.2016371091206866,
    5.013172912597656,
    5.955668830871582,
    5.874419498443603,
    6.228514003753662,
    6.033842309315999,
    5.981797536214192,
    6.0676407178243,
    6.110519250233968,
    6.584380753835043,
    6.291000604629517,
    5.731602176030477,
    5.757343292236328,
    5.075128602981567,
    4.207632953921954,
    2.890961062908173,
    2.2517628222703934,
    1.5873483414451282,
    1.6282616923252742,
    1.5560203194618225,
    1.9192524790763854,
    3.015363876024882
  ],
  "S_mean": [
    6.643142223358154,
    5.798387622833252,
    5.672193082173665,
    5.790240255991618,
    5.797819328308106,
    5.627839152018229,
    5.602254390716553,
    5.3805896759033205,
    5.356616242726644,
    5.1898193359375,
    4.892213853200277,
    4.759918626149496,
    4.822786140441894,
    4.955574862162272,
    4.913589636484782,
    4.699856694539388,
    4.494367885589599,
    4.583054987589518,
    4.530378913879394,
    4.429771741231282,
    4.558258406321207,
    4.6254970073699955,
    4.579133129119873,
    4.291183265050252,
    4.151896588007609,
    3.7922648270924886,
    3.7118558724721273,
    3.329458395640055,
    3.0209944883982343
  ],
  "U_mean": [
    0.9878111879030863,
    21.744294865926108,
    28.791020838419595,
    35.28779665629069,
    41.247805786132815,
    46.82783711751302,
    46.3434326171875,
    50.1848030090332,
    53.23908233642578,
    55.021968332926434,
    60.78528416951497,
    60.761225891113284,
    59.41970596313477,
    58.76123123168945,
    60.623679097493486,
    63.106798044840495,
    66.52473932902018,
    66.52062530517578,
    71.68547668457032,
    79.54569549560547,
    89.75117950439453,
    98.34253285725912,
    114.48984375,
    137.54855651855468,
    161.00430399576823,
    204.150835164388,
    227.6910135904948,
    279.4928365071615,
    203.78270568847657
  ],
  "W_segments": [
    -1.715040367077226,
    -0.5366541404370454,
    0.49714704303135415,
    0.03051918836268371,
    -0.7756847658808854,
    -0.12560789769318298,
    -1.1049248592777263,
    -0.12244203273405532,
    -0.9147844369351548,
    -1.7603495740349193,
    -0.800580167826845,
    0.38545193038519604,
    0.7977707278701933,
    -0.2529491921913907,
    -1.301436978727359,
    -1.304329940786405,
    0.5709401299130005,
    -0.31665175513079485,
    -0.5779351601353307,
    0.6959140942484435,
    0.312079950477832,
    -0.16455917437168102,
    -0.7404233218423795,
    -0.2673685183956256,
    -0.5782177494305892,
    -0.12802239389211062,
    -0.6644677747320724,
    -0.761075520816965
  ],
  "stroke_types": [
    "compression",
    "compression",
    "expansion",
    "heating",
    "compression",
    "cooling",
    "compression",
    "cooling",
    "compression",
    "cooling",
    "compression",
    "expansion",
    "expansion",
    "compression",
    "compression",
    "compression",
    "expansion",
    "cooling",
    "compression",
    "expansion",
    "expansion",
    "adiabatic",
    "cooling",
    "cooling",
    "compression",
    "cooling",
    "compression",
    "compression"
  ],
  "summary": {
    "Q_hot": 3.2898230642887034,
    "Q_cold": 14.913505722349745,
    "W_net": -11.623682658061043,
    "eta_carnot": -3.533224258740155
  }
}