{
  "experiment": "RG Fixed Points",
  "js_mean": [
    0.5709660391012827,
    0.3091592421134313,
    0.2416678567727407,
    0.1824313906331857,
    0.25363281071186067,
    0.22697551051775613,
    0.22840535442034404,
    0.245811195174853,
    0.21907663096984228,
    0.19324145366748174,
    0.14849359939495724,
    0.13474626690149308,
    0.09211227769653002,
    0.10128043840328853,
    0.07565998608867328,
    0.07995282883445422,
    0.0772827756901582,
    0.12574188609917958,
    0.10421080663800239,
    0.16089398463567098,
    0.14237337857484816,
    0.14872488224258026,
    0.09342513624578715,
    0.08100467802335819,
    0.13969026480335742,
    0.050507065979763864,
    0.09744399276872476,
    0.27872015833854674
  ],
  "beta": [
    -0.2618067969878514,
    -0.164649091164271,
    -0.06336392574012281,
    0.005982476969559988,
    0.02227205994228522,
    -0.012613728145758313,
    0.009417842328548434,
    -0.004664361725250879,
    -0.02628487075368563,
    -0.03529151578744252,
    -0.029247593382994333,
    -0.02819066084921361,
    -0.016732914249102275,
    -0.008226145803928372,
    -0.010663804784417155,
    0.0008113948007424654,
    0.02289452863236268,
    0.013464015473922092,
    0.0175760492682457,
    0.019081285968422887,
    -0.006084551196545357,
    -0.02447412116453051,
    -0.03386010210961104,
    0.023132564278785135,
    -0.015248806021797161,
    -0.02112313601731633,
    0.11410654617939144,
    0.18127616556982198
  ],
  "cos_mean": [
    0.07230219307045142,
    0.8385528008143107,
    0.868795923391978,
    0.8837214708328247,
    0.8797776738802592,
    0.8996756831804912,
    0.8794954101244609,
    0.8844317237536112,
    0.9076278368631999,
    0.9223875403404236,
    0.9403683066368103,
    0.9464479009310405,
    0.9609898527463278,
    0.9601256767908732,
    0.9671841621398926,
    0.9694791595141093,
    0.97318989833196,
    0.9661720116933187,
    0.9602275927861531,
    0.9521647294362386,
    0.9585295955340067,
    0.9523246010144552,
    0.9587861776351929,
    0.9697161912918091,
    0.9646234949429829,
    0.9782132188479106,
    0.9690182606379191,
    0.38666314880053204
  ],
  "fixed_layers": [
    14,
    15,
    16,
    23,
    25
  ],
  "beta_zeros": [
    2.5,
    4.5,
    5.5,
    6.5,
    14.5,
    19.5,
    22.5,
    23.5,
    25.5
  ],
  "summary": {
    "n_fixed": 5,
    "n_beta_zeros": 9,
    "mean_js_pre": 0.1863864625257159,
    "mean_js_post": 0.1270737397717312
  }
}