{
  "experiment": "Information Geodesics",
  "hellinger_mean": [
    0.8976436416324207,
    0.6018592026745941,
    0.526989403649907,
    0.4444186838892509,
    0.5162412742361124,
    0.49106392667166154,
    0.5023447680475678,
    0.5177242761188182,
    0.47733445203163355,
    0.4431221048645536,
    0.39058988342173945,
    0.38027816241518264,
    0.30976065362652816,
    0.3366871856017305,
    0.2777723165959866,
    0.2803628356544203,
    0.2702532332674781,
    0.35333865863017344,
    0.31796059266822235,
    0.39315340616752287,
    0.3453909762130843,
    0.34798355344097687,
    0.29463122162535965,
    0.26156263222922416,
    0.32937514422653813,
    0.20297129889992238,
    0.29870373329039357,
    0.535282430975746
  ],
  "js_mean": [
    0.5981516506522894,
    0.31906404104083774,
    0.25470739752054217,
    0.190428570471704,
    0.2449975272640586,
    0.23020539828576148,
    0.23209557319059967,
    0.24602021425962448,
    0.21346487253904342,
    0.18489865139126777,
    0.14389433953911066,
    0.13726847674697637,
    0.09326409511268138,
    0.11063693426549434,
    0.07727643172256649,
    0.07790414271876216,
    0.07244810909032821,
    0.12623387882485987,
    0.10042752185836434,
    0.15011337641626596,
    0.12708297548815609,
    0.13495630818651988,
    0.09871654725284315,
    0.07967033099848778,
    0.12887139636150097,
    0.04694419208681211,
    0.10009133252315223,
    0.26334359562024473
  ],
  "curvature_mean": [
    0.4051368951776385,
    0.3917726605415256,
    0.3516684820101116,
    0.3347697594570485,
    0.3622610536068428,
    0.35847861726376296,
    0.40097083131109396,
    0.3709892587785222,
    0.35523814264821424,
    0.3766948921470102,
    0.370277162647308,
    0.34445335842353897,
    0.37429954840659707,
    0.37037866155806487,
    0.34058793790273933,
    0.35348526993246976,
    0.3249626566683732,
    0.3049057563329844,
    0.32636375725717903,
    0.2901125344003471,
    0.29458797728372277,
    0.284683011800591,
    0.3042427121282084,
    0.3413996720744232,
    0.3064025253835297,
    0.2626209253577022,
    0.1986642047972562
  ],
  "summary": {
    "geodesic_efficiency_mean": 0.08944539988044893,
    "geodesic_efficiency_std": 0.012419130533856595,
    "path_length_mean": 11.34479965276675,
    "geodesic_mean": 0.9967287759182966,
    "detour_ratio": 11.382032832667711,
    "pre_L0_step": 0.4321090303846947,
    "post_L0_step": 0.3243585735268801,
    "pre_L0_curvature": 0.35539036182356865,
    "post_L0_curvature": 0.2846572898322048
  }
}