{
  "experiment": "Carnot Universality",
  "per_model": {
    "Qwen2.5-1.5B": {
      "etas": [
        0.9162503872926833,
        0.6651572304952074,
        0.776973582130364,
        0.8061165433093311,
        0.9112754765698181,
        0.9940291243752299,
        0.6277149874947747,
        0.8175300573368247,
        0.8901416574425471,
        0.9647656692269945,
        0.9049513254108544,
        0.9872933244784582,
        0.6925152380880367,
        0.9914784234590601,
        0.9429946897013052,
        0.930626087301112
      ],
      "mean": 0.8637383627570376,
      "std": 0.11575202023670106
    },
    "Qwen2.5-0.5B": {
      "etas": [
        0.7829242145650781,
        0.7999020828240412,
        0.8655126588676579,
        0.7207115085482678,
        0.8046397292944474,
        0.8925603271183533,
        0.5391345517636132,
        0.7410498943005135,
        0.7401371402968142,
        0.9296416842617476,
        0.6162122573159289,
        0.771547367455305,
        0.6122383864280854,
        0.9435920216145808,
        0.982307999412426,
        0.8977754239681106
      ],
      "mean": 0.7899929530021856,
      "std": 0.12324520658897771
    },
    "TinyLlama-1.1B": {
      "etas": [
        0.5344857009012225,
        0.7640345069937521,
        0.9967891889117528,
        0.5532762392710311,
        0.9496341880431276,
        0.8645228801515132,
        0.6894313905126215,
        0.7992338424133123,
        0.7506850248165557,
        0.9770338484579347,
        0.6944086562199786,
        0.7578555270966402,
        0.6845006412522354,
        0.9539553197600218,
        0.6310991360919267,
        0.9743273194767853
      ],
      "mean": 0.7859545881481508,
      "std": 0.14783260701242165
    }
  },
  "summary": {
    "universal_eta": 0.8132286346357914,
    "cross_model_cv": 0.04396525260408508,
    "is_universal": true
  }
}