{
  "experiment": "Thermodynamic Depth (Bennett's Logical Depth)",
  "by_grade": {
    "trivial": {
      "depth": 23052.29684389426,
      "part_depth": 3.3426722157756497,
      "conf": 0.5186071594556173,
      "eta": -0.4841827884840009
    },
    "simple": {
      "depth": 486.0195331904006,
      "part_depth": 11.898128637390736,
      "conf": 0.4490497559309006,
      "eta": 0.3072223659618873
    },
    "moderate": {
      "depth": 400.7810977642869,
      "part_depth": 14.873094603238776,
      "conf": 0.3258587022622426,
      "eta": 0.12320062469599598
    },
    "complex": {
      "depth": 432.86467430597236,
      "part_depth": 12.827653388388164,
      "conf": 0.3303349105020364,
      "eta": -0.34007095251015196
    },
    "deep": {
      "depth": 418.85246458935654,
      "part_depth": 13.56378986809287,
      "conf": 0.37708451847235364,
      "eta": -0.3924675297198164
    }
  },
  "correlations": {
    "depth_vs_tokens": -0.463034591397118,
    "depth_vs_conf": 0.28467823685205007
  }
}