{
  "experiment": "Correlation Length Divergence",
  "xi": [
    0,
    1,
    1,
    1,
    2,
    2,
    1,
    2,
    4,
    8,
    8,
    9,
    9,
    8,
    7,
    7,
    7,
    6,
    6,
    5,
    5,
    5,
    5,
    4,
    3,
    2,
    1,
    0,
    0
  ],
  "chi_corr": [
    0.17797820791990185,
    0.8784700185060503,
    0.7750785946846013,
    0.7791342238585149,
    0.7361189325650536,
    0.5658487528562545,
    0.5162731210390724,
    0.49054972330729174,
    0.5784862240155537,
    0.7021056463321047,
    0.724643881122271,
    0.8703350375096002,
    1.0020817021528878,
    1.172414849201838,
    1.2898241927226384,
    1.422761912147204,
    1.360211019714674,
    1.4995234857002895,
    5.861360240727662,
    6.9077491723001,
    6.161921317378679,
    5.386896102378765,
    4.661965858191252,
    3.928788349032402,
    3.0762909650802612,
    2.2082798331975937,
    1.2910129353404045,
    0.3859538858135541,
    0.0
  ],
  "C1": [
    0.07045680905381839,
    0.8436070034901301,
    0.8568701644738516,
    0.8810235957304636,
    0.8819850583871206,
    0.8963153014580408,
    0.8766171882549921,
    0.8834373156229655,
    0.9057473689317703,
    0.9230135480562845,
    0.9406634022792181,
    0.9465610484282175,
    0.9626504530509313,
    0.9617446412642797,
    0.9690257906913757,
    0.9706569264332453,
    0.9734083612759908,
    0.9659662842750549,
    0.9584931681553522,
    0.9511661330858866,
    0.958766887585322,
    0.9523035188515981,
    0.9585904330015182,
    0.96920112768809,
    0.9627165645360947,
    0.9776758899291357,
    0.9686488459507624,
    0.3859538858135541,
    0.0
  ],
  "summary": {
    "xi_peak": 11,
    "chi_peak": 19,
    "pre_xi": 4.714285714285714,
    "post_xi": 2.5
  }
}