{
  "experiment": "Specific Heat Lambda Transition",
  "C_dUdT": [
    4.812099468410962,
    18.046454956005384,
    -15.383368636211454,
    32.140820622952084,
    6.95839782560097,
    1.2183666632045458,
    5.667754860244445,
    -6.483342209718234,
    2.6653955587627096,
    26.69937509904006,
    -0.2718938300636686,
    3.921378112564598,
    3.956169742123568,
    -10.59982963302165,
    8.780491988461261,
    6.366274620920056,
    0.28108247528151264,
    -6.237640997391304,
    -112.63140053938533,
    -19.892602522192707,
    -11.23553736744512,
    -13.893792846640256,
    -47.425057074915465,
    -36.43324044639318,
    273.63937763771156,
    -143.88039883200022,
    102.36737239035658,
    -66.91935439485333
  ],
  "C_fluct": [
    83248.27437418494,
    0.2082780427850269,
    0.3654618667033066,
    0.6253347862797539,
    0.19684564926249173,
    0.15469810431339323,
    0.20585096584260743,
    0.3234259798359343,
    0.20955118782239346,
    0.20994380978204039,
    0.3527607953529858,
    0.3171356077533006,
    0.21768458968868182,
    0.23949458112969232,
    0.2362870239501982,
    0.4170998513562461,
    0.22535568659062108,
    0.14814044051294367,
    0.23623013406455262,
    0.3212805787675383,
    0.9494292231776982,
    0.7986968319483837,
    3.31840432651525,
    5.714419027916294,
    18.848960173265827,
    17.1632030515674,
    29.99045067866716,
    34.990171681601616,
    14.51742782921848
  ],
  "U_profile": [
    0.9926885105669498,
    22.14940059185028,
    28.511128425598145,
    35.18120086193085,
    41.48489260673523,
    47.12468671798706,
    46.505030393600464,
    49.57874870300293,
    52.91265630722046,
    55.09631824493408,
    60.685078620910645,
    60.59161448478699,
    59.648627281188965,
    59.01157259941101,
    61.06457591056824,
    63.273624420166016,
    66.90555763244629,
    66.75141787528992,
    71.99958848953247,
    80.01065301895142,
    91.00746583938599,
    99.80659818649292,
    116.41412734985352,
    138.95813655853271,
    161.76215839385986,
    204.95925617218018,
    230.0259428024292,
    283.04718589782715,
    203.55492210388184
  ],
  "T_profile": [
    0.00014975765551217528,
    4.396715585142374,
    4.749235115945339,
    4.315645270049572,
    4.51177255064249,
    5.322274371981621,
    4.813678443431854,
    5.355995178222656,
    4.841768488287926,
    5.6610322296619415,
    5.870353996753693,
    6.214106321334839,
    5.973632901906967,
    5.812604755163193,
    5.618922084569931,
    5.870508044958115,
    6.441003888845444,
    5.892624780535698,
    5.051253721117973,
    4.980127334594727,
    4.427318178117275,
    3.6441662861034274,
    2.448846235871315,
    1.9734855173155665,
    1.3475729837082326,
    1.505434392951429,
    1.3312154803425074,
    1.8491660915315151,
    3.037047602236271
  ],
  "summary": {
    "C_peak_layer": 25,
    "C_fluct_peak": 27,
    "is_lambda": "False",
    "max_C": 273.63937763771156
  }
}