{
  "experiment": "Equation of State",
  "avg_kT": [
    53.55988635662832,
    29.006710249042527,
    31.082651697001868,
    29.19461245688752,
    29.136050015708367,
    33.485265149388404,
    30.518541109736436,
    33.61837016402797,
    31.3569085427925,
    33.461319323055044,
    34.07146961286427,
    34.66773193067865,
    33.23647494229413,
    32.74116129745803,
    33.03925881365158,
    32.91606397330448,
    35.13003891632547,
    34.116876234231334,
    31.56672749316687,
    31.205979567536076,
    29.6466006447753,
    26.242762926404726,
    22.934053580001038,
    19.934389937875068,
    16.91385808144438,
    16.54582128570439,
    16.675353092676414,
    17.220445891734165,
    23.139782915199593
  ],
  "avg_S": [
    0.00017090365110316842,
    4.315400826079505,
    4.707243229661669,
    4.359427869319916,
    4.360167954649244,
    5.2548786742346625,
    4.807334389005389,
    5.48805478640965,
    4.978688205991473,
    5.8278321879250665,
    5.880119323730469,
    6.2050065994262695,
    5.914831808635166,
    5.736289364950998,
    5.718992812292917,
    5.876449142183576,
    6.428876434053693,
    5.899364760943821,
    5.2075163296290805,
    5.150284477642605,
    4.596356230122702,
    3.798463168953146,
    2.487659181867327,
    1.9104958634291376,
    1.262611850563969,
    1.3736653317298209,
    1.2445457854441233,
    1.8578808009624481,
    3.043223134108952
  ],
  "avg_eta": [
    0.0,
    0.0,
    0.0,
    0.2550520698173098,
    0.29636435174943,
    0.3214914417937204,
    0.3506717564771695,
    0.3311348643903503,
    0.33804095452481814,
    0.3168988495234311,
    0.3256769212845207,
    0.3349577138633995,
    0.34837787858134656,
    0.3244509017560593,
    0.34951009954108486,
    0.35529673475756146,
    0.36660741678056713,
    0.30875244788193495,
    0.3839898067188981,
    0.4177536757062003,
    0.47413761182618835,
    0.5565320755550213,
    0.6716213985094115,
    0.7591285530493223,
    0.8182287392889867,
    0.8498651658616897,
    0.870652521328717,
    0.8717582290131266,
    0.8732364403318152
  ],
  "avg_U": [
    0.0006470004237988698,
    0.32012970958437237,
    0.517436004110745,
    0.8048490158149174,
    1.107803612947464,
    1.4364791001592363,
    1.4025507058416093,
    1.623909899166652,
    1.8369953206607275,
    1.9931998338018144,
    2.4301550899233137,
    2.4116590533937727,
    2.3337854828153337,
    2.294335586684091,
    2.4545003856931413,
    2.665241377694266,
    2.952886870929173,
    2.919212920325143,
    3.384396655218942,
    4.158863067626953,
    5.37996506690979,
    6.436417307172503,
    8.74855715887887,
    12.523198195866176,
    16.958058765956334,
    27.313394137791224,
    34.29429939814976,
    51.872666767665315,
    27.016895157950266
  ],
  "summary": {
    "linear_r2": 0.9878389490257949,
    "powerlaw_r2": 0.9855440677235319,
    "alpha": 2.3788740930811434,
    "beta": -0.1448387897407521
  }
}