{
  "experiment": "Instruct vs Base",
  "results": {
    "Base-0.5B": {
      "model": "Base-0.5B",
      "n_layers": 24,
      "mean_T": [
        0.00029223098479749923,
        4.97485564549764,
        6.054199091593424,
        5.9286600112915036,
        6.452806711196899,
        6.713807201385498,
        6.870805486043294,
        6.225587050120036,
        6.315786584218343,
        6.237208906809489,
        6.678454303741455,
        6.424417153994242,
        5.794420313835144,
        6.180474503835042,
        6.478911018371582,
        6.557492955525716,
        5.919400421778361,
        6.672818819681804,
        6.6988325119018555,
        5.88572260538737,
        3.3781972150007884,
        2.4764817078908283,
        3.7159934838612876,
        3.050206931432088,
        3.1340720653533936
      ],
      "mean_P1": [
        0.9999721725781758,
        0.28518099412322045,
        0.19618192662795383,
        0.20536117951075236,
        0.14440832088390987,
        0.14162480272352695,
        0.09395847395062447,
        0.174021860708793,
        0.15380979428688685,
        0.18232741033037503,
        0.16130955393115678,
        0.1770079952975114,
        0.24168231425186,
        0.2125628549605608,
        0.20050845829149086,
        0.19502743693689506,
        0.23641944130261738,
        0.16577476573487124,
        0.14913882066806158,
        0.23169071649511655,
        0.48687570517261824,
        0.5044846256573995,
        0.366112494468689,
        0.40000627835591634,
        0.3909754107395808
      ],
      "mean_U": [
        0.45752891103426613,
        6.560224469502767,
        8.88241024017334,
        10.474599266052246,
        11.859998194376628,
        13.772336260477703,
        15.45847593943278,
        15.93207213083903,
        16.354093233744305,
        17.153237342834473,
        17.61948560078939,
        17.80292682647705,
        17.366393089294434,
        19.009936650594074,
        19.899971135457356,
        21.92168769836426,
        24.57099863688151,
        29.308264923095702,
        34.0989444732666,
        38.48499577840169,
        44.92992655436198,
        54.93646062215169,
        71.21475168863932,
        75.88529205322266,
        292.00986735026044
      ],
      "mean_kl": [
        11.930907122294109,
        6.95633118947347,
        5.876985677083334,
        6.002525075276693,
        5.478377946217855,
        5.217377344767253,
        5.060379632314047,
        5.705598704020182,
        5.615398534138998,
        5.693975989023844,
        5.252730798721314,
        5.506767336527506,
        6.136764399210612,
        5.750710519154866,
        5.452274322509766,
        5.37369163831075,
        6.0117848714192705,
        5.258365551630656,
        5.232352654139201,
        6.045464452107748,
        8.552991580963134,
        9.454709307352703,
        8.215195719401041,
        8.88098211288452,
        8.79712053934733
      ],
      "T_final": 3.1340720653533936,
      "T_initial": 0.00029223098479749923,
      "P1_final": 0.3909754107395808,
      "rho_S": -0.2723076923076923,
      "rho_P1": 0.3823076923076923,
      "onsager_asym": 0.0
    },
    "Instruct-0.5B": {
      "model": "Instruct-0.5B",
      "n_layers": 24,
      "mean_T": [
        0.00010870058546196734,
        5.101876831054687,
        6.290206098556519,
        6.010742529233297,
        6.635901149113973,
        6.829491901397705,
        6.984097099304199,
        6.201618834336599,
        6.349793561299642,
        6.4608046849568685,
        6.877180926005045,
        6.818443369865418,
        6.082655954360962,
        6.38833376566569,
        6.6293006579081215,
        6.611503394444783,
        6.520472367604573,
        7.070827802022298,
        7.215252812703451,
        6.42147601445516,
        4.109538602828979,
        2.7614141583442686,
        3.979549940427144,
        3.380663585662842,
        2.962772274017334
      ],
      "mean_P1": [
        0.9999909480412801,
        0.2781527365247409,
        0.17211584523320198,
        0.20508825505773226,
        0.13173821618159612,
        0.1299553816517194,
        0.08419738337397575,
        0.1886472724378109,
        0.17641716934740542,
        0.17974233056108158,
        0.14142929402490456,
        0.14336693386236826,
        0.21609626710414886,
        0.20841036227842172,
        0.19985324343045552,
        0.20729065307726463,
        0.19784016758203507,
        0.13740846614042918,
        0.11497796388963859,
        0.19854710896809896,
        0.4135441588858763,
        0.46811899344126384,
        0.3310055991013845,
        0.370336260398229,
        0.3956908921400706
      ],
      "mean_U": [
        0.4510982513427734,
        6.2762422879536945,
        8.45511671702067,
        9.917797470092774,
        11.26123104095459,
        13.072625223795573,
        14.683780225118001,
        15.090883255004883,
        15.489197285970052,
        16.225601959228516,
        16.683262443542482,
        16.984135564168295,
        16.60530490875244,
        18.205348269144693,
        18.93948656717936,
        20.858101272583006,
        23.378022766113283,
        28.059299850463866,
        32.35425631205241,
        36.470454406738284,
        42.280157725016274,
        51.82195536295573,
        66.646799214681,
        71.60558166503907,
        286.48456420898435
      ],
      "mean_kl": [
        11.931090799967448,
        6.829309177398682,
        5.640978368123372,
        5.92044251759847,
        5.295283412933349,
        5.101692485809326,
        4.947087415059408,
        5.7295658429463705,
        5.581391143798828,
        5.470380020141602,
        5.054003683725993,
        5.112740739186605,
        5.848528734842936,
        5.542851463953654,
        5.301884524027506,
        5.319681294759115,
        5.410712432861328,
        4.8603563944498696,
        4.715931510925293,
        5.509709437688191,
        7.8216505686442055,
        9.169777107238769,
        7.95163787206014,
        8.55052490234375,
        8.96842041015625
      ],
      "T_final": 2.962772274017334,
      "T_initial": 0.00010870058546196734,
      "P1_final": 0.3956908921400706,
      "rho_S": -0.14384615384615382,
      "rho_P1": 0.3392307692307693,
      "onsager_asym": 0.0
    },
    "Base-1.5B": {
      "model": "Base-1.5B",
      "n_layers": 28,
      "mean_T": [
        3.957392496661921e-05,
        4.141268547375997,
        4.613679055372874,
        4.309755553305149,
        4.673748135566711,
        5.384616994857788,
        4.886920921007792,
        5.44676833152771,
        5.332804282506307,
        5.715464973449707,
        5.789406903584799,
        5.849151968955994,
        5.799614898363749,
        5.646998356779417,
        5.644647246599197,
        5.917797478040059,
        6.392117007573446,
        5.910824767748514,
        5.167396442095439,
        5.6570594787597654,
        5.143506050109863,
        4.688776159286499,
        2.865913854042689,
        2.1471536487340925,
        1.565928365290165,
        1.467989452679952,
        1.433211062848568,
        2.023405381043752,
        3.329850157101949
      ],