{
  "experiment": "First Principles eta (Fixed)",
  "results": [
    {
      "model_name": "Qwen2.5-1.5B",
      "d_model": 1536,
      "d_ffn": 8960,
      "n_heads": 12,
      "n_kv_heads": 2,
      "n_layers": 28,
      "expansion_ratio": 5.833,
      "d_head": 128,
      "vocab_size": 151936,
      "gqa_ratio": 6.0,
      "total_params_M": 1543.7,
      "eta_mean": 0.8637383627570376,
      "eta_std": 0.11575202023670106,
      "eta_values": [
        0.9162503872926833,
        0.6651572304952074,
        0.776973582130364,
        0.8061165433093311,
        0.9112754765698181,
        0.9940291243752299,
        0.6277149874947747,
        0.8175300573368247,
        0.8901416574425471,
        0.9647656692269945,
        0.9049513254108544,
        0.9872933244784582,
        0.6925152380880367,
        0.9914784234590601,
        0.9429946897013052,
        0.930626087301112
      ],
      "T_hot_mean": 6.802108526229858,
      "T_cold_mean": 0.9375088894739747
    },
    {
      "model_name": "Qwen2.5-0.5B",
      "d_model": 896,
      "d_ffn": 4864,
      "n_heads": 14,
      "n_kv_heads": 2,
      "n_layers": 24,
      "expansion_ratio": 5.429,
      "d_head": 64,
      "vocab_size": 151936,
      "gqa_ratio": 7.0,
      "total_params_M": 494.0,
      "eta_mean": 0.7899929530021856,
      "eta_std": 0.12324520658897771,
      "eta_values": [
        0.7829242145650781,
        0.7999020828240412,
        0.8655126588676579,
        0.7207115085482678,
        0.8046397292944474,
        0.8925603271183533,
        0.5391345517636132,
        0.7410498943005135,
        0.7401371402968142,
        0.9296416842617476,
        0.6162122573159289,
        0.771547367455305,
        0.6122383864280854,
        0.9435920216145808,
        0.982307999412426,
        0.8977754239681106
      ],
      "T_hot_mean": 7.85778746008873,
      "T_cold_mean": 1.6385452710092068
    },
    {
      "model_name": "TinyLlama-1.1B",
      "d_model": 2048,
      "d_ffn": 5632,
      "n_heads": 32,
      "n_kv_heads": 4,
      "n_layers": 22,
      "expansion_ratio": 2.75,
      "d_head": 64,
      "vocab_size": 32000,
      "gqa_ratio": 8.0,
      "total_params_M": 1100.0,
      "eta_mean": 0.7859545881481508,
      "eta_std": 0.14783260701242165,
      "eta_values": [
        0.5344857009012225,
        0.7640345069937521,
        0.9967891889117528,
        0.5532762392710311,
        0.9496341880431276,
        0.8645228801515132,
        0.6894313905126215,
        0.7992338424133123,
        0.7506850248165557,
        0.9770338484579347,
        0.6944086562199786,
        0.7578555270966402,
        0.6845006412522354,
        0.9539553197600218,
        0.6310991360919267,
        0.9743273194767853
      ],
      "T_hot_mean": 8.58002358675003,
      "T_cold_mean": 1.841900203609839
    }
  ],
  "correlations": {
    "expansion_ratio": {
      "r": 0.6369818013516462,
      "p": 0.5603652618593755
    },
    "d_model": {
      "r": 0.017933596706775468,
      "p": 0.9885825056868948
    },
    "n_heads": {
      "r": -0.613618977345455,
      "p": 0.5794262097445472
    },
    "n_layers": {
      "r": 0.9589995640829652,
      "p": 0.18292981478592713
    },
    "gqa_ratio": {
      "r": -0.8881598857131308,
      "p": 0.30396753310960395
    },
    "d_head": {
      "r": 0.998936306683166,
      "p": 0.029365800223727843
    },
    "total_params_M": {
      "r": 0.7907532104223518,
      "p": 0.41937826681623386
    }
  },
  "hypotheses": {
    "H1: 1-1/r_exp": {
      "predictions": [
        0.8285616320932625,
        0.8158040154724627,
        0.6363636363636364
      ],
      "mae": 0.07019291497285556
    },
    "H2: 1-d/d_ffn": {
      "predictions": [
        0.8285714285714285,
        0.8157894736842105,
        0.6363636363636364
      ],
      "mae": 0.07018480221738281
    },
    "H3: 1-kv/heads": {
      "predictions": [
        0.8333333333333334,
        0.8571428571428572,
        0.875
      ],
      "mae": 0.062200115138741685
    },
    "H4: 1-1/sqrt(L)": {
      "predictions": [
        0.8110177634953863,
        0.7958758547680684,
        0.7867992836443896
      ],
      "mae": 0.01981606550792429
    }
  },
  "summary": {
    "mean_eta": 0.8132286346357914,
    "best_hypothesis": "H4: 1-1/sqrt(L)",
    "best_mae": 0.01981606550792429
  }
}