{
  "experiment": "Cooling Valley Redundancy",
  "cos_sim": [
    0.07200595177710056,
    0.8376430034637451,
    0.8594985425472259,
    0.8756317913532257,
    0.8821730554103852,
    0.8961417376995087,
    0.8792888164520264,
    0.8831242442131042,
    0.9052832782268524,
    0.9220077514648437,
    0.9393720924854279,
    0.9454607188701629,
    0.9618746399879455,
    0.9598161399364471,
    0.9674744069576263,
    0.9685399293899536,
    0.9716557443141938,
    0.964164263010025,
    0.9574415206909179,
    0.9498857200145722,
    0.9570086836814881,
    0.9504927873611451,
    0.9574056029319763,
    0.9683195233345032,
    0.96149582862854,
    0.9768861532211304,
    0.9675152659416199,
    0.7189836084842682
  ],
  "attn_entropy": [
    0.0,
    0.0,
    0.0,
    0.0,
    0.0,
    0.0,
    0.0,
    0.0,
    0.0,
    0.0,
    0.0,
    0.0,
    0.0,
    0.0,
    0.0,
    0.0,
    0.0,
    0.0,
    0.0,
    0.0,
    0.0,
    0.0,
    0.0,
    0.0,
    0.0,
    0.0,
    0.0,
    0.0
  ],
  "ffn_norm": [
    21.141040229797362,
    15.147737884521485,
    17.692961406707763,
    20.144445133209228,
    21.97960510253906,
    21.22416114807129,
    23.784621810913087,
    25.06922721862793,
    23.621688079833984,
    23.30109977722168,
    21.103146362304688,
    19.968227195739747,
    16.260155773162843,
    17.0620228767395,
    15.960173034667969,
    16.50870246887207,
    15.708320236206054,
    18.982108688354494,
    23.35928592681885,
    28.846820068359374,
    28.361678314208984,
    37.05095748901367,
    42.5251522064209,
    43.84385986328125,
    66.16980361938477,
    51.36542510986328,
    81.9104736328125,
    210.25731506347657
  ],
  "residual_ratio": [
    21.14726817423881,
    0.7183854094728523,
    0.6547233811293897,
    0.5890911832707684,
    0.5306670584833026,
    0.45644282171966133,
    0.5121254778279707,
    0.5048377230193499,
    0.44496907215687775,
    0.4217550184456865,
    0.351786452956668,
    0.32873918236386407,
    0.27430157337185557,
    0.29062456935652303,
    0.26224260511395714,
    0.2615751790219371,
    0.2362630486599743,
    0.2852098860723674,
    0.3263659940076436,
    0.36308719123547883,
    0.3160416838665188,
    0.37510067153883336,
    0.3706590663689525,
    0.31927407257243473,
    0.4126083183533811,
    0.25074619222393146,
    0.35912202884067773,
    0.7517511387645548
  ],
  "redundancy": [
    0.3230941258223617,
    0.9410212936576864,
    0.9457387247654222,
    0.9485397738745621,
    0.9487454482609046,
    0.956364940651869,
    0.9448947704098941,
    0.9442291355571065,
    0.9558192995093884,
    0.9628978936771646,
    0.9741648601405711,
    0.9787140748537215,
    0.9919633086412217,
    0.9895748719981471,
    0.9947308408093988,
    0.9941968589906178,
    0.9971155368742651,
    0.9879825611640731,
    0.9773718813307917,
    0.9646280403772335,
    0.968830715654376,
    0.9506438755122696,
    0.9439088286603056,
    0.9464953919911118,
    0.9043513540172196,
    0.9378933240859929,
    0.8805293367653357,
    0.5634451875506484
  ],
  "summary": {
    "valley_cos": 0.9595332728491888,
    "other_cos": 0.8642521761161716,
    "valley_res": 0.2907898323249767,
    "other_res": 1.5525608254489174,
    "top_redundant": [
      16,
      14,
      15,
      12,
      13
    ]
  }
}