{
  "experiment": "Grand Unified Summary",
  "L0": 21.664095787761276,
  "R2": 0.9942679095864744,
  "n_layers": 29,
  "summary": {
    "L0": 21.664095787761276,
    "L0_ratio": 0.7470377857848716,
    "R2": 0.9942679095864744,
    "S_min": 1.2992105533679326,
    "phases_completed": 55
  }
}