{
  "experiment": "Token Position Independence",
  "results": {
    "0.5B": {
      "model": "0.5B",
      "seq_len": 13,
      "n_layers": 25,
      "cv_per_pos": [
        0.30204706610168564,
        0.5478411923644598,
        0.7778758271703631,
        0.7947043401722769,
        0.5483016664168444,
        0.6741781646047973,
        0.5451506988913363,
        0.6239427603016157,
        0.5273315275398877,
        0.683396369005706,
        0.6369203159531303,
        0.3982070533119131,
        0.6933415240777311
      ],
      "mean_prt_per_pos": [
        1.6811746910554248,
        0.7941355412236041,
        0.5421897205416262,
        0.5887567276269897,
        0.7946745555749022,
        0.7857765241920415,
        0.7909600782873505,
        0.8916518144081035,
        0.9002866435451398,
        0.6409216363035407,
        0.7107885280762738,
        0.8094026306269461,
        0.7746213676070289
      ],
      "arrow_per_pos": [
        -0.5023076923076923,
        -0.39,
        -0.15000000000000002,
        -0.37,
        -0.0876923076923077,
        -0.30076923076923073,
        -0.07461538461538461,
        -0.3823076923076923,
        0.03923076923076923,
        -0.38461538461538464,
        -0.45692307692307693,
        -0.40076923076923077,
        -0.39076923076923076
      ],
      "tokens": [
        "The",
        "Ġfundamental",
        "Ġtheorem",
        "Ġof",
        "Ġcalculus",
        "Ġstates",
        "Ġthat",
        "Ġdifferentiation",
        "Ġand",
        "Ġintegration",
        "Ġare",
        "Ġinverse",
        "Ġoperations"
      ],
      "last_pos_cv": 0.6933415240777311,
      "mean_pos_cv": 0.5964,
      "median_pos_cv": 0.6239
    },
    "1.5B": {
      "model": "1.5B",
      "seq_len": 13,
      "n_layers": 29,
      "cv_per_pos": [
        1.3035855472990223,
        0.3540248996749687,
        0.6880651145286713,
        0.3856784050862326,
        0.38613863635876794,
        0.8538435529201562,
        0.5184547459661621,
        0.7993516343862692,
        2.341863097782322,
        0.45029329150337116,
        0.5432396101825482,
        0.6169893473619559,
        0.5873480771171313
      ],
      "mean_prt_per_pos": [
        0.23617317690163656,
        0.9495505124435406,
        0.937359778906248,
        0.8596084856950322,
        0.697661760268099,
        0.5412901884834641,
        0.6631780026839398,
        0.6062703764646924,
        0.0910943557432989,
        1.0616995095592616,
        0.9030420815203944,
        0.7681664152838005,
        0.7143389989875721
      ],
      "arrow_per_pos": [
        -0.3911330049261083,
        -0.32758620689655166,
        -0.6694581280788175,
        -0.5354679802955664,
        -0.5532019704433496,
        -0.3546798029556649,
        -0.3142857142857142,
        -0.17783251231527092,
        0.9748768472906402,
        -0.47536945812807874,
        -0.36108374384236447,
        -0.24236453201970437,
        -0.360591133004926
      ],
      "tokens": [
        "The",
        "Ġfundamental",
        "Ġtheorem",
        "Ġof",
        "Ġcalculus",
        "Ġstates",
        "Ġthat",
        "Ġdifferentiation",
        "Ġand",
        "Ġintegration",
        "Ġare",
        "Ġinverse",
        "Ġoperations"
      ],
      "last_pos_cv": 0.5873480771171313,
      "mean_pos_cv": 0.7561,
      "median_pos_cv": 0.5873
    }
  }
}