{
  "experiment": "Prompt Difficulty Prediction",
  "results": {
    "0.5B": {
      "correlations": {
        "T_final": {
          "r": 0.10229493621181832,
          "p": 0.7061889227504173
        },
        "T_mean": {
          "r": -0.5596557203547786,
          "p": 0.024179370276061114
        },
        "T_max": {
          "r": -0.22877402612761016,
          "p": 0.39407386716504633
        },
        "U_final": {
          "r": 0.47960842889091787,
          "p": 0.060119031170017545
        },
        "U_growth": {
          "r": 0.5741853984010936,
          "p": 0.02001594339520188
        },
        "PR_final": {
          "r": -0.23424325790972583,
          "p": 0.38254895991397564
        },
        "dT_max": {
          "r": 0.09603848825770522,
          "p": 0.7234800553271672
        },
        "mach": {
          "r": -0.3932265805348481,
          "p": 0.13186427937137485
        },
        "eta": {
          "r": 0.026209138148436353,
          "p": 0.9232441173221733
        }
      },
      "best_single_predictor": "U_growth",
      "best_single_r": 0.5741853984010936,
      "multi_feature_r2": 0.7288752859935717,
      "perplexities": [
        28.801469954719842,
        3.92047836919028,
        37.668878425791064,
        42.112757499097384,
        16.53505422707692,
        11.429222343190705,
        4.050936436932546,
        3.1404673573384096,
        5.8241493737256205,
        8.853392123253673,
        20.621162098936207,
        34.929853529065,
        554.4692133978168,
        33.538303037915796,
        3539.0030486778587,
        602.3811294264952
      ],
      "prompt_count": 16
    },
    "1.5B": {
      "correlations": {
        "T_final": {
          "r": 0.4060496520718821,
          "p": 0.11862516476773088
        },
        "T_mean": {
          "r": 0.23802505782308916,
          "p": 0.3746884854533653
        },
        "T_max": {
          "r": 0.28074334878656326,
          "p": 0.29222568271301164
        },
        "U_final": {
          "r": 0.536690242350885,
          "p": 0.03207924285005566
        },
        "U_growth": {
          "r": 0.44549261505999044,
          "p": 0.08374856425236347
        },
        "PR_final": {
          "r": -0.2461740660386923,
          "p": 0.3580556706964811
        },
        "dT_max": {
          "r": 0.4228928030167826,
          "p": 0.10268059730081708
        },
        "mach": {
          "r": -0.28351550232275496,
          "p": 0.2872832527057119
        },
        "eta": {
          "r": 0.1277456317644658,
          "p": 0.6373033744729435
        }
      },
      "best_single_predictor": "U_final",
      "best_single_r": 0.536690242350885,
      "multi_feature_r2": 0.724031785369159,
      "perplexities": [
        47.733160027547605,
        11.112809580823882,
        27.535292616383895,
        47.54213512306932,
        11.244656368628158,
        8.852385322622082,
        3.9035122553397272,
        3.2288785417544137,
        5.39821667717827,
        5.105511022775039,
        15.714469753473086,
        16.26288623206095,
        297.1934116052468,
        38.317626974903355,
        1006.6247069940304,
        419.57438863894015
      ],
      "prompt_count": 16
    }
  }
}