{
  "experiment": "Quantum Phase Transition x Critical Opalescence",
  "results": {
    "0.5B": {
      "n_layers": 24,
      "opalescence": {
        "norms": [
          0.3829341530799866,
          7.09338903427124,
          9.704245567321777,
          10.599581718444824,
          11.890841484069824,
          12.93101978302002,
          13.901202201843262,
          15.721548080444336,
          15.839816093444824,
          18.138832092285156,
          18.906652450561523,
          19.226909637451172,
          18.89006233215332,
          19.292551040649414,
          19.818452835083008,
          22.602214813232422,
          24.41509437561035,
          28.782032012939453,
          34.17867660522461,
          39.070655822753906,
          44.06600570678711,
          52.52777862548828,
          66.77452850341797,
          71.49504852294922,
          278.8810119628906
        ],
        "variances": [
          15.41484700332783,
          2.2123984220258737,
          0.8055755898854438,
          0.909436236097665,
          0.67386389277413,
          1.3379956913621651,
          0.7873189179277283,
          1.2380804310804605,
          1.697834211871143,
          0.20844727918140252,
          0.024034000541077048,
          0.031085784596345752,
          0.1444976426428184,
          2.1088641928808003,
          3.5738862789755026,
          6.727424139755992,
          15.946828348689047,
          17.656779268895562,
          16.29380643236153,
          30.849919502160947,
          87.80538784633973,
          65.0011687446903,
          9780.042385190116
        ],
        "susceptibilities": [
          13.202448581301956,
          1.40682283214043,
          0.10386064621222124,
          0.23557234332353505,
          0.6641317985880352,
          0.5506767734344368,
          0.45076151315273216,
          0.4597537807906824,
          1.4893869326897404,
          0.18441327864032547,
          0.007051784055268705,
          0.11341185804647264,
          1.964366550237982,
          1.4650220860947023,
          3.153537860780489,
          9.219404208933057,
          1.7099509202065146,
          1.3629728365340306,
          14.556113069799416,
          56.95546834417878,
          22.804219101649423,
          9715.041216445426
        ],
        "L0_variance": 22,
        "L0_susceptibility": 21
      },
      "quantum_transition": {
        "transition_data": [
          {
            "epsilon": 0.001,
            "fidelity": 0.9997,
            "fidelity_std": 0.0001
          },
          {
            "epsilon": 0.001334,
            "fidelity": 0.9996,
            "fidelity_std": 0.0002
          },
          {
            "epsilon": 0.001778,
            "fidelity": 0.9995,
            "fidelity_std": 0.0001
          },
          {
            "epsilon": 0.002371,
            "fidelity": 0.999,
            "fidelity_std": 0.0004
          },
          {
            "epsilon": 0.003162,
            "fidelity": 0.9982,
            "fidelity_std": 0.0003
          },
          {
            "epsilon": 0.004217,
            "fidelity": 0.9976,
            "fidelity_std": 0.0001
          },
          {
            "epsilon": 0.005623,
            "fidelity": 0.9919,
            "fidelity_std": 0.0037
          },
          {
            "epsilon": 0.007499,
            "fidelity": 0.9901,
            "fidelity_std": 0.0004
          },
          {
            "epsilon": 0.01,
            "fidelity": 0.977,
            "fidelity_std": 0.0099
          },
          {
            "epsilon": 0.013335,
            "fidelity": 0.9212,
            "fidelity_std": 0.0218
          },
          {
            "epsilon": 0.017783,
            "fidelity": 0.8551,
            "fidelity_std": 0.0648
          },
          {
            "epsilon": 0.023714,
            "fidelity": 0.6983,
            "fidelity_std": 0.011
          },
          {
            "epsilon": 0.031623,
            "fidelity": 0.6055,
            "fidelity_std": 0.0355
          },
          {
            "epsilon": 0.04217,
            "fidelity": 0.5783,
            "fidelity_std": 0.0674
          },
          {
            "epsilon": 0.056234,
            "fidelity": 0.5595,
            "fidelity_std": 0.0576
          },
          {
            "epsilon": 0.074989,
            "fidelity": 0.5778,
            "fidelity_std": 0.0785
          },
          {
            "epsilon": 0.1,
            "fidelity": 0.5377,
            "fidelity_std": 0.1371
          },
          {
            "epsilon": 0.133352,
            "fidelity": 0.59,
            "fidelity_std": 0.0677
          },
          {
            "epsilon": 0.177828,
            "fidelity": 0.5497,
            "fidelity_std": 0.0328
          },
          {
            "epsilon": 0.237137,
            "fidelity": 0.5542,
            "fidelity_std": 0.0877
          },
          {
            "epsilon": 0.316228,
            "fidelity": 0.6458,
            "fidelity_std": 0.0466
          },
          {
            "epsilon": 0.421697,
            "fidelity": 0.4977,
            "fidelity_std": 0.0681
          },
          {
            "epsilon": 0.562341,
            "fidelity": 0.4701,
            "fidelity_std": 0.0948
          },
          {
            "epsilon": 0.749894,
            "fidelity": 0.3723,
            "fidelity_std": 0.172
          },
          {
            "epsilon": 1.0,
            "fidelity": 0.2363,
            "fidelity_std": 0.0506
          }
        ],
        "eps_c": 0.017783,
        "critical_exponent": -0.1618,
        "max_susceptibility": 0.1568
      },
      "opal_L0_normalized": 0.9167,
      "same_phenomenon": false
    },
    "1.5B": {
      "n_layers": 28,
      "opalescence": {
        "norms": [
          0.9122231602668762,
          21.170413970947266,
          27.021987915039062,
          30.089244842529297,
          39.91626739501953,
          47.311344146728516,
          53.48185348510742,
          50.67594909667969,
          51.10087966918945,
          55.74330520629883,
          59.46586608886719,
          57.12690734863281,
          60.818092346191406,
          61.597198486328125,
          62.658790588378906,
          65.35527038574219,
          70.7413101196289,
          74.34642028808594,
          78.9827880859375,
          88.22879028320312,
          97.6822280883789,
          99.43780517578125,
          114.91744995117188,
          134.8275909423828,
          155.51953125,
          194.75827026367188,
          218.0885009765625,
          265.3977355957031,
          210.3104705810547
        ],
        "variances": [
          125.1505586771837,
          13.688280755366172,
          30.24898673491488,
          49.76202631716862,
          30.75416351403045,
          6.363205711250582,
          1.5247446378376077,
          5.267864311194798,
          11.709174688158479,
          2.360282489024232,
          2.3248989473019415,
          3.801706213284181,
          0.5691282430586094,
          2.50234283221006,
          11.289727698403617,
          13.649668878681647,
          11.379409416979696,
          33.30051774112508,
          58.280566597008146,
          24.232394678686333,
          59.9727028824208,
          209.8300059186812,
          274.78879042005997,
          617.7245952209147,
          666.5393641270284,
          863.5997119734271,
          592.585355986272
        ],