{
  "experiment": "SSB/Higgs",
  "results": {
    "0.5B": {
      "order_params": [
        0.0113,
        0.0179,
        0.013,
        0.0151,
        0.0137,
        0.0191,
        0.0304,
        0.0176,
        0.0265,
        0.0222,
        0.0178,
        0.0222,
        0.0202,
        0.0198,
        0.013,
        0.0143,
        0.0086,
        0.0115,
        0.0098,
        0.0136,
        0.0197,
        0.017,
        0.0201,
        0.0233,
        0.0282
      ],
      "goldstone_counts": [
        5.83,
        5.67,
        5.5,
        3.83,
        3.5,
        5.5,
        4.17,
        4.33,
        4.17,
        5.33,
        6.0,
        7.5,
        4.83,
        5.33,
        4.67,
        6.33,
        4.5,
        4.67,
        4.67,
        6.5,
        5.17,
        5.83,
        5.0,
        4.5,
        5.5
      ],
      "higgs_masses": [
        4.2935,
        13.0519,
        20.9215,
        15.9969,
        20.4402,
        21.6275,
        20.6608,
        22.1052,
        20.7366,
        22.797,
        23.7203,
        25.3897,
        21.7264,
        25.5347,
        28.3367,
        24.0703,
        23.9154,
        29.6184,
        34.7974,
        36.5636,
        35.3105,
        30.6359,
        41.901,
        37.7361,
        33.3312
      ],
      "vev_profile": [
        2.5e-05,
        -0.001026,
        0.000781,
        -0.001403,
        0.003649,
        0.006773,
        0.012375,
        0.006409,
        0.006133,
        0.004307,
        0.004542,
        0.008652,
        0.002497,
        0.004556,
        0.003327,
        0.002104,
        0.006681,
        0.009411,
        0.009987,
        0.014278,
        0.020252,
        0.017737,
        0.046263,
        0.04853,
        0.247964
      ],
      "avg_order": 0.0178,
      "avg_goldstone": 5.15,
      "avg_higgs_mass": 25.4088,
      "critical_layer": 5,
      "ssb_present": false
    },
    "1.5B": {
      "order_params": [
        0.0163,
        0.0123,
        0.0225,
        0.0234,
        0.0148,
        0.0122,
        0.0112,
        0.0104,
        0.0142,
        0.0112,
        0.0106,
        0.0058,
        0.0025,
        0.0073,
        0.0076,
        0.0072,
        0.0063,
        0.0063,
        0.0096,
        0.012,
        0.0125,
        0.0158,
        0.0191,
        0.0144,
        0.0133,
        0.0144,
        0.0115,
        0.0105,
        0.0141
      ],
      "goldstone_counts": [
        7.0,
        6.5,
        9.67,
        8.5,
        7.33,
        9.0,
        10.17,
        8.83,
        7.5,
        9.5,
        10.67,
        8.0,
        7.5,
        10.83,
        11.0,
        8.0,
        7.5,
        8.5,
        9.0,
        8.5,
        8.33,
        7.67,
        9.17,
        7.5,
        7.83,
        7.83,
        9.5,
        9.0,
        8.17
      ],
      "higgs_masses": [
        4.2227,
        13.7099,
        15.6211,
        15.951,
        19.0619,
        24.3149,
        26.6409,
        30.6013,
        30.5701,
        27.9293,
        32.3972,
        38.2451,
        34.2494,
        31.5164,
        33.8161,
        38.1868,
        38.3018,
        37.7964,
        35.7043,
        36.8997,
        37.5966,
        34.2072,
        32.0862,
        33.8536,
        35.2678,
        35.6763,
        41.1075,
        49.9515,
        66.665
      ],
      "vev_profile": [
        0.000179,
        0.003265,
        0.007345,
        0.012936,
        0.004295,
        0.008574,
        0.004775,
        0.010711,
        0.017047,
        0.013641,
        0.013157,
        0.008275,
        0.00033,
        -0.001154,
        0.008259,
        0.007381,
        0.00711,
        0.003191,
        0.008842,
        0.013163,
        0.012906,
        0.023673,
        0.043219,
        0.044204,
        0.048171,
        0.037078,
        0.026806,
        0.011508,
        0.072859
      ],
      "avg_order": 0.012,
      "avg_goldstone": 8.57,
      "avg_higgs_mass": 32.143,
      "critical_layer": 5,
      "ssb_present": false
    }
  }
}