{
  "experiment": "Universality Test N=50",
  "summary": {
    "mean_L0": 19.271478653929837,
    "std_L0": 4.882022950993547,
    "L0_cv": 0.25332892398335366,
    "mean_R2": 0.742722807955128,
    "pct_good_fit": 42.857142857142854,
    "n_prompts": 50
  }
}