{
  "experiment": "Maximum Entropy Production Principle",
  "results": {
    "0.0": {
      "mean_eta": 0.2574732329746702,
      "mean_sigma_irr": 3.558750299837166e-10,
      "mean_conf": 0.375728818277518,
      "std_eta": 0.2933781481004548,
      "std_sigma_irr": 3.211348370953438e-10
    },
    "0.001": {
      "mean_eta": 0.25745674631232535,
      "mean_sigma_irr": 3.5434573381701767e-10,
      "mean_conf": 0.3755924130479495,
      "std_eta": 0.2938908925848864,
      "std_sigma_irr": 3.166998722195038e-10
    },
    "0.005": {
      "mean_eta": 0.2564052256126614,
      "mean_sigma_irr": 3.529024246765565e-10,
      "mean_conf": 0.37495752796530724,
      "std_eta": 0.2941558226715412,
      "std_sigma_irr": 3.143899390703927e-10
    },
    "0.01": {
      "mean_eta": 0.25722301084088,
      "mean_sigma_irr": 3.59277817782791e-10,
      "mean_conf": 0.37654036780198413,
      "std_eta": 0.293393412423611,
      "std_sigma_irr": 3.2721042568677744e-10
    },
    "0.02": {
      "mean_eta": 0.26918937061480175,
      "mean_sigma_irr": 3.559990197597729e-10,
      "mean_conf": 0.38057298213243484,
      "std_eta": 0.2919388074005526,
      "std_sigma_irr": 3.136143521687088e-10
    },
    "0.05": {
      "mean_eta": 0.2584355311862087,
      "mean_sigma_irr": 3.767565981235554e-10,
      "mean_conf": 0.37570808331171673,
      "std_eta": 0.30338451847346637,
      "std_sigma_irr": 3.812900405853204e-10
    },
    "0.1": {
      "mean_eta": 0.2132803239172604,
      "mean_sigma_irr": 3.133626970104955e-10,
      "mean_conf": 0.35181606250504655,
      "std_eta": 0.32554186678831143,
      "std_sigma_irr": 2.4093977141508926e-10
    },
    "0.2": {
      "mean_eta": -0.0684826695282738,
      "mean_sigma_irr": 2.367575521348758e-10,
      "mean_conf": 0.3337941641608874,
      "std_eta": 0.7316693721864725,
      "std_sigma_irr": 1.0404158648740277e-10
    },
    "0.5": {
      "mean_eta": -1.1717009463992187,
      "mean_sigma_irr": 1.617445560986019e-10,
      "mean_conf": 0.15081739767144123,
      "std_eta": 0.8936242581210762,
      "std_sigma_irr": 4.4801720296269626e-11
    },
    "1.0": {
      "mean_eta": -0.5203651416048004,
      "mean_sigma_irr": 1.1887954315202955e-10,
      "mean_conf": 0.2781657741094629,
      "std_eta": 0.49601585390698183,
      "std_sigma_irr": 3.7437914279730175e-11
    },
    "2.0": {
      "mean_eta": -0.7316853094597583,
      "mean_sigma_irr": 7.431765160986292e-11,
      "mean_conf": 0.21130650490522385,
      "std_eta": 0.6644380719595631,
      "std_sigma_irr": 3.267535350140265e-11
    },
    "5.0": {
      "mean_eta": -0.635159892587827,
      "mean_sigma_irr": 8.5364090584876e-11,
      "mean_conf": 0.19707277727623781,
      "std_eta": 0.5203341024574839,
      "std_sigma_irr": 4.416342454570147e-11
    }
  },
  "peak": {
    "sigma": 0.05,
    "eta": 0.2584355311862087,
    "sigma_irr": 3.767565981235554e-10
  }
}