{
  "experiment": "Entropy Production Rate",
  "results": {
    "0.5B": {
      "model": "0.5B",
      "n_layers": 24,
      "mean_S": [
        0.00024475842681369553,
        4.993250095844269,
        6.1678088188171385,
        5.950108575820923,
        6.430617201328277,
        6.560371136665344,
        6.812754678726196,
        6.334601879119873,
        6.411917734146118,
        6.437820100784302,
        6.790766167640686,
        6.475034767389298,
        5.766546684503555,
        6.287855911254883,
        6.567074799537659,
        6.217904365062713,
        5.811850154399872,
        6.295646476745605,
        6.0720912456512455,
        5.637158226966858,
        3.3407924458384515,
        2.515491771697998,
        3.7772953271865846,
        2.984104460477829,
        3.022021543979645
      ],
      "mean_Sh": [
        6.057197856903076,
        5.377120614051819,
        5.059296298027038,
        5.275532150268555,
        5.101348638534546,
        5.024385380744934,
        5.333529710769653,
        5.208259391784668,
        5.111192727088929,
        4.878719305992126,
        4.619272136688233,
        4.5723069429397585,
        4.70854001045227,
        4.408823263645172,
        4.31772403717041,
        4.46892147064209,
        4.490701031684876,
        4.299129927158356,
        4.136700809001923,
        4.050592005252838,
        3.9761268973350523,
        4.0719115972518924,
        3.2354143857955933,
        3.5710367441177366,
        3.6799843668937684
      ],
      "mean_U": [
        0.45547866374254226,
        6.717279553413391,
        8.994430780410767,
        10.610668182373047,
        11.877658224105835,
        13.851616954803466,
        15.402680587768554,
        15.8886390209198,
        16.384573125839232,
        17.226607847213746,
        17.770475578308105,
        17.975696516036987,
        17.554323053359987,
        19.131199073791503,
        20.1135347366333,
        21.95583305358887,
        24.60865983963013,
        29.44233055114746,
        34.165736484527585,
        38.547458267211915,
        44.878047943115234,
        54.73085594177246,
        70.61579971313476,
        75.54409866333008,
        291.65082092285155
      ],
      "dS": [
        4.993005337417456,
        1.1745587229728693,
        -0.21770024299621582,
        0.48050862550735474,
        0.12975393533706647,
        0.25238354206085223,
        -0.47815279960632306,
        0.07731585502624494,
        0.025902366638184127,
        0.35294606685638374,
        -0.315731400251388,
        -0.7084880828857427,
        0.5213092267513275,
        0.2792188882827764,
        -0.3491704344749458,
        -0.4060542106628411,
        0.4837963223457331,
        -0.22355523109435982,
        -0.4349330186843874,
        -2.2963657811284066,
        -0.8253006741404536,
        1.2618035554885867,
        -0.7931908667087555,
        0.037917083501815885
      ],
      "dSh": [
        -0.6800772428512571,
        -0.31782431602478045,
        0.21623585224151665,
        -0.17418351173400914,
        -0.076963257789612,
        0.3091443300247194,
        -0.12527031898498553,
        -0.09706666469573921,
        -0.23247342109680247,
        -0.25944716930389333,
        -0.0469651937484743,
        0.13623306751251185,
        -0.29971674680709803,
        -0.09109922647476232,
        0.1511974334716797,
        0.021779561042786,
        -0.1915711045265196,
        -0.16242911815643346,
        -0.08610880374908447,
        -0.07446510791778582,
        0.09578469991684013,
        -0.8364972114562992,
        0.3356223583221434,
        0.10894762277603176
      ],
      "dS_irr": [
        7.500988652676085,
        1.5826116226858278,
        0.049051435419653455,
        0.685179993654647,
        0.4336505564932206,
        0.48435079554768046,
        -0.40422791120566026,
        0.15513068134217295,
        0.15696102825313893,
        0.4351721974584881,
        -0.2847915514274892,
        -0.7773310611125216,
        0.7829357997656334,
        0.4320529540497843,
        -0.06097312210753797,
        0.03498999880117243,
        1.282255468571409,
        0.5402717580285524,
        0.3134875855449303,
        -0.8861130616344108,
        2.539566068205595,
        6.310423037364259,
        0.6645838855508479,
        72.00001781170393
      ],
      "cum_S_irr": [
        7.500988652676085,
        9.083600275361913,
        9.132651710781566,
        9.817831704436212,
        10.251482260929434,
        10.735833056477114,
        10.331605145271453,
        10.486735826613627,
        10.643696854866766,
        11.078869052325254,
        10.794077500897766,
        10.016746439785244,
        10.799682239550878,
        11.231735193600661,
        11.170762071493124,
        11.205752070294297,
        12.488007538865705,
        13.028279296894258,
        13.341766882439188,
        12.455653820804777,
        14.995219889010372,
        21.30564292637463,
        21.970226811925478,
        93.97024462362941
      ],
      "total_irr": 93.97024462362941,
      "mepp_percentile": 0.03
    },
    "1.5B": {
      "model": "1.5B",
      "n_layers": 28,
      "mean_S": [
        5.3030531675294366e-05,
        4.345126187801361,
        4.789828392863273,
        4.621769384667277,
        4.882695895433426,
        5.492978012561798,
        5.08297478556633,
        5.570018255710602,
        5.622394382953644,
        5.68588205575943,
        5.853964853286743,
        5.8717495739459995,
        5.643719446659088,
        5.6724774949252605,
        5.6032110676169395,
        6.001069909334182,
        6.445648324489594,
        6.07683431506157,
        5.582613176107406,
        5.699625492095947,
        5.059562003612518,
        4.2809089630842205,
        2.8509251549839973,
        2.202569652348757,
        1.6441737305372954,
        1.6634206831455232,
        1.6511031735688448,
        2.1427052885293962,
        3.440520292520523
      ],
      "mean_Sh": [
        6.634794306755066,
        5.7904521226882935,
        5.644489431381226,
        5.7792998313903805,
        5.77748441696167,
        5.613761830329895,
        5.701586318016052,
        5.474259829521179,
        5.447756028175354,
        5.305851340293884,
        4.96686475276947,
        4.825469017028809,
        4.9071934700012205,
        5.025078654289246,
        4.975673699378968,
        4.658192658424378,
        4.482610893249512,
        4.596437931060791,
        4.531436133384704,
        4.465492248535156,
        4.5246868371963505,
        4.610573351383209,
        4.612003469467163,
        4.322524547576904,
        4.159826219081879,
        3.806985819339752,
        3.7537477135658266,
        3.380518925189972,
        3.011519157886505
      ],
      "mean_U": [
        1.0196951061487198,
        21.461045360565187,
        28.389395999908448,
        34.98365116119385,
        40.87500686645508,
        46.450409698486325,
        47.23454036712646,
        50.246250534057616,
        53.42559585571289,
        55.888380241394046,
        61.64429244995117,
        61.58311157226562,
        60.50642070770264,
        59.63998527526856,
        61.252366828918454,
        64.55898094177246,
        67.39004096984863,
        67.14070854187011,
        72.16810302734375,
        79.3454532623291,
        90.87337226867676,
        98.58967971801758,
        115.12200164794922,
        138.07398147583007,
        161.25442504882812,
        204.6326988220215,
        228.53103256225586,
        279.16140899658205,
        202.96611404418945
      ],