{
  "experiment": "Complete Thermodynamic Dashboard",
  "S": [
    2.6564549927572696e-05,
    4.407699632644653,
    4.760327136516571,
    4.356185567378998,
    4.407612931728363,
    5.426617312431335,
    4.829041814804077,
    5.549949598312378,
    5.136515831947326,
    5.600889110565186,
    5.625388860702515,
    6.105757141113282,
    5.813477945327759,
    5.721515846252442,
    5.685834693908691,
    5.871922540664673,
    6.4068324089050295,
    6.042764019966126,
    5.309360241889953,
    5.800205945968628,
    5.284921026229858,
    4.785414385795593,
    3.0053889036178587,
    2.2604886099696158,
    1.5271018229424953,
    1.4582085371017457,
    1.295731545239687,
    1.8447778522968292,
    2.943965661525726
  ],
  "eta": [
    0.0,
    0.0,
    0.0,
    0.2856062143685961,
    0.3336806853168587,
    0.35914122407416865,
    0.37597065850966693,
    0.3422978327325621,
    0.3503239710526891,
    0.29047477791095916,
    0.29807359938525024,
    0.3110667089952103,
    0.3298549396000005,
    0.30853675196077723,
    0.33451861506704106,
    0.33687565414917076,
    0.35083570600403496,
    0.3379873561571684,
    0.3983134723400855,
    0.3760912601513705,
    0.4235827287367405,
    0.4487682534317547,
    0.6026912903044114,
    0.7087067286353272,
    0.7802065183445104,
    0.8233681512467012,
    0.8419084772752765,
    0.8434564680334287,
    0.8455259638795635
  ],
  "kT": [
    13.625960840124204,
    14.592622272705082,
    15.497824863721878,
    14.484721364261048,
    14.701324025502014,
    17.736321951863054,
    15.04797469593505,
    17.56059542015695,
    16.553417543952857,
    17.429786184354796,
    17.337592318443622,
    18.109802939339282,
    17.4068329559829,
    17.161637785476103,
    16.9980190988288,
    17.33682287583212,
    18.18921077782087,
    18.68214832954572,
    17.147252398107163,
    18.093986545325773,
    17.58154348086355,
    15.227087869548956,
    12.394972258890416,
    10.482742139746108,
    8.919218077611333,
    8.448959740371428,
    8.52967041630672,
    9.25255019133685,
    12.988155652359884
  ],
  "skew": [
    0.021498016524128617,
    -0.1825061671435833,
    0.0062588386237621306,
    -0.27969336211681367,
    -0.6211956173181534,
    -1.2760215938091277,
    -1.1904935181140899,
    -2.1684341073036193,
    -2.273417389392853,
    -2.6711092829704284,
    -4.131228840351104,
    -4.4773530721664425,
    -3.4896920323371887,
    -2.6457022070884704,
    -2.8527706027030946,
    -3.6921010494232176,
    -4.423841714859009,
    -3.5971659660339355,
    -3.4245319247245787,
    -3.348697078227997,
    -2.705055999755859,
    -2.3472955584526063,
    -1.3769531309604646,
    -1.0072293090634048,
    -0.39521602392196653,
    0.10834878203459083,
    0.486369676142931,
    0.7632342979311943,
    10.969193077087402
  ],
  "U": [
    0.000653285562293604,
    0.2938304007053375,
    0.502862623333931,
    0.7913593947887421,
    1.12623211145401,
    1.4139273047447205,
    1.4033057689666748,
    1.6065473318099976,
    1.838101053237915,
    1.9889487862586974,
    2.370975136756897,
    2.4142449140548705,
    2.2973098278045656,
    2.2659149408340453,
    2.431210160255432,
    2.6339216232299805,
    2.9184874296188354,
    2.9120661497116087,
    3.351039481163025,
    4.147072172164917,
    5.34579439163208,
    6.395051527023315,
    8.661023426055909,
    12.335162544250489,
    16.877051734924315,
    27.387173652648926,
    33.94630756378174,
    51.04032859802246,
    26.77956428527832
  ],
  "cos_sim": [
    0.07200594563037158,
    0.837643027305603,
    0.8594985663890838,
    0.8756318092346191,
    0.8821730375289917,
    0.8961417376995087,
    0.8792888283729553,
    0.8831242561340332,
    0.9052833139896392,
    0.9220077693462372,
    0.9393721103668213,
    0.9454607784748077,
    0.9618747115135193,
    0.9598161816596985,
    0.9674744367599487,
    0.9685399174690247,
    0.9716557383537292,
    0.9641643464565277,
    0.9574415862560273,
    0.9498857915401459,
    0.9570087790489197,
    0.9504928350448608,
    0.9574056923389435,
    0.9683196127414704,
    0.9614958345890046,
    0.9768862009048462,
    0.967515355348587,
    0.38926044702529905
  ]
}