{
  "name": "Phase 12: Universal Migration Map",
  "summary": {
    "verdict": "SCALING LAW: PR*T scales 4.57x when d scales 1.7x. GP layers migrate to relative positions ['0.00', '0.04', '0.07', '0.11', '0.14', '0.18', '0.21', '0.25', '0.29', '0.32', '0.36', '0.39', '0.43', '0.46', '0.50', '0.54', '0.57', '0.61', '0.64', '0.68', '0.71', '0.75', '0.79', '0.82', '0.86', '0.89', '0.93', '0.96']."
  },
  "models": {
    "0.5B": {
      "n_layers": 24,
      "hidden_size": 896,
      "mean_prt": 324.9813202368317,
      "gp_layers": [
        0,
        1,
        2,
        3,
        4,
        5,
        6,
        7,
        8,
        9,
        10,
        11,
        12,
        13,
        14,
        15,
        16,
        17,
        18,
        19,
        20,
        21,
        22,
        23
      ]
    },
    "1.5B": {
      "n_layers": 28,
      "hidden_size": 1536,
      "mean_prt": 1484.7728208546541,
      "gp_layers": [
        0,
        1,
        2,
        3,
        4,
        5,
        6,
        7,
        8,
        9,
        10,
        11,
        12,
        13,
        14,
        15,
        16,
        17,
        18,
        19,
        20,
        21,
        22,
        23,
        24,
        25,
        26,
        27
      ]
    }
  }
}