{
  "experiment": "Early Exit at Phase Transition",
  "avg_top1": [
    0.0,
    0.0,
    0.0,
    0.0,
    0.0,
    0.0,
    0.0,
    0.0,
    0.0,
    0.0,
    0.0,
    0.0,
    0.0,
    0.0,
    0.1,
    0.1,
    0.1,
    0.1,
    0.0,
    0.1,
    0.2,
    0.4,
    0.2,
    0.1,
    0.4,
    0.3,
    0.3,
    0.4,
    0.0
  ],
  "avg_top5": [
    0.0,
    0.0,
    0.0,
    0.0,
    0.0,
    0.0,
    0.1,
    0.04,
    0.0,
    0.02,
    0.02,
    0.04,
    0.0,
    0.06000000000000001,
    0.04,
    0.08,
    0.04,
    0.1,
    0.18,
    0.18000000000000002,
    0.26,
    0.24000000000000005,
    0.22000000000000003,
    0.27999999999999997,
    0.4800000000000001,
    0.42000000000000004,
    0.48,
    0.76,
    0.4800000000000001
  ],
  "avg_kl": [
    20.746584701538087,
    9.334909963607789,
    6.895534682273865,
    7.148803615570069,
    7.689624357223511,
    8.144929027557373,
    7.372160935401917,
    7.032753229141235,
    6.980426836013794,
    8.030185079574585,
    6.954611825942993,
    6.401138019561768,
    6.495278310775757,
    5.712937998771667,
    5.125814855098724,
    5.11772791147232,
    5.368418741226196,
    4.661437201499939,
    3.756379449367523,
    2.7892247080802917,
    2.731282675266266,
    2.832852828502655,
    3.223997724056244,
    3.614588713645935,
    2.584878754615784,
    2.5855733931064604,
    2.3418198764324187,
    0.4869679048657417,
    2.02172771692276
  ],
  "summary": {
    "L0_top1": 0.2,
    "L0_top5": 0.22000000000000003,
    "L0_kl": 3.223997724056244,
    "L0_speedup": 21.428571428571427,
    "early_90_layer": 28,
    "early_80_layer": 28
  }
}