{
  "experiment": "Lamb Shift",
  "results": {
    "0.5B": {
      "n_layers": 24,
      "avg_lamb_shift": [
        6649.0968,
        5768.6276,
        4892.6809,
        4001.587,
        3126.9892,
        2242.7056,
        1361.7396,
        487.0521,
        -421.0679,
        -1309.0436,
        -2213.3564,
        -3098.3453,
        -4038.1537,
        -4897.5699,
        -5777.0678,
        -6611.5205,
        -7413.4741,
        -8060.8995,
        -8623.6163,
        -9211.4264,
        -9660.3296,
        -9444.0628,
        -7960.3142,
        -8200.7046,
        68410.4738
      ],
      "avg_rel_shift": [
        1.00003,
        1.005546,
        1.014112,
        1.022776,
        1.042221,
        1.074223,
        1.158213,
        1.853225,
        -0.650397,
        -0.839441,
        -0.895512,
        -0.915502,
        -0.939873,
        -0.940279,
        -0.943853,
        -0.940069,
        -0.933105,
        -0.910129,
        -0.882603,
        -0.862197,
        -0.83317,
        -0.754929,
        -0.592389,
        -0.57088,
        4.486031
      ],
      "rms_shift": 14888.1327,
      "rms_rel_shift": 1.307298,
      "dominant_freq": 1.0,
      "freq_concentration": 0.2084
    },
    "1.5B": {
      "n_layers": 28,
      "avg_lamb_shift": [
        12235.4348,
        10880.6409,
        9388.925,
        7869.9598,
        6493.8903,
        5211.2941,
        3398.7746,
        1856.3286,
        226.6247,
        -1349.1517,
        -2766.6695,
        -4245.5872,
        -6041.2209,
        -7949.8209,
        -9362.5074,
        -10872.33,
        -12453.2866,
        -13928.2668,
        -15256.0568,
        -15833.2255,
        -16158.7492,
        -15982.0295,
        -13058.4437,
        -8996.7285,
        -2705.0656,
        9542.1768,
        25158.4357,
        58764.4076,
        5932.2472
      ],
      "avg_rel_shift": [
        1.000078,
        1.041923,
        1.087461,
        1.148125,
        1.284868,
        1.619239,
        2.597788,
        15.157385,
        0.107851,
        -0.361371,
        -0.49751,
        -0.577356,
        -0.660351,
        -0.727484,
        -0.736745,
        -0.749854,
        -0.764092,
        -0.77097,
        -0.768409,
        -0.731556,
        -0.688941,
        -0.633866,
        -0.484256,
        -0.311861,
        -0.088637,
        0.298017,
        0.734571,
        1.626512,
        0.165531
      ],
      "rms_shift": 15223.4985,
      "rms_rel_shift": 3.179873,
      "dominant_freq": 1.0,
      "freq_concentration": 0.5313
    }
  }
}