{
  "experiment": "Gravitational Wave Detection",
  "results": [
    {
      "label": "consistent",
      "text": "Water freezes at 0 degrees Celsius. Ice forms when the temperature drops below z",
      "prt_trace": [
        135.4308045705901,
        1.0206832279527454,
        2.869030324897056,
        0.5492558358417283,
        9.943495865110167,
        1.4507200490819447,
        7.5543239004859375,
        53.60902078565783,
        1.6885126619411222,
        4.181454011530196,
        4.771009862459103,
        2.9147406809242846,
        12.357888472489359,
        2.7835775623002763,
        4.07663112429804,
        5.4760227710645495,
        172.1407273492063,
        26.3275521068789,
        5.688561376044375,
        12.7112929584656,
        5.908391019617409
      ],
      "total_power": 435980.178231718,
      "dominant_freq": 0.42857142857142855,
      "dominant_power": 308.50465393417585,
      "n_peaks": 2,
      "peak_rate": 0.09523809523809523,
      "velocity_std": 60.002139018400854,
      "velocity_max": 166.66470457814174,
      "max_local_var": 4418.142009974548,
      "mean_local_var": 1371.75813743882,
      "prt_std": 44.46610358911398,
      "is_contradiction": 0
    },
    {
      "label": "consistent",
      "text": "The Sun is a star at the center of our solar system. All planets orbit around th",
      "prt_trace": [
        6.246734001068065,
        89.22049383150397,
        57.38832433560298,
        144.329715062102,
        23.172590425901113,
        1.7768975935815623,
        1.780582903687958,
        0.13243215646460935,
        1.8090284978107392,
        1.7943218525707187,
        0.04018446410260371,
        3.107008359665295,
        27.662568784112825,
        9.60018093639234,
        9.729268213156002,
        3.5472250366757447,
        2.27457786774143,
        4.732903332963073,
        6.283326004626145,
        73.26570420090377,
        24.47004996842988,
        4.706797622147911,
        1.4354456749724995,
        1.435167217911252
      ],
      "total_power": 366898.4954184514,
      "dominant_freq": 0.125,
      "dominant_power": 305.4678757524204,
      "n_peaks": 4,
      "peak_rate": 0.16666666666666666,
      "velocity_std": 41.10275273525875,
      "velocity_max": 121.15712463620088,
      "max_local_var": 3102.6051730615063,
      "mean_local_var": 756.0153991324022,
      "prt_std": 34.93662928404796,
      "is_contradiction": 0
    },
    {
      "label": "consistent",
      "text": "Paris is the capital of France. The Eiffel Tower is located in Paris. This landm",
      "prt_trace": [
        38.45075788876143,
        48.124881128600705,
        26.84915572597183,
        2.3750241401546432,
        3.2846392415839256,
        9.328973957196128,
        10.06735755123254,
        24.77877431337499,
        0.0659043174861024,
        0.016198060973091837,
        0.2540019213252284,
        2.8175779832912675,
        13.842889889666793,
        1.0788433088389622,
        2.665524556062877,
        2.823764644459191,
        38.12769329455899,
        17.829332769915528,
        12.682725528072043,
        6.183593408689305,
        5.067573903334409,
        1.9965617366275392
      ],
      "total_power": 47529.3143850845,
      "dominant_freq": 0.18181818181818182,
      "dominant_power": 130.86459446636286,
      "n_peaks": 4,
      "peak_rate": 0.18181818181818182,
      "velocity_std": 13.764085219833158,
      "velocity_max": 35.3039286500998,
      "max_local_var": 339.11001805696463,
      "mean_local_var": 123.10233587487092,
      "prt_std": 13.928856222228958,
      "is_contradiction": 0
    },
    {
      "label": "consistent",
      "text": "Dogs are mammals that have been domesticated for thousands of years. They are kn",
      "prt_trace": [
        6.009748022644959,
        55.45960090527447,
        350.10332321865445,
        19.90834630841113,
        23.996568223065502,
        56.46651316636773,
        21.605501211073165,
        0.019433559105891247,
        4.535610618386516,
        5.430911073612803,
        0.04213656085001684,
        0.027250467216732042,
        3.521339839222402,
        39.6956660854637,
        5.323882489255784,
        148.78620452535003,
        2.4527121784836043,
        1.679865732948802,
        2.645532943155147,
        2.0708814725793574,
        41.92314331823834
      ],
      "total_power": 1323481.1915095726,
      "dominant_freq": 0.38095238095238093,
      "dominant_power": 487.12267898506093,
      "n_peaks": 2,
      "peak_rate": 0.09523809523809523,
      "velocity_std": 111.15622852306751,
      "velocity_max": 330.1949769102433,
      "max_local_var": 17032.886495724255,
      "mean_local_var": 4208.719772272221,
      "prt_std": 77.47375216432873,
      "is_contradiction": 0
    },
    {
      "label": "consistent",
      "text": "The Pacific Ocean is the largest ocean on Earth. It covers more area than all th",
      "prt_trace": [
        6.246734001068065,
        150.12803075577108,
        26.961724736435116,
        43.73606458691203,
        2.3473149076804067,
        5.042390821947393,
        7.983613614834017,
        0.5470564678770047,
        4.287971202983616,
        9.274754812061582,
        9.228296516894167,
        10.938334485975098,
        0.05826511867903184,
        4.407259651341922,
        3.190358916016035,
        3.2826344910449254,
        1.0975362308524925,
        12.375338209583227,
        2.6397086719720857,
        19.301731822247085
      ],
      "total_power": 228778.9325039126,
      "dominant_freq": 0.05,
      "dominant_power": 206.0571466149012,
      "n_peaks": 2,
      "peak_rate": 0.1,
      "velocity_std": 45.080837836235006,
      "velocity_max": 143.88129675470302,
      "max_local_var": 2958.5347826728357,
      "mean_local_var": 436.29184259660974,
      "prt_std": 32.38579768941588,
      "is_contradiction": 0
    },
    {
      "label": "contradictory",
      "text": "Water freezes at 0 degrees Celsius. Water never freezes at any temperature. This",
      "prt_trace": [
        135.4308045705901,
        1.0206832279527454,
        2.869030324897056,
        0.5492558358417283,
        9.943495865110167,
        1.4507200490819447,
        7.5543239004859375,
        53.60902078565783,
        8.665196994542525,
        2.113474214918437,
        2.1407766904171073,
        16.905790709530724,
        7.909112316877209,
        8.982741498445804,
        81.53312523458133,
        12.70325640620389,
        3.3788890409207584,
        15.242433348302825,
        18.39805271384311,
        49.484921771514024
      ],
      "total_power": 227313.32260022283,
      "dominant_freq": 0.15000000000000002,
      "dominant_power": 256.20255392313516,
      "n_peaks": 2,
      "peak_rate": 0.1,
      "velocity_std": 42.035631923132165,
      "velocity_max": 134.41012134263735,
      "max_local_var": 2792.2295169583676,
      "mean_local_var": 594.2938528639626,
      "prt_std": 33.212428004068556,
      "is_contradiction": 1
    },
    {
      "label": "contradictory",
      "text": "The Sun is a star at the center of our solar system. The Earth is the center of ",