{
  "experiment": "Eigenvalue Spectrum & RMT",
  "mp_ratios": [
    [
      0,
      0.022786458333333332
    ],
    [
      4,
      0.06966145833333333
    ],
    [
      8,
      0.059244791666666664
    ],
    [
      12,
      0.07096354166666667
    ],
    [
      16,
      0.07747395833333333
    ],
    [
      20,
      0.06315104166666667
    ],
    [
      24,
      0.049479166666666664
    ],
    [
      27,
      0.06380208333333333
    ]
  ],
  "summary": {
    "mean_pre_L0": 0.060546875,
    "mean_post_L0": 0.056640625
  }
}