{
  "experiment": "Free Energy Landscape",
  "averages": {
    "U": [
      0.9926885105669498,
      22.14940059185028,
      28.511128425598145,
      35.18120086193085,
      41.48489260673523,
      47.12468671798706,
      46.505030393600464,
      49.57874870300293,
      52.91265630722046,
      55.09631824493408,
      60.685078620910645,
      60.59161448478699,
      59.648627281188965,
      59.01157259941101,
      61.06457591056824,
      63.273624420166016,
      66.90555763244629,
      66.75141787528992,
      71.99958848953247,
      80.01065301895142,
      91.00746583938599,
      99.80659818649292,
      116.41412734985352,
      138.95813655853271,
      161.76215839385986,
      204.95925617218018,
      230.0259428024292,
      283.04718589782715,
      203.55492210388184
    ],
    "T": [
      0.00014975765551217528,
      4.396715585142374,
      4.749235115945339,
      4.315645270049572,
      4.51177255064249,
      5.322274371981621,
      4.813678443431854,
      5.355995178222656,
      4.841768488287926,
      5.6610322296619415,
      5.870353996753693,
      6.214106321334839,
      5.973632901906967,
      5.812604755163193,
      5.618922084569931,
      5.870508044958115,
      6.441003888845444,
      5.892624780535698,
      5.051253721117973,
      4.980127334594727,
      4.427318178117275,
      3.6441662861034274,
      2.448846235871315,
      1.9734855173155665,
      1.3475729837082326,
      1.505434392951429,
      1.3312154803425074,
      1.8491660915315151,
      3.037047602236271
    ],
    "S": [
      7.062058806419373,
      6.920473039150238,
      6.910243213176727,
      6.929574579000473,
      6.934631943702698,
      6.922075867652893,
      6.921107828617096,
      6.898517578840256,
      6.8874911069869995,
      6.861550539731979,
      6.8459064066410065,
      6.815585553646088,
      6.781584650278091,
      6.7750504314899445,
      6.769395262002945,
      6.736151099205017,
      6.7054429948329926,
      6.725285679101944,
      6.744180589914322,
      6.7531388103961945,
      6.750900983810425,
      6.79071706533432,
      6.787528067827225,
      6.786286950111389,
      6.802672207355499,
      6.803441643714905,
      6.8132809698581696,
      6.785468608140945,
      6.605572909116745
    ],
    "F": [
      0.9916296822472563,
      -8.281985206734493,
      -4.3105093705637785,
      5.293005174546138,
      10.201239690100444,
      10.285050633311357,
      13.153715467800737,
      12.604027027477088,
      19.541443054146747,
      16.229051692310378,
      20.48153842726819,
      18.232667291335275,
      19.125633063510747,
      19.618063549957938,
      23.007051066590307,
      23.71027309473088,
      23.700090022348263,
      27.10503724413713,
      37.91819808825878,
      46.32002044519759,
      61.089551537349735,
      75.03040283192897,
      99.76631132027474,
      125.57156707472697,
      152.60670954798437,
      194.7233078291093,
      220.95855005995904,
      270.49809092155454,
      183.51509264810255
    ],
    "PR": [
      538.3210887908936,
      118.38498449325562,
      85.32503938674927,
      97.69145727157593,
      72.90440392494202,
      44.93852686882019,
      50.99870836734772,
      34.94690150022507,
      37.38285094499588,
      30.23605912923813,
      18.4952272772789,
      17.17285853624344,
      19.898743391036987,
      25.22670406103134,
      24.95308542251587,
      19.366264164447784,
      13.95409095287323,
      16.974745512008667,
      15.876998782157898,
      14.367150843143463,
      16.741567373275757,
      17.247997045516968,
      17.077804148197174,
      12.347938776016235,
      10.86308079957962,
      7.802796304225922,
      7.0026945769786835,
      5.3627572655677795,
      4.486472308635712
    ]
  },
  "summary": {
    "F_min_layer": 2,
    "pre_dF_mean": 2.972930478947677,
    "post_dF_mean": 8.995452040842151,
    "inflection_points": [
      3,
      6,
      8,
      12,
      14,
      16,
      26
    ]
  }
}