{
  "experiment": "Token Position Thermodynamics",
  "summary": {
    "first_quarter": 2.0796532332897186,
    "mid": 1.6006219287713368,
    "three_quarter": 1.3368849890927474,
    "last": 3.595818599065145
  }
}