{
  "experiment": "Active Matter Classification",
  "current_magnitude": [
    0.567043662071228,
    0.5967648029327393,
    0.3811536133289337,
    0.39915549755096436,
    0.44171571731567383,
    0.3921549618244171,
    0.41962260007858276,
    0.40211227536201477,
    0.38124531507492065,
    0.4775364100933075,
    0.4054250717163086,
    0.439241498708725,
    0.47378796339035034,
    0.510608434677124,
    0.4885442554950714,
    0.5364333391189575,
    0.4847954511642456,
    0.544690728187561,
    0.6194288730621338,
    0.5325027108192444,
    0.4855004847049713,
    0.6121326088905334,
    0.7000496983528137,
    0.6487916707992554,
    0.7559651136398315,
    0.663140058517456,
    0.8439709544181824,
    0.9649712443351746
  ],
  "time_asymmetry": [
    5.914371013641357,
    2.4124608039855957,
    1.2673274278640747,
    3.382845878601074,
    4.541848182678223,
    3.048767328262329,
    3.4581775665283203,
    4.489923000335693,
    3.116330623626709,
    3.839993476867676,
    4.448981761932373,
    5.11508846282959,
    5.0322136878967285,
    4.889665603637695,
    4.637694358825684,
    3.728909969329834,
    3.374607563018799,
    4.1927266120910645,
    7.273837089538574,
    6.070832252502441,
    2.8431384563446045,
    7.713240623474121,
    6.491290092468262,
    6.708307266235352,
    5.242555618286133,
    4.253872394561768,
    6.4988694190979,
    22.2040958404541
  ],
  "entropy_production": [
    4.2808692597481,
    0.4076605290174484,
    -0.44583008686701486,
    0.02443720897038837,
    1.0036653975645695,
    -0.41243666410446167,
    0.607271035512289,
    -0.45989827315012644,
    0.7525481780370074,
    0.018436511357625918,
    0.45984331766764264,
    -0.3083767890930176,
    -0.09649467468261719,
    -0.011174162228901885,
    0.09664849440256784,
    0.5576520760854082,
    -0.45234368244806955,
    -0.8166175683339434,
    0.16664316256840994,
    -0.47328609228134155,
    -0.680250208824873,
    -1.529376063495874,
    -0.6864403796692691,
    -0.6604583108176787,
    0.04937286116182804,
    -0.09287666653593396,
    0.5764256119728088,
    1.1269351094961169
  ],
  "active_score": [
    3.3537065984231162,
    1.4396716962734217,
    0.48304642840125567,
    1.350281529811241,
    2.0062057279506007,
    1.1955892352262438,
    1.45112946200004,
    1.8054531538652299,
    1.1880864504821886,
    1.833736699725108,
    1.8037287498959813,
    2.2467591224409773,
    2.384202274533635,
    2.4967044999680184,
    2.265718937746186,
    2.0003116261215723,
    1.635994396015974,
    2.2837393114312476,
    4.50562471121043,
    3.2327346313864496,
    1.3803450986386494,
    4.7215261058476585,
    4.544225671153015,
    4.352293879495619,
    3.9631891537408137,
    2.8209131886554815,
    5.4848570262751934,
    21.426313992500468
  ],
  "summary": {
    "classification": "ACTIVE MATTER",
    "mean_current": 0.5417316077010972,
    "mean_time_asym": 5.221141870532717,
    "sigma_total": 3.002549131029089,
    "pre_active": 2.016322397216551,
    "post_active": 6.759045573952607
  }
}