{
  "experiment": "Fisher Information",
  "results": {
    "0.5B": {
      "model": "0.5B",
      "n_layers": 24,
      "mean_fisher_trace": [
        1962229360230.4,
        417318.473046875,
        180245.787890625,
        231100.741015625,
        147082.503125,
        187877.43828125,
        119140.842578125,
        160373.37421875,
        151489.74453125,
        180137.61171875,
        129050.50859375,
        199795.31484375,
        291322.333984375,
        237647.973828125,
        169488.523046875,
        268440.284375,
        221106.098828125,
        175567.23828125,
        266147.806640625,
        316107.525390625,
        3245359.96640625,
        2803380.41015625,
        1357529.60390625,
        2128976.684375,
        919699.246875
      ],
      "mean_log_det": [
        4564.5701904296875,
        1339.0982604980468,
        1256.4567077636718,
        1270.1697204589843,
        1240.7703552246094,
        1243.6030578613281,
        1211.8653137207032,
        1245.013934326172,
        1234.2868713378907,
        1244.8356872558593,
        1223.3228393554687,
        1254.6237365722657,
        1303.1345275878907,
        1278.7696411132813,
        1257.8143127441406,
        1278.7123779296876,
        1296.2287231445312,
        1267.0304443359375,
        1293.1209045410155,
        1328.3306579589844,
        1577.3725708007812,
        1661.256298828125,
        1516.0584106445312,
        1593.7501953125,
        1505.306866455078
      ],
      "mean_geodesic": [
        0.0,
        1.922903910279274,
        0.6200143445283175,
        0.5929519519209862,
        0.6181072846055031,
        0.4562510274350643,
        0.46022987812757493,
        0.4857583023607731,
        0.4959921076893806,
        0.46896776705980303,
        0.4369331061840057,
        0.3293543063104153,
        0.3648354638367891,
        0.31474962942302226,
        0.33371589593589307,
        0.4365514524281025,
        0.4544090613722801,
        0.4569092348217964,
        0.3234074659645557,
        0.47497311010956766,
        0.7141418620944023,
        0.5083998080343008,
        0.475657994300127,
        0.39948317483067514,
        0.6565396472811699
      ],
      "mean_T": [
        0.0002447584078876778,
        4.993249970674515,
        6.167808938026428,
        5.950108373165131,
        6.430617272853851,
        6.560370981693268,
        6.812754774093628,
        6.334601926803589,
        6.4119176983833315,
        6.437820100784302,
        6.790766048431396,
        6.475034689903259,
        5.766546773910522,
        6.287855976819992,
        6.567074799537659,
        6.217904585599899,
        5.811849987506866,
        6.29564665555954,
        6.072091042995453,
        5.637158042192459,
        3.3407923862338067,
        2.5154916897416113,
        3.7772955000400543,
        2.9841045081615447,
        3.022021597623825
      ],
      "total_geodesic": 12.801237786933779,
      "dgeo": [
        1.922903910279274,
        -1.3028895657509565,
        -0.027062392607331343,
        0.025155332684516973,
        -0.16185625717043883,
        0.003978850692510638,
        0.025528424233198177,
        0.010233805328607515,
        -0.027024340629577592,
        -0.032034660875797316,
        -0.10757879987359042,
        0.03548115752637382,
        -0.05008583441376685,
        0.01896626651287081,
        0.10283555649220943,
        0.017857608944177594,
        0.0025001734495163075,
        -0.1335017688572407,
        0.15156564414501195,
        0.23916875198483467,
        -0.2057420540601015,
        -0.03274181373417384,
        -0.07617481946945187,
        0.25705647245049473
      ],
      "r_fisher_T": -0.6442546387159864,
      "p_fisher_T": 0.0005094938851405912
    },
    "1.5B": {
      "model": "1.5B",
      "n_layers": 28,
      "mean_fisher_trace": [
        1975354431897.6,
        1101167.221484375,
        558044.41953125,
        6063725.439453125,
        675731.202734375,
        659401.793359375,
        618521.182421875,
        200983.823046875,
        228511.0984375,
        211933.22890625,
        223672.216796875,
        518478.13671875,
        339447.536328125,
        694997.6265625,
        516993.353515625,
        215251.920703125,
        183808.9515625,
        208435.67890625,
        314259.2111328125,
        270892.20078125,
        448497.83203125,
        1094715.772265625,
        2240707.940625,
        338317746.4046875,
        776024447.915625,
        4587922742.471875,
        138171049.66875,
        8037229.2390625,
        1225223.1375
      ],
      "mean_log_det": [
        4572.357006835938,
        1415.0184692382813,
        1350.2031494140624,
        1426.3737731933593,
        1363.1680603027344,
        1308.6573486328125,
        1332.986260986328,
        1274.0621948242188,
        1279.0375854492188,
        1272.9830688476563,
        1270.7440368652344,
        1287.8539672851562,
        1294.3057556152344,
        1293.4764099121094,
        1299.1527526855468,
        1270.9022644042968,
        1241.9771301269532,
        1260.915673828125,
        1301.4046203613282,
        1290.4436828613282,
        1346.2960510253906,
        1414.5343872070312,
        1582.348876953125,
        1761.791766357422,
        1963.2260375976562,
        1953.6700805664063,
        1938.9278625488282,
        1763.6888671875,
        1445.4720092773437
      ],
      "mean_geodesic": [
        0.0,
        1.942977911233902,
        0.6212469771504402,
        0.5802802041172981,
        0.5869800217449666,
        0.4862964704632759,
        0.4613417163491249,
        0.4698734313249588,
        0.4408496029675007,
        0.4797584071755409,
        0.43667988330125806,
        0.45147487744688986,
        0.4213353343307972,
        0.3857777457684278,
        0.34358729645609853,
        0.3251690536737442,
        0.3227679029107094,
        0.3006972886621952,
        0.4372668944299221,
        0.42279361709952357,
        0.4420140437781811,
        0.49193688333034513,
        0.6116285599768162,
        0.5278485156595707,
        0.41837106756865977,
        0.538255313783884,
        0.4634453449398279,
        0.5233829218894244,
        0.7358431801199913
      ],
      "mean_T": [
        5.3030530407663224e-05,
        4.345126116275788,
        4.789828534424305,
        4.621769312955439,
        4.882695907354355,
        5.492977809906006,
        5.082974582910538,
        5.570018172264099,
        5.622394448518753,
        5.685882031917572,
        5.853964531421662,
        5.871749596297741,
        5.643719398975373,
        5.672477613389492,
        5.6032111391425135,
        6.00106982588768,
        6.445648109912872,
        6.076834213733673,
        5.582613128423691,
        5.6996255874633786,
        5.059562009572983,
        4.28090889453888,
        2.8509251460433007,
        2.202569694444537,
        1.6441737800836562,
        1.663420671224594,
        1.6511031460016965,
        2.1427052944898604,
        3.440520340204239
      ],
      "total_geodesic": 14.669880467653275,