{
  "experiment": "Dual Temperature Unification",
  "results": {
    "0.5B": {
      "model": "0.5B",
      "n_layers": 24,
      "mean_T_sm": [
        0.00020645015817998843,
        5.466930240392685,
        6.618838739395142,
        6.075707149505615,
        6.428751730918885,
        6.401846182346344,
        6.41313591003418,
        6.2690824508667,
        6.047095680236817,
        6.6013343334198,
        6.639283609390259,
        6.696441704034806,
        6.105701094865799,
        6.456911706924439,
        6.637544393539429,
        6.267029500007629,
        5.532259082794189,
        6.702926158905029,
        6.449367582798004,
        6.19183657169342,
        4.213478614389897,
        3.3294947654008866,
        4.564441706240177,
        3.451081196963787,
        3.2849484220147134
      ],
      "mean_T_sq": [
        132.12102537936767,
        70.54216379383156,
        72.5184739721285,
        78.91243395497028,
        79.91038600837744,
        81.21711628785596,
        86.29544293567136,
        79.42932041014208,
        73.92893032831171,
        70.84045729773872,
        69.17013162008946,
        69.2683452157109,
        68.85055296574129,
        67.18385125017434,
        67.26020576577386,
        68.34603454701691,
        70.43295219682172,
        72.31660025450225,
        75.23305956678335,
        80.4555739816553,
        81.25024109823015,
        85.13911834531127,
        85.42579461878545,
        90.17745179043587,
        62.46741688270206
      ],
      "mean_PR": [
        290.43625717163087,
        66.08221802711486,
        29.82646861076355,
        48.74434366226196,
        38.02113666534424,
        35.58602161407471,
        46.483209466934206,
        40.25768280029297,
        43.26252498626709,
        33.60046916007995,
        25.467587804794313,
        23.04447474479675,
        30.91259126663208,
        21.210958814620973,
        18.82183611392975,
        20.898612833023073,
        19.79013888835907,
        16.535688877105713,
        12.917852866649628,
        10.38499686717987,
        9.012607884407043,
        7.319477927684784,
        3.5370301365852357,
        4.288948041200638,
        9.457148957252503
      ],
      "mean_U": [
        0.44239233136177064,
        6.387908387184143,
        8.761176586151123,
        10.119143533706666,
        11.392043781280517,
        12.990521335601807,
        14.319577360153199,
        15.160682535171508,
        15.704163360595704,
        16.378489780426026,
        16.86166214942932,
        17.426235961914063,
        17.052159690856932,
        18.578025913238527,
        19.55350570678711,
        21.113107204437256,
        23.498302936553955,
        28.31564016342163,
        33.31202373504639,
        37.60093936920166,
        44.20739307403564,
        55.326739120483396,
        71.69427547454833,
        77.13061065673828,
        292.1318992614746
      ],
      "PRT_sm": [
        0.05996061123428699,
        361.2668760846569,
        197.41658590027498,
        296.15635728676375,
        244.42844814883523,
        227.81623661495868,
        298.1031398460365,
        252.37873275587484,
        261.61262796059304,
        221.80793068544895,
        169.08653828307814,
        154.3159817286338,
        188.74304234181443,
        136.95728828521828,
        124.93077277413235,
        130.97222313379362,
        109.48417561488297,
        110.83750152986681,
        83.31198151752439,
        64.30220339912591,
        37.97443058083084,
        24.37016344569382,
        16.14456787165804,
        14.801507939742187,
        31.066246543884702
      ],
      "dual_correlation": {
        "r": -0.7369269993595978,
        "p": 2.652579355498215e-05,
        "rho": -0.4115384615384615
      },
      "linear_fit": {
        "slope": -0.0877215652849,
        "intercept": 12.356434664116229,
        "r": -0.7369269993595977
      },
      "power_law": {
        "alpha": -10.928143659142437,
        "A": 1.4772429540585696e+21
      },
      "noether": {
        "PRT_mean": 156.59523167805514,
        "PRT_cv": 0.6236285089364725
      },
      "cooling_arrow": {
        "rho_sm": -0.24307692307692308,
        "rho_sq": -0.061538461538461535
      }
    },
    "1.5B": {
      "model": "1.5B",
      "n_layers": 28,
      "mean_T_sm": [
        2.5770471195344514e-05,
        3.4801049649715425,
        3.9362366288900374,
        3.8481031328439714,
        3.9580688655376433,
        4.5610507190227505,
        4.415773719549179,
        4.959083014726639,
        4.6913651585578915,
        4.606046459078788,
        4.8499434888362885,
        5.373641872406006,
        5.412036669254303,
        5.2683692395687105,
        5.267487770318985,
        5.682531797885895,
        6.086598992347717,
        5.793800514936447,
        5.210980522632599,
        5.546845102310181,
        4.5911399006843565,
        4.086442533135414,
        2.428039498627186,
        1.884123145788908,
        1.3823705825954675,
        1.583192490041256,
        1.6946496907621622,
        2.5457433857023717,
        3.4897632241249084
      ],
      "mean_T_sq": [
        181.95411883555423,
        78.90663504102211,
        76.80017980407845,
        78.56233859643154,
        83.39913008618956,
        84.59974867283685,
        83.67451574798432,
        78.65851644035621,
        79.46949518491122,
        78.71112967353865,
        78.896529914166,
        75.84350726032307,
        74.84282063805833,
        74.29141248143344,
        73.71485806702998,
        72.2869991113688,
        71.03252726185181,
        70.74835898913247,
        71.37203903081108,
        72.1672291872719,
        69.52120500062892,
        71.32698119472195,
        72.61103647479224,
        74.72830821390907,
        76.93770849613337,
        80.88467147648963,
        83.34261704081008,
        80.53077764274323,
        55.67771876692575
      ],
      "mean_PR": [
        557.1903900146484,
        107.20437278747559,
        79.43963737487793,
        85.41945085525512,
        73.28171100616456,
        52.70380401611328,
        57.58415775299072,
        39.33014941215515,
        41.85399417877197,
        40.96096291542053,
        26.51860213279724,
        22.80787353515625,
        25.236574411392212,
        33.532266807556155,
        29.57942352294922,
        20.487154054641724,
        16.60332672595978,
        19.984751653671264,
        20.067340326309203,
        18.038759994506837,
        16.41142816543579,
        16.140445137023924,
        15.871840834617615,
        11.859657788276673,
        9.733884000778199,
        7.180487704277039,
        6.490197479724884,
        5.084291481971741,
        4.790713930130005
      ],
      "mean_U": [
        0.9607668489217758,
        20.892914295196533,
        26.879414749145507,
        32.786568069458006,
        39.20758295059204,
        44.820131874084474,
        44.54428253173828,
        47.63741493225098,
        51.280502510070804,
        53.48555850982666,
        58.66326484680176,
        59.27018928527832,
        58.738023948669436,
        57.81393299102783,
        60.29483280181885,
        62.6806755065918,
        65.53609409332276,
        65.2592206954956,
        69.35109844207764,
        76.59559192657471,
        87.97926292419433,
        96.18544921875,
        113.90851440429688,
        136.28563499450684,
        163.0506690979004,
        207.2879150390625,
        236.88783493041993,
        292.672265625,
        202.35651550292968
      ],