{
  "experiment": "Grand Unified Figure v2",
  "summary": {
    "L0": 21.057284595689495,
    "R2": 0.8306976153353862,
    "total_phases": 88
  }
}