{
  "experiment": "Dual Temperature Coupling Function",
  "results": {
    "0.5B": {
      "T_sm": [
        0.0002724622420063446,
        5.535705876350403,
        6.617294502258301,
        6.192757097880046,
        6.6623046875,
        6.719629891713461,
        6.405364068349202,
        6.025211270650228,
        6.054543463389079,
        6.6946940422058105,
        6.697929986317953,
        6.564131013552347,
        5.963791155815125,
        6.303019205729167,
        6.611811383565267,
        6.2085219065348305,
        5.670962015787761,
        6.5923417409261065,
        6.184805186589559,
        5.733880265553792,
        3.5740839501221973,
        2.737572801113129,
        3.850166767835617,
        2.8957546134789784,
        2.806698817014694
      ],
      "T_H": [
        131.42953326244776,
        72.09527161135316,
        74.69950624326682,
        81.98797763595117,
        82.72572431562111,
        83.5213363996991,
        91.05671329863027,
        83.11696535815427,
        75.58815045543017,
        71.48114825326765,
        69.50803055568032,
        68.41711974382628,
        67.67282020885312,
        66.12183838019425,
        66.38137140904216,
        68.15152410920913,
        70.57718843017375,
        71.64883793834817,
        75.10635604801422,
        80.0114737029549,
        80.87234748388958,
        85.30595088030286,
        86.03148163204105,
        91.04111732880544,
        62.782740735359845
      ],
      "fits": {
        "linear": {
          "params": {
            "a": 9.2416,
            "b": -0.0474
          },
          "r2": 0.0829,
          "formula": "T_sm = 9.242 + -0.047*T_H",
          "residuals": [
            -0.2906474061902715,
            0.9143079193268298,
            0.8350368937505648,
            1.3395327065080211,
            1.4345473092799272,
            1.4772441677495518,
            0.72097299456237,
            0.39365335757144404,
            0.8392487681404486,
            0.7490150166618408,
            0.563537879119071,
            -0.07206062084073395,
            0.1936949750130177,
            0.5147816415315836,
            0.19534708822722102,
            -0.22730526002345375,
            0.7448401915748599,
            0.5010917202326315,
            0.28252995452446417,
            -1.836485412895558,
            -2.462969780258711,
            -1.3160062781610042,
            -2.0331040927954436,
            -3.4608037326086825
          ]
        },
        "power": {
          "params": {
            "A": 124.3476,
            "alpha": -0.7236
          },
          "r2": 0.0389,
          "formula": "T_sm = 124.348 * T_H^-0.724",
          "residuals": [
            -0.0903797945934377,
            1.1338359315060602,
            1.0665450108721402,
            1.5692144641595718,
            1.661693570362142,
            1.6539067032999695,
            0.9494804055071082,
            0.6178101694805722,
            1.0336725460597567,
            0.921073227660588,
            0.7207654519882025,
            0.07398971859634074,
            0.3135669296730281,
            0.6393135333781972,
            0.34868650198311624,
            -0.04243507922918166,
            0.9409108756803279,
            0.7228572051585269,
            0.5163437504334754,
            -1.6032030360579177,
            -2.243571162272179,
            -1.100543845725265,
            -1.856291738914766,
            -3.4116069646596916
          ]
        },
        "logarithmic": {
          "params": {
            "a": 20.2,
            "b": -3.366
          },
          "r2": 0.0714,
          "formula": "T_sm = 20.200 + -3.366*ln(T_H)",
          "residuals": [
            -0.26435616732438927,
            0.9366766466227281,
            0.825515163956295,
            1.3252157440232244,
            1.4147591028389206,
            1.3912536531777935,
            0.7040040945674484,
            0.4137326230463163,
            0.8658364672826728,
            0.7748518870667782,
            0.5878047319907873,
            -0.04935446630249807,
            0.21182997556640526,
            0.5338082648536515,
            0.21910318975202792,
            -0.20073444974540688,
            0.771371420764198,
            0.5224707040365892,
            0.28449815351265695,
            -1.839275051963336,
            -2.49613275119025,
            -1.355031482481266,
            -2.118932379026542,
            -3.4589150750248328
          ]
        },
        "exponential": {
          "params": {
            "a": 11.8573,
            "b": -0.0103
          },
          "r2": 0.0503,
          "formula": "T_sm = 11.857 * exp(-0.010*T_H)",
          "residuals": [
            -0.12394962712202418,
            1.1068367658036342,
            1.0792806509879949,
            1.5873815467167862,
            1.6859582952617176,
            1.7461415209622668,
            0.9706155894653321,
            0.5940912558749369,
            0.9992705263919728,
            0.8860503860106475,
            0.68684524873572,
            0.041458578652096456,
            0.28570502610747894,
            0.6104963860090642,
            0.3152011044417131,
            -0.07752193675195151,
            0.9067072480296448,
            0.6972981678504766,
            0.5156657215236997,
            -1.5982503610480676,
            -2.2047841508499006,
            -1.055541767649812,
            -1.7642134225739023,
            -3.4203024238278728
          ]
        },
        "inverse": {
          "params": {
            "a": 233.6788,
            "b": 2.5321
          },
          "r2": 0.0598,
          "formula": "T_sm = 233.679/T_H + 2.532",
          "residuals": [
            -0.23766113964155267,
            0.956926562713833,
            0.8104807423423157,
            1.3054460061644422,
            1.3896792869655537,
            1.306947515357864,
            0.681648970223069,
            0.43095247848248164,
            0.8934801418809108,
            0.8039165540429432,
            0.6165121526423372,
            -0.021393102041916023,
            0.23683834361460487,
            0.5594477452642899,
            0.2475923770386368,
            -0.1721228092416789,
            0.7987789599286197,
            0.5413829264793044,
            0.28119712124025575,
            -1.8475102152057983,
            -2.533846668460856,
            -1.3981512968627463,
            -2.20310156426229,
            -3.4474410886646263
          ]
        },
        "best": "linear",
        "best_r2": 0.0829,
        "best_formula": "T_sm = 9.242 + -0.047*T_H"
      },
      "best_fit": "linear",
      "best_r2": 0.0829,
      "best_formula": "T_sm = 9.242 + -0.047*T_H"
    },
    "1.5B": {
      "T_sm": [
        3.3903050263337184e-05,
        4.193136012554168,
        4.536641001701355,
        4.297376004854838,
        4.560357308387756,
        5.240241360664368,
        4.903502345085144,
        5.638876406351725,
        5.428241078058878,
        5.18076475461324,
        5.423950886726379,
        5.723955456415812,
        5.677126375834147,
        5.8629559199015295,
        5.55808850924174,
        5.862263965606689,
        6.377099355061849,
        6.0426928997039795,
        5.24612283706665,
        5.782764784495035,
        4.893680349985758,
        4.385711983839671,
        2.5506884197394055,
        1.9966071178515752,
        1.3755363966027896,
        1.6324894358714421,
        1.5557041431466738,
        2.1169280340274175,
        2.99969318707784
      ],