{
  "experiment": "Symmetry Breaking at Transition",
  "skewness": [
    0.00852131461336588,
    -0.2206426654011011,
    -0.02137666381895542,
    -0.3035069790979226,
    -0.6967759703596433,
    -1.461659923195839,
    -1.3166939268509548,
    -2.2433911859989166,
    -2.336992084980011,
    -2.907160133123398,
    -4.445724060138066,
    -4.587254146734874,
    -3.646233389774958,
    -2.7838745216528573,
    -3.0009985864162445,
    -3.937638282775879,
    -4.649332602818807,
    -3.713568647702535,
    -3.5598235627015433,
    -3.4268052081267038,
    -2.9064523379007974,
    -2.4955459535121918,
    -1.5180687755346298,
    -1.157030705595389,
    -0.535927434762319,
    -0.04480151238385588,
    0.35668216213040677,
    0.6524188878635565,
    10.930057922999064
  ],
  "kurtosis": [
    -0.1507452130317688,
    11.15629760424296,
    17.625998099644978,
    15.386518796284994,
    18.496700207392376,
    34.22867012023926,
    28.975355466206867,
    48.26578617095947,
    50.17566919326782,
    63.583535512288414,
    102.34754053751628,
    108.14221954345703,
    84.93389574686687,
    64.55998071034749,
    71.15927855173747,
    95.11336994171143,
    117.78898747762044,
    95.37896887461345,
    98.38992468516032,
    106.39720598856609,
    96.5602544148763,
    90.39005470275879,
    88.84563128153484,
    126.16495259602864,
    144.1000779469808,
    205.6029427846273,
    226.25031534830728,
    289.7583262125651,
    346.4865417480469
  ],
  "neg_frac": [
    0.5003255208333334,
    0.49587673611111116,
    0.4976671006944444,
    0.5000542534722222,
    0.5014648437499999,
    0.5056423611111112,
    0.5031467013888888,
    0.4964192708333333,
    0.4935438368055555,
    0.4947374131944445,
    0.4939778645833333,
    0.4976671006944444,
    0.5079210069444443,
    0.5038519965277778,
    0.49913194444444436,
    0.50537109375,
    0.5040690104166667,
    0.5081922743055555,
    0.5078125,
    0.5015733506944444,
    0.501736111111111,
    0.49831814236111116,
    0.5005425347222222,
    0.4973958333333333,
    0.5028211805555556,
    0.5081922743055556,
    0.5026584201388887,
    0.5053168402777778,
    0.5071614583333333
  ],
  "top10_frac": [
    0.42641067256530124,
    0.668594092130661,
    0.6890177329381307,
    0.6579762250185013,
    0.6473434120416641,
    0.6714530289173126,
    0.6697805970907211,
    0.6986405998468399,
    0.7056951969861984,
    0.7328383922576904,
    0.7591158847014109,
    0.7850044717391332,
    0.7932825436194738,
    0.7896383901437124,
    0.7936979532241821,
    0.8144252647956213,
    0.832614595691363,
    0.823477124174436,
    0.8191221406062444,
    0.8196656554937363,
    0.8225423246622086,
    0.8041537900765737,
    0.8079911520083746,
    0.8195728162924448,
    0.8193835814793905,
    0.8304559389750162,
    0.8304455081621805,
    0.859051858385404,
    0.9170272946357727
  ],
  "entropy_act": [
    7.061851859092712,
    6.917109409968059,
    6.90810211499532,
    6.929809133211772,
    6.943100253740947,
    6.931382775306702,
    6.932279944419861,
    6.912560145060222,
    6.90224810441335,
    6.873105088869731,
    6.855416735013326,
    6.8221895297368365,
    6.788848519325256,
    6.782188057899475,
    6.776977618535359,
    6.744484782218933,
    6.719175775845845,
    6.7371277411778765,
    6.757972518603007,
    6.766543547312419,
    6.755841890970866,
    6.7925182183583575,
    6.788756092389424,
    6.786372900009155,
    6.806714018185933,
    6.805370569229126,
    6.818674047787984,
    6.793268243471782,
    6.617318034172058
  ],
  "summary": {
    "pre_skew": -2.483684931664602,
    "post_skew": 0.77347307390058,
    "pre_kurtosis": 63.26263868714136,
    "post_kurtosis": 189.6998553276062,
    "pre_neg": 0.5009610615079365,
    "post_neg": 0.5028008355034722,
    "pre_conc": 0.734301728506883,
    "post_conc": 0.8360102425018947
  }
}