{
  "experiment": "Token-by-Token Dynamics",
  "token_L0s": [
    -51.30714159553537,
    -233.0479972013235,
    17.482798509479256,
    -165.11885438704488,
    -169.30278679464666,
    23.168689561379825,
    16.65813997329901,
    7.081599087904359,
    24.58612053068752,
    21.45387832804516,
    18.19517344728658,
    21.663160990156012,
    23.202552644701377,
    26.631043418709208,
    24.113819175196593,
    22.178384672664926,
    -122.94412026289086,
    23.95574915918798,
    22.87454111625371,
    22.724797475977873,
    28.317452331531676,
    19.270725941539443,
    6.317603462689073,
    20.37899360483316,
    16.093085233894524,
    19.9622322777266,
    21.7,
    7.103839543143507,
    18.451811588298174,
    22.077446403049834
  ],
  "final_etas": [
    0.8716139937781052,
    0.9970115130154951,
    0.9998204299125464,
    0.7858485921379788,
    0.8467157720007248,
    0.9734490563339991,
    0.5706611100990719,
    0.8873171169222726,
    0.9678713964796122,
    0.9958172179237571,
    0.999348895213604,
    0.9010031177582212,
    0.9798701817513559,
    0.993422695192819,
    0.8489044171451532,
    0.9534123848868147,
    0.9909911739406908,
    0.9999986416302008,
    0.9986882704005837,
    0.9921620907525043,
    0.9982200101344395,
    0.8177960958484878,
    0.7093958596921267,
    0.8182308331110479,
    0.6156446939231122,
    0.9999968744521757,
    0.7924303614435064,
    0.9950869150819752,
    0.9732812626828359,
    0.8103358206557467
  ],
  "final_kTs": [
    11.45627448736894,
    19.777415195571013,
    9.758884329679596,
    14.59019808286663,
    23.20334363379372,
    15.52728619011091,
    11.033112721775826,
    19.634938994957665,
    13.482918754458767,
    9.92020987327474,
    10.78221292446925,
    9.263340614540343,
    9.52217906034026,
    9.59560769608579,
    10.935525606430343,
    12.409338309770925,
    10.19802465042487,
    9.489240719963101,
    6.19508654724291,
    4.8081701289914,
    3.5400233110598953,
    11.243272439291589,
    10.92745728596114,
    12.518903212293703,
    8.98494725169044,
    12.104043183568772,
    17.18389399685757,
    10.292050882788217,
    11.659216764373662,
    10.534719214354563
  ],
  "generated_text": " the discovery of the electron. The electron was discovered by J.J. Thomson in 1897. He was able to prove that atoms are",
  "summary": {
    "L0_mean": -8.202575392126866,
    "L0_cv": -8.225677493282092,
    "L0_range": [
      -233.0479972013235,
      28.317452331531676
    ]
  }
}