{
  "experiment": "Token-Position Dependent Transition",
  "fit_results": {
    "early (pos 2-5)": {
      "L0": 21.581973784608714,
      "r2": 0.9795424770282101
    },
    "mid (pos 20-30)": {
      "L0": 21.07404913769655,
      "r2": 0.9582140362892796
    },
    "late (pos 50+)": {
      "L0": 21.229545898918524,
      "r2": 0.9685858854741377
    }
  },
  "summary": {
    "mean_L0": 21.295189607074597,
    "std_L0": 0.21249107283298732,
    "cv": 0.009978360219032594
  }
}