{
  "experiment": "Architecture Universality",
  "results": {
    "Qwen2.5-1.5B": {
      "model_name": "Qwen2.5-1.5B",
      "n_layers": 29,
      "eta_profile": [
        0.0,
        0.0,
        0.0,
        0.3433760512140414,
        0.3653577923588409,
        0.4022021942020171,
        0.4035045212418238,
        0.3307757687234134,
        0.34104866360053904,
        0.24299311207484142,
        0.24299311207484142,
        0.2562545341477201,
        0.28719340239690183,
        0.278920057596864,
        0.3200222059264775,
        0.3200222059264775,
        0.3432889590186578,
        0.36957294939951196,
        0.47011647637245546,
        0.47011647637245546,
        0.47966025203327006,
        0.4415584139879812,
        0.556800417569332,
        0.7171591081391924,
        0.7785061824782679,
        0.7947681041645375,
        0.814061480582278,
        0.8166414651792341,
        0.8200906249228407
      ],
      "L0": 21.785373325349667,
      "L0_ratio": 0.7512197698396437,
      "r2": 0.9362265065102169
    },
    "GPT-2": {
      "model_name": "GPT-2",
      "n_layers": 13,
      "eta_profile": [
        0.0,
        0.0,
        0.0,
        0.5103664228461474,
        0.7005319445265296,
        0.5722193483517791,
        0.603621008229254,
        0.4813602378850166,
        0.5167585995594332,
        0.48943875294595335,
        0.503967524491605,
        0.48353401120470485,
        0.7149651690972022
      ],
      "L0": 0.25788225750178134,
      "L0_ratio": 0.019837096730906258,
      "r2": 0.3377141969233136
    },
    "Qwen2.5-0.5B": {
      "model_name": "Qwen2.5-0.5B",
      "n_layers": 25,
      "eta_profile": [
        0.0,
        0.0,
        0.0,
        0.09534747977836365,
        0.14829084942582438,
        0.10404998375841068,
        0.15219849365504765,
        0.2913706540421419,
        0.34566296599764285,
        0.35726753659767746,
        0.36881186353056217,
        0.36289318126456466,
        0.3691793766371185,
        0.3799613765959167,
        0.38138174487816184,
        0.3228722780574414,
        0.3951823218515728,
        0.35936394934744637,
        0.38504393092507216,
        0.45269833421035277,
        0.6103077777557228,
        0.7166127514755166,
        0.7166127514755166,
        0.7166127514755166,
        0.7566454023523003
      ],
      "L0": 127.80034009916395,
      "L0_ratio": 5.112013603966558,
      "r2": 0.8573261876393589
    }
  },
  "summary": {
    "models_tested": 3,
    "L0_ratios": {
      "Qwen2.5-1.5B": 0.7512197698396437,
      "GPT-2": 0.019837096730906258,
      "Qwen2.5-0.5B": 5.112013603966558
    },
    "cv": 1.1463422999025041
  }
}