{
  "experiment": "First Principles eta Derivation",
  "model_configs": [
    {
      "name": "Qwen2.5-1.5B",
      "d_model": 1536,
      "d_ffn": 8960,
      "n_layers": 28,
      "eta": 0.33633947825211874,
      "T_hot": 3.056017777903717,
      "T_cold": 2.0281583530207477
    },
    {
      "name": "Qwen2.5-0.5B",
      "d_model": 896,
      "d_ffn": 4864,
      "n_layers": 24,
      "eta": 0.22963988781211175,
      "T_hot": 3.9290284181402124,
      "T_cold": 3.026766773064931
    },
    {
      "name": "TinyLlama-1.1B",
      "d_model": 2048,
      "d_ffn": 5632,
      "n_layers": 22,
      "eta": 0.6401278898966694,
      "T_hot": 8.288646094004314,
      "T_cold": 2.9828525597850484
    }
  ],
  "formulas": {
    "Qwen2.5-1.5B": {
      "measured_eta": 0.33633947825211874,
      "1 - d/f": 0.8285714285714285,
      "1 - sqrt(d/f)": 0.5859606643945875,
      "1 - (d/f)^2": 0.9706122448979592,
      "1 - 1/sqrt(L)": 0.8110177634953863,
      "1 - d/(d+f)": 0.8536585365853658
    },
    "Qwen2.5-0.5B": {
      "measured_eta": 0.22963988781211175,
      "1 - d/f": 0.8157894736842105,
      "1 - sqrt(d/f)": 0.5708024623605239,
      "1 - (d/f)^2": 0.9660664819944599,
      "1 - 1/sqrt(L)": 0.7958758547680684,
      "1 - d/(d+f)": 0.8444444444444444
    },
    "TinyLlama-1.1B": {
      "measured_eta": 0.6401278898966694,
      "1 - d/f": 0.6363636363636364,
      "1 - sqrt(d/f)": 0.39697731084447274,
      "1 - (d/f)^2": 0.8677685950413223,
      "1 - 1/sqrt(L)": 0.7867992836443896,
      "1 - d/(d+f)": 0.7333333333333334
    }
  },
  "formula_errors": {
    "1 - d/f": 0.3607152632414805,
    "1 - sqrt(d/f)": 0.2779781132476925,
    "1 - (d/f)^2": 0.5327800219909472,
    "1 - 1/sqrt(L)": 0.3958618819823148,
    "1 - d/(d+f)": 0.4084430194674146
  },
  "best_formula": "1 - sqrt(d/f)",
  "best_error": 0.2779781132476925
}