{
  "experiment": "Hawking Radiation",
  "results": {
    "0.5B": {
      "n_layers": 24,
      "avg_S_output": 2.9956,
      "avg_S_hidden": [
        6.0678,
        5.2265,
        4.7352,
        5.073,
        4.8691,
        4.7967,
        4.8651,
        4.7229,
        4.7399,
        4.5827,
        4.5009,
        4.4085,
        4.5763,
        4.3623,
        4.1834,
        4.4529,
        4.4449,
        4.1453,
        3.7403,
        3.6445,
        3.7706,
        4.1625,
        3.3418,
        3.6325,
        3.6736
      ],
      "avg_eff_rank": [
        8.2305,
        7.9364,
        7.7785,
        1.5983,
        1.3236,
        1.3606,
        1.3723,
        1.3903,
        1.4011,
        1.4091,
        1.4162,
        1.4168,
        1.413,
        1.4295,
        1.4476,
        1.4763,
        1.5221,
        1.6405,
        1.7308,
        1.8146,
        1.9476,
        2.1414,
        6.4854,
        6.5205,
        6.2096
      ],
      "avg_radiation_eff": 0.8191,
      "avg_T_hawking": 1.6801,
      "avg_P1": 0.360995
    },
    "1.5B": {
      "n_layers": 28,
      "avg_S_output": 2.8495,
      "avg_S_hidden": [
        6.6869,
        5.8779,
        5.7237,
        5.706,
        5.575,
        5.3323,
        5.174,
        4.9448,
        4.9356,
        5.0688,
        4.8522,
        4.5551,
        4.7461,
        4.8482,
        4.7369,
        4.5107,
        4.4819,
        4.4864,
        4.5335,
        4.4118,
        4.3259,
        4.4823,
        4.5202,
        4.3389,
        4.1575,
        4.1165,
        3.7588,
        3.231,
        2.9345
      ],
      "avg_eff_rank": [
        8.2018,
        7.9268,
        1.2454,
        1.1586,
        1.1738,
        1.1923,
        1.1842,
        1.1932,
        1.2045,
        1.2109,
        1.2212,
        1.2243,
        1.2227,
        1.2242,
        1.2303,
        1.2347,
        1.2373,
        1.2424,
        1.255,
        1.2737,
        1.3152,
        1.3423,
        1.3962,
        1.464,
        1.5374,
        1.6324,
        1.7021,
        6.2068,
        5.496
      ],
      "avg_radiation_eff": 0.9719,
      "avg_T_hawking": 2.0387,
      "avg_P1": 0.355962
    }
  }
}