{
  "experiment": "The Standard Model of Transformers",
  "U_mean": [
    0.9886551827192307,
    21.49951696395874,
    28.27088317871094,
    35.6952525138855,
    40.994605445861815,
    47.03550281524658,
    46.508141136169435,
    49.93267650604248,
    53.05772476196289,
    55.07612857818604,
    60.206297874450684,
    60.022338676452634,
    59.49192352294922,
    58.78139953613281,
    60.687456893920896,
    63.03460884094238,
    66.66402606964111,
    66.50106601715088,
    71.77922286987305,
    79.14101333618164,
    89.72861747741699,
    98.50319213867188,
    114.67183876037598,
    137.47164459228514,
    160.7381935119629,
    204.23614654541015,
    228.37279052734374,
    278.86278076171874,
    205.1852897644043
  ],
  "S_mean": [
    6.642118954658509,
    5.757607817649841,
    5.6107398748397825,
    5.806806206703186,
    5.759984278678894,
    5.5717957496643065,
    5.580612683296204,
    5.368974184989929,
    5.352340340614319,
    5.1596797704696655,
    4.877585530281067,
    4.75303704738617,
    4.811622357368469,
    4.942788982391358,
    4.89546959400177,
    4.672900295257568,
    4.453907918930054,
    4.563926196098327,
    4.498144006729126,
    4.440543556213379,
    4.541574239730835,
    4.5871869921684265,
    4.562807846069336,
    4.264452171325684,
    4.1241576194763185,
    3.772528088092804,
    3.6898307323455812,
    3.3251306891441343,
    2.992519462108612
  ],
  "T_mean": [
    5.834547020842612e-05,
    4.026780685782432,
    4.847988885641098,
    4.482162535190582,
    4.544541159272194,
    5.286676895618439,
    5.1855041027069095,
    5.428665685653686,
    5.340271925926208,
    6.151815176010132,
    6.085969638824463,
    6.325253510475159,
    6.023131620883942,
    6.031554627418518,
    6.098981499671936,
    6.232864570617676,
    6.676640272140503,
    6.365144670009613,
    5.824332797527314,
    5.837504434585571,
    5.2262151598930355,
    4.546993135660887,
    3.2433510690927507,
    2.568688978999853,
    1.9322033997625112,
    1.8664560787379743,
    1.7501468867063523,
    2.1290394455194472,
    3.357916754484177
  ],
  "F_mean": [
    0.9882659407799943,
    -1.6653567844984778,
    1.2211154793358616,
    9.761809045213784,
    14.944337012070616,
    17.699049349525325,
    17.53971309737749,
    20.83662027930785,
    24.557830733311523,
    23.487239697641815,
    30.69754953031793,
    30.118014791951417,
    30.608365103946625,
    29.02750546557653,
    30.851784049483104,
    33.9314378271241,
    36.97694700767131,
    37.58320727601318,
    45.68264057319334,
    53.09659038738353,
    66.01358112362973,
    77.60453947816299,
    99.80564655680921,
    126.55275808569463,
    152.85997884272592,
    197.2561106944459,
    221.92977194815853,
    271.7984776380346,
    195.3433886119272
  ],
  "fisher_mean": [
    42.54745742082596,
    9.182206180691718,
    6.777260822057724,
    3.402759300172329,
    4.308874575793743,
    3.617441865801811,
    3.8932512789964675,
    4.625650811195373,
    3.541210374236107,
    2.8041630029678344,
    1.7421517074108124,
    1.820972427725792,
    0.9130936384201049,
    1.1392189651727676,
    0.7018434092402458,
    0.7501852512359619,
    0.791076922416687,
    1.5477018103003501,
    1.0386872589588165,
    1.96361962556839,
    2.2143162228167057,
    2.3739736300893126,
    4.802327835932374,
    1.284108273126185,
    5.842142915353179,
    0.834328840021044,
    1.0494277650024741,
    9.404764667153358
  ],
  "js_mean": [
    0.6011522397398948,
    0.3196700893342495,
    0.26050316244363786,
    0.17836075443774463,
    0.24795559719204902,
    0.22023607566952705,
    0.23335616290569305,
    0.2507129319012165,
    0.21783414520323277,
    0.17957056313753128,
    0.1439348429441452,
    0.1398323442786932,
    0.09041614774614573,
    0.09876401200890542,
    0.07199444323778152,
    0.07572752926498652,
    0.07395816016942262,
    0.1206220529973507,
    0.10369580555707217,
    0.15250789299607276,
    0.13095197398215533,
    0.15301513890735804,
    0.10259749512188136,
    0.07939881016500294,
    0.12374134770943783,
    0.07771333610871807,
    0.09302515955641866,
    0.2986725330352783
  ],
  "IxT_mean": [
    0.9999999791383744,
    0.061974195390939714,
    0.04381400723941624,
    0.05934422858990729,
    0.05804740311577916,
    0.0465210285037756,
    0.044305210839957,
    0.03779719136655331,
    0.035435734689235686,
    0.03593730158172548,
    0.03164944853633642,
    0.02641675784252584,
    0.027596974978223443,
    0.027267311047762633,
    0.023541458579711617,
    0.022194455144926906,
    0.01943710322957486,
    0.020087371091358365,
    0.019978281320072712,
    0.01899983042385429,
    0.020350450230762363,
    0.017538569727912547,
    0.015547496592625975,
    0.023583650449290873,
    0.02623502112692222,
    0.025244528194889426,
    0.022065974399447442,
    0.014486234076321125,
    0.06575194355100393
  ],
  "ITy_mean": [
    0.0,
    0.0,
    0.006407395411340999,
    0.0,
    0.0,
    0.0,
    0.0066074091707530366,
    0.0,
    0.001758912537863988,
    0.0,
    0.009240955574412157,
    0.0,
    0.0,
    0.0,
    0.0011686819074702315,
    0.0027141620879568506,
    0.0,
    0.0,
    0.025371430332808875,
    0.07094320676528551,
    0.16521605080717625,
    0.15428093274796123,
    0.2685050300891044,
    0.3282837234084331,
    0.36651130326322545,
    0.3952185586017853,
    0.47755459692813396,
    0.8365314642166698,
    0.2221923007385967
  ],
  "summary": {
    "eta_mean": 0.538214673091029,
    "eta_std": 0.05600103310060118,
    "L0": 21,
    "n_layers": 29,
    "total_experiments": 200
  }
}