{
  "experiment": "Speed of Sound in Token Flow",
  "results": {
    "0.01": [
      {
        "seq_len": 26,
        "n_layers": 29,
        "sigma": 0.01,
        "mean_speed": 3.4707,
        "max_reach": 25,
        "kl_per_pos": [
          0.175762,
          0.044032,
          0.001395,
          0.004384,
          0.001859,
          0.001112,
          0.000374,
          0.008156,
          0.002183,
          0.000134,
          0.003682,
          0.001201,
          0.000897,
          0.001825,
          0.002537,
          0.001178,
          0.001541,
          0.000886,
          0.002065,
          0.001183,
          0.001204,
          1.2e-05,
          0.001743,
          1e-06,
          0.0,
          0.003227
        ],
        "wavefront_per_layer": [
          0,
          24,
          25,
          25,
          25,
          25,
          25,
          25,
          25,
          25,
          25,
          25,
          25,
          25,
          25,
          25,
          25,
          25,
          25,
          25,
          25,
          25,
          25,
          25,
          25,
          25,
          25,
          25,
          25
        ]
      },
      {
        "seq_len": 29,
        "n_layers": 29,
        "sigma": 0.01,
        "mean_speed": 3.7103,
        "max_reach": 26,
        "kl_per_pos": [
          0.012231,
          0.00221,
          0.036825,
          0.006353,
          0.001391,
          0.001728,
          0.003813,
          0.002978,
          0.001283,
          0.001111,
          0.000563,
          0.001477,
          0.001414,
          0.001333,
          0.002804,
          0.000113,
          0.004363,
          0.000485,
          0.000466,
          0.000281,
          0.000374,
          2.7e-05,
          0.00017,
          0.000137,
          0.000492,
          0.000295,
          0.000576,
          0.000451,
          0.000382
        ],
        "wavefront_per_layer": [
          0,
          22,
          28,
          28,
          28,
          28,
          28,
          28,
          28,
          28,
          28,
          28,
          28,
          28,
          28,
          28,
          28,
          28,
          28,
          28,
          28,
          28,
          28,
          28,
          28,
          28,
          28,
          28,
          26
        ]
      },
      {
        "seq_len": 26,
        "n_layers": 29,
        "sigma": 0.01,
        "mean_speed": 2.3105,
        "max_reach": 20,
        "kl_per_pos": [
          0.029995,
          0.001517,
          0.001153,
          0.001828,
          0.000454,
          0.000652,
          0.000425,
          0.000904,
          1e-06,
          0.001056,
          0.000289,
          0.000902,
          0.000377,
          0.001325,
          0.00016,
          0.000471,
          6.2e-05,
          0.00027,
          0.000364,
          3.9e-05,
          0.000386,
          0.000187,
          0.000142,
          7e-05,
          0.000406,
          0.000131
        ],
        "wavefront_per_layer": [
          0,
          10,
          20,
          24,
          23,
          23,
          23,
          16,
          16,
          17,
          17,
          17,
          16,
          16,
          15,
          15,
          14,
          14,
          14,
          14,
          12,
          14,
          14,
          14,
          14,
          14,
          14,
          9,
          20
        ]
      }
    ],
    "0.05": [
      {
        "seq_len": 26,
        "n_layers": 29,
        "sigma": 0.05,
        "mean_speed": 3.4707,
        "max_reach": 25,
        "kl_per_pos": [
          15.856654,
          1.522133,
          0.075233,
          0.198531,
          0.420452,
          0.045195,
          0.003172,
          0.254021,
          0.03539,
          0.016394,
          0.06579,
          0.13047,
          0.07762,
          0.119264,
          0.042934,
          0.084032,
          0.016554,
          0.014056,
          0.019107,
          0.057069,
          0.012437,
          9e-06,
          0.023419,
          1e-05,
          3.8e-05,
          0.146926
        ],
        "wavefront_per_layer": [
          0,
          24,
          25,
          25,
          25,
          25,
          25,
          25,
          25,
          25,
          25,
          25,
          25,
          25,
          25,
          25,
          25,
          25,
          25,
          25,
          25,
          25,
          25,
          25,
          25,
          25,
          25,
          25,
          25
        ]
      },
      {
        "seq_len": 29,
        "n_layers": 29,
        "sigma": 0.05,
        "mean_speed": 3.82,
        "max_reach": 28,
        "kl_per_pos": [
          1.847354,
          0.365714,
          0.219793,
          0.123588,
          0.036976,
          0.072101,
          0.014254,
          0.038089,
          0.014627,
          0.049905,
          0.008903,
          0.017708,
          0.024171,
          0.029107,
          0.038669,
          0.003519,
          0.065842,
          0.013434,
          0.006055,
          0.014731,
          0.005613,
          0.001352,
          0.006978,
          0.003099,
          0.02309,
          0.010291,
          0.015074,
          0.020563,
          0.019592
        ],
        "wavefront_per_layer": [
          0,
          25,
          28,
          28,
          28,
          28,
          28,
          28,
          28,
          28,
          28,
          28,
          28,
          28,
          28,
          28,
          28,
          28,
          28,
          28,
          28,
          28,
          28,
          28,
          28,
          28,
          28,
          28,
          28
        ]
      },
      {
        "seq_len": 26,
        "n_layers": 29,
        "sigma": 0.05,
        "mean_speed": 3.435,
        "max_reach": 25,
        "kl_per_pos": [
          11.302261,
          0.496231,
          0.388321,
          0.297613,
          0.087781,
          0.171122,
          0.114967,
          0.213567,
          0.000764,
          0.170338,
          0.03318,
          0.073665,
          0.024465,
          0.065685,
          0.015796,
          0.04173,
          0.001684,
          0.036009,
          0.02825,
          0.000545,
          0.023528,
          0.003291,
          0.000897,
          0.008848,
          0.003357,
          0.010727
        ],
        "wavefront_per_layer": [
          0,
          23,
          25,
          25,
          25,
          25,
          25,
          25,
          25,
          25,
          25,
          25,
          25,
          25,
          25,
          25,
          25,
          25,
          25,
          25,
          25,
          25,
          25,
          25,
          25,
          25,
          25,
          25,
          25
        ]
      }
    ],
    "0.1": [
      {
        "seq_len": 26,
        "n_layers": 29,
        "sigma": 0.1,
        "mean_speed": 3.5064,
        "max_reach": 25,
        "kl_per_pos": [
          6.194297,
          1.710119,
          0.111632,
          0.21312,
          0.408474,
          0.064863,
          0.009679,
          0.298618,
          0.057624,
          0.024453,
          0.095847,
          0.170245,
          0.073146,
          0.151015,
          0.052522,
          0.082996,
          0.017107,
          0.02081,
          0.016325,
          0.089994,
          0.012295,
          6e-06,
          0.026834,
          1.9e-05,
          7e-05,
          0.188932
        ],