{
  "experiment": "SiLU as Higgs Potential",
  "valley_fracs": [
    0.7091405987739563,
    0.07095982134342194,
    0.1425892859697342,
    0.3820870518684387,
    0.7071986794471741,
    0.28104910254478455,
    0.845111608505249,
    0.8244642615318298,
    0.8278682827949524,
    0.7779799103736877,
    0.7749441862106323,
    0.7688392996788025,
    0.7498325705528259,
    0.7356361746788025,
    0.7436830401420593,
    0.7327901721000671,
    0.732421875,
    0.73046875,
    0.7077455520629883,
    0.7144643068313599,
    0.7372656464576721,
    0.7530580163002014,
    0.7567856907844543,
    0.7893526554107666,
    0.7925781011581421,
    0.7842410802841187,
    0.7283259034156799,
    0.6857812404632568
  ],
  "linear_fracs": [
    0.009475446306169033,
    0.0015401785494759679,
    0.0028013393748551607,
    0.0071875001303851604,
    0.013738838955760002,
    0.004118303768336773,
    0.012455357238650322,
    0.015312500298023224,
    0.014787946827709675,
    0.020457589998841286,
    0.021406250074505806,
    0.02170758880674839,
    0.024587053805589676,
    0.016138393431901932,
    0.01630580425262451,
    0.022109374403953552,
    0.028973214328289032,
    0.036741070449352264,
    0.045502230525016785,
    0.062310267239809036,
    0.04447544738650322,
    0.054207589477300644,
    0.050089284777641296,
    0.042779017239809036,
    0.041495535522699356,
    0.04504464194178581,
    0.06127232313156128,
    0.04678571596741676
  ],
  "dead_fracs": [
    0.0,
    0.6237723231315613,
    0.4386272430419922,
    0.15293526649475098,
    0.011060267686843872,
    0.20950892567634583,
    0.0003124999930150807,
    3.348214158904739e-05,
    4.4642856664722785e-05,
    2.2321428332361393e-05,
    7.812499825377017e-05,
    0.0004910714342258871,
    7.812499825377017e-05,
    0.00010044642840512097,
    6.696428317809477e-05,
    2.2321428332361393e-05,
    3.348214158904739e-05,
    0.00010044642840512097,
    0.00015624999650754035,
    0.00027901786961592734,
    0.00018973214901052415,
    0.0008258928428404033,
    0.0028794643003493547,
    0.0016406249487772584,
    0.00212053582072258,
    0.0024888392072170973,
    0.003660714253783226,
    0.013571428135037422
  ],
  "valley_depth": [
    -0.17172871530056,
    -0.20274674892425537,
    -0.2055169641971588,
    -0.21166329085826874,
    -0.21612666547298431,
    -0.20838171243667603,
    -0.21969759464263916,
    -0.21545615792274475,
    -0.21550418436527252,
    -0.20587868988513947,
    -0.20628021657466888,
    -0.20527565479278564,
    -0.19573676586151123,
    -0.1872951239347458,
    -0.19014862179756165,
    -0.1893017739057541,
    -0.19223518669605255,
    -0.19649426639080048,
    -0.19594605267047882,
    -0.20538286864757538,
    -0.20568566024303436,
    -0.2147313356399536,
    -0.21860583126544952,
    -0.22178275883197784,
    -0.22228693962097168,
    -0.22075514495372772,
    -0.21398933231830597,
    -0.21681521832942963
  ],
  "summary": {
    "pre_valley": 0.6522161988984971,
    "post_valley": 0.7557318125452314,
    "pre_linear": 0.02105389029297623,
    "post_linear": 0.04881058686545917
  }
}