{
  "experiment": "Cross-Scale Universality",
  "profiles": {
    "0.5B": {
      "name": "0.5B",
      "n_layers": 24,
      "n_hidden_states": 25,
      "mean_U": [
        0.45752891103426613,
        6.560224469502767,
        8.88241024017334,
        10.474599266052246,
        11.859998194376628,
        13.772336260477703,
        15.45847593943278,
        15.93207213083903,
        16.354093233744305,
        17.153237342834473,
        17.61948560078939,
        17.80292682647705,
        17.366393089294434,
        19.009936650594074,
        19.899971135457356,
        21.92168769836426,
        24.57099863688151,
        29.308264923095702,
        34.0989444732666,
        38.48499577840169,
        44.92992655436198,
        54.93646062215169,
        71.21475168863932,
        75.88529205322266,
        292.00986735026044
      ],
      "mean_T": [
        0.00029223098479749923,
        4.97485564549764,
        6.054199091593424,
        5.9286600112915036,
        6.452806711196899,
        6.713807201385498,
        6.870805486043294,
        6.225587050120036,
        6.315786584218343,
        6.237208906809489,
        6.678454303741455,
        6.424417153994242,
        5.794420313835144,
        6.180474503835042,
        6.478911018371582,
        6.557492955525716,
        5.919400421778361,
        6.672818819681804,
        6.6988325119018555,
        5.88572260538737,
        3.3781972150007884,
        2.4764817078908283,
        3.7159934838612876,
        3.050206931432088,
        3.1340720653533936
      ],
      "dT": [
        4.974563414512843,
        1.079343446095784,
        0.1255390803019205,
        0.5241466999053959,
        0.2610004901885983,
        0.15699828465779664,
        0.6452184359232582,
        0.09019953409830705,
        0.07857767740885446,
        0.44124539693196674,
        0.25403714974721314,
        0.6299968401590981,
        0.38605418999989816,
        0.2984365145365393,
        0.07858193715413453,
        0.6380925337473551,
        0.7534183979034426,
        0.026013692220051787,
        0.8131099065144856,
        2.5075253903865815,
        0.9017155071099601,
        1.2395117759704593,
        0.6657865524291995,
        0.08386513392130546
      ],
      "L0_dT_max": 0,
      "L0_below_median": 1,
      "L0_inflection": 0,
      "L0_ratio_dT": 0.0,
      "L0_ratio_median": 0.041666666666666664,
      "eta_mean": 0.7901065941394582,
      "eta_std": 0.10763060237163745,
      "T_hot_mean": 7.758510684967041,
      "T_cold_mean": 1.6324227889378866,
      "d_model": 896
    },
    "1.5B": {
      "name": "1.5B",
      "n_layers": 28,
      "n_hidden_states": 29,
      "mean_U": [
        1.0213682055473328,
        21.26514638264974,
        27.777147674560545,
        34.78272069295247,
        41.21173985799154,
        46.63032023111979,
        46.709059397379555,
        49.70325927734375,
        53.090311431884764,
        55.485373942057294,
        60.46991856892904,
        60.778778584798175,
        60.1463119506836,
        59.30938542683919,
        61.12542877197266,
        63.82208201090495,
        66.94502360026041,
        67.02993977864584,
        71.95823364257812,
        79.3896713256836,
        90.35092366536459,
        98.60487874348958,
        114.92009836832682,
        137.43809407552084,
        160.4061747233073,
        203.94561258951822,
        227.6103312174479,
        278.3002421061198,
        202.9428456624349
      ],
      "mean_T": [
        3.957392496661921e-05,
        4.141268547375997,
        4.613679055372874,
        4.309755553305149,
        4.673748135566711,
        5.384616994857788,
        4.886920921007792,
        5.44676833152771,
        5.332804282506307,
        5.715464973449707,
        5.789406903584799,
        5.849151968955994,
        5.799614898363749,
        5.646998356779417,
        5.644647246599197,
        5.917797478040059,
        6.392117007573446,
        5.910824767748514,
        5.167396442095439,
        5.6570594787597654,
        5.143506050109863,
        4.688776159286499,
        2.865913854042689,
        2.1471536487340925,
        1.565928365290165,
        1.467989452679952,
        1.433211062848568,
        2.023405381043752,
        3.329850157101949
      ],
      "dT": [
        4.141228973451031,
        0.47241050799687656,
        0.30392350206772445,
        0.36399258226156217,
        0.710868859291077,
        0.4976960738499967,
        0.559847410519918,
        0.11396404902140311,
        0.3826606909434007,
        0.0739419301350912,
        0.05974506537119506,
        0.04953707059224488,
        0.15261654158433213,
        0.0023511101802196066,
        0.27315023144086226,
        0.4743195295333864,
        0.4812922398249313,
        0.7434283256530758,
        0.48966303666432687,
        0.5135534286499022,
        0.4547298908233639,
        1.8228623052438104,
        0.7187602053085964,
        0.5812252834439275,
        0.09793891261021304,
        0.03477838983138404,
        0.5901943181951841,
        1.3064447760581972
      ],
      "L0_dT_max": 0,
      "L0_below_median": 1,
      "L0_inflection": 0,
      "L0_ratio_dT": 0.0,
      "L0_ratio_median": 0.03571428571428571,
      "eta_mean": 0.8639087569834979,
      "eta_std": 0.11470518783859576,
      "T_hot_mean": 6.86157964070638,
      "T_cold_mean": 0.9733604148030282,
      "d_model": 1536
    }
  }
}