{
  "experiment": "Renormalization Group Flow",
  "results": {
    "0.5B": {
      "n_layers": 24,
      "avg_g1": [
        68.4397,
        5.5126,
        3.6264,
        3.1919,
        2.6995,
        2.4037,
        2.19,
        2.0086,
        1.9869,
        1.909,
        1.8825,
        1.773,
        1.8664,
        1.6986,
        1.618,
        1.467,
        1.3022,
        1.0655,
        0.8897,
        0.7799,
        0.675,
        0.5398,
        0.4062,
        0.3836,
        0.1038
      ],
      "avg_g2": [
        0.003364,
        0.026608,
        0.062851,
        0.035599,
        0.052392,
        0.056089,
        0.052668,
        0.057644,
        0.04599,
        0.054222,
        0.05709,
        0.067391,
        0.046031,
        0.066769,
        0.085692,
        0.065292,
        0.066252,
        0.116015,
        0.157968,
        0.183867,
        0.173319,
        0.138217,
        0.29106,
        0.24442,
        0.111835
      ],
      "avg_g3": [
        0.013069,
        0.109461,
        0.205624,
        0.138551,
        0.19246,
        0.207473,
        0.202653,
        0.206578,
        0.177384,
        0.196588,
        0.198987,
        0.223555,
        0.170453,
        0.222326,
        0.258244,
        0.218644,
        0.217553,
        0.314573,
        0.366069,
        0.403992,
        0.399908,
        0.361086,
        0.535056,
        0.4917,
        0.289421
      ],
      "avg_beta1": [
        -62.9271,
        -1.8862,
        -0.4346,
        -0.4924,
        -0.2958,
        -0.2136,
        -0.1815,
        -0.0217,
        -0.0779,
        -0.0266,
        -0.1095,
        0.0934,
        -0.1677,
        -0.0807,
        -0.151,
        -0.1648,
        -0.2367,
        -0.1758,
        -0.1099,
        -0.1049,
        -0.1352,
        -0.1335,
        -0.0226,
        -0.2798
      ],
      "avg_beta2": [
        0.023244,
        0.036243,
        -0.027252,
        0.016793,
        0.003697,
        -0.003421,
        0.004975,
        -0.011653,
        0.008231,
        0.002868,
        0.010301,
        -0.021359,
        0.020738,
        0.018923,
        -0.0204,
        0.00096,
        0.049763,
        0.041953,
        0.025899,
        -0.010548,
        -0.035102,
        0.152842,
        -0.04664,
        -0.132585
      ],
      "uv_beta": -21.7493,
      "ir_beta": -0.1453,
      "p1t_cv": 1.6,
      "g1g2_cv": 0.4758,
      "p1t_is_rg_invariant": false
    },
    "1.5B": {
      "n_layers": 28,
      "avg_g1": [
        42.26,
        1.9549,
        1.5542,
        1.2814,
        1.0703,
        0.9025,
        0.8978,
        0.8469,
        0.8285,
        0.7959,
        0.7411,
        0.6877,
        0.7001,
        0.7115,
        0.6716,
        0.6518,
        0.6334,
        0.6129,
        0.5762,
        0.5139,
        0.457,
        0.4076,
        0.3322,
        0.2791,
        0.2349,
        0.1908,
        0.1613,
        0.1283,
        0.1921
      ],
      "avg_g2": [
        0.001716,
        0.011969,
        0.014772,
        0.013382,
        0.020601,
        0.032179,
        0.038723,
        0.052524,
        0.048763,
        0.041296,
        0.059501,
        0.089385,
        0.064281,
        0.051828,
        0.061657,
        0.076127,
        0.076559,
        0.07009,
        0.063929,
        0.07412,
        0.07808,
        0.072429,
        0.071462,
        0.083857,
        0.099542,
        0.113331,
        0.14482,
        0.197509,
        0.206431
      ],
      "avg_g3": [
        0.007539,
        0.063033,
        0.07272,
        0.071951,
        0.10628,
        0.152082,
        0.16739,
        0.201692,
        0.194362,
        0.177424,
        0.223413,
        0.280847,
        0.231267,
        0.198228,
        0.219767,
        0.247452,
        0.250624,
        0.234119,
        0.216321,
        0.229832,
        0.228767,
        0.215367,
        0.20173,
        0.211284,
        0.219944,
        0.2306,
        0.271646,
        0.322569,
        0.395066
      ],
      "avg_beta1": [
        -40.3051,
        -0.4007,
        -0.2727,
        -0.2111,
        -0.1678,
        -0.0047,
        -0.0508,
        -0.0184,
        -0.0326,
        -0.0549,
        -0.0534,
        0.0124,
        0.0115,
        -0.0399,
        -0.0198,
        -0.0184,
        -0.0205,
        -0.0368,
        -0.0622,
        -0.0569,
        -0.0495,
        -0.0754,
        -0.053,
        -0.0442,
        -0.0442,
        -0.0295,
        -0.0329,
        0.0637
      ],
      "avg_beta2": [
        0.010254,
        0.002803,
        -0.00139,
        0.007219,
        0.011578,
        0.006544,
        0.013801,
        -0.003762,
        -0.007466,
        0.018205,
        0.029884,
        -0.025103,
        -0.012453,
        0.009829,
        0.01447,
        0.000431,
        -0.006468,
        -0.006161,
        0.010191,
        0.00396,
        -0.005651,
        -0.000968,
        0.012395,
        0.015685,
        0.01379,
        0.031488,
        0.052689,
        0.008922
      ],
      "uv_beta": -13.6595,
      "ir_beta": 0.0004,
      "p1t_cv": 1.1208,
      "g1g2_cv": 0.4174,
      "p1t_is_rg_invariant": false
    }
  }
}