{
  "experiment": "Carnot Cycle",
  "results": {
    "0.5B": {
      "model": "0.5B",
      "n_layers": 24,
      "hot_T": [
        7.334379401021075e-07,
        4.842207574844361,
        5.751610565185547,
        5.415752792358399,
        5.649686813354492,
        5.66259765625,
        5.743124389648438,
        4.981674337387085,
        4.849779939651489,
        5.231022310256958,
        5.001971244812012,
        5.425698184967041,
        4.706058931350708,
        5.0783426523208615,
        5.110839319229126,
        5.680404186248779,
        5.140967655181885,
        5.852939224243164,
        5.142300939559936,
        5.1913978099823,
        4.850428318977356,
        4.873093795776367,
        6.41802134513855,
        5.096147680282593,
        4.139331912994384
      ],
      "hot_U": [
        0.43023476004600525,
        4.9759923934936525,
        7.815398216247559,
        8.63345546722412,
        10.041394805908203,
        11.297680282592774,
        12.10760040283203,
        13.523236656188965,
        13.968844413757324,
        14.371609115600586,
        14.540900421142577,
        15.757495307922364,
        15.174265670776368,
        16.54399757385254,
        17.368490982055665,
        18.801485061645508,
        21.25526542663574,
        25.839862823486328,
        29.603982543945314,
        34.36719818115235,
        40.799058532714845,
        55.15074844360352,
        73.70321807861328,
        79.03313903808593,
        303.2064514160156
      ],
      "hot_S": [
        7.334379401021075e-07,
        4.842207574844361,
        5.751610565185547,
        5.415752792358399,
        5.649686813354492,
        5.66259765625,
        5.743124389648438,
        4.981674337387085,
        4.849779939651489,
        5.231022310256958,
        5.001971244812012,
        5.425698184967041,
        4.706058931350708,
        5.0783426523208615,
        5.110839319229126,
        5.680404186248779,
        5.140967655181885,
        5.852939224243164,
        5.142300939559936,
        5.1913978099823,
        4.850428318977356,
        4.873093795776367,
        6.41802134513855,
        5.096147680282593,
        4.139331912994384
      ],
      "cold_T": [
        8.438066624806933e-05,
        5.471438598632813,
        6.648654174804688,
        6.592223262786865,
        5.893217611312866,
        6.112342739105225,
        6.789722347259522,
        6.721612071990966,
        6.6495692253112795,
        7.125439834594727,
        7.464613819122315,
        7.43943681716919,
        7.314942646026611,
        7.470874309539795,
        6.983479785919189,
        6.92085485458374,
        5.591358232498169,
        6.632365417480469,
        5.145657968521118,
        5.620885562896729,
        4.521981859207154,
        2.677482908964157,
        2.874281084537506,
        1.6638906300067902,
        2.1142218112945557
      ],
      "cold_U": [
        0.4187265396118164,
        5.034157180786133,
        8.091285896301269,
        9.53702917098999,
        11.134514236450196,
        11.791781616210937,
        12.713835716247559,
        13.528541564941406,
        14.032373237609864,
        14.546670532226562,
        14.971227836608886,
        15.940972900390625,
        15.741146850585938,
        16.417598533630372,
        17.428647994995117,
        18.81058235168457,
        20.697442245483398,
        25.669850158691407,
        31.201539611816408,
        36.80426177978516,
        40.812496948242185,
        55.735076904296875,
        71.47435150146484,
        80.85241394042968,
        268.4088958740234
      ],
      "cold_S": [
        8.438066624806933e-05,
        5.471438598632813,
        6.648654174804688,
        6.592223262786865,
        5.893217611312866,
        6.112342739105225,
        6.789722347259522,
        6.721612071990966,
        6.6495692253112795,
        7.125439834594727,
        7.464613819122315,
        7.43943681716919,
        7.314942646026611,
        7.470874309539795,
        6.983479785919189,
        6.92085485458374,
        5.591358232498169,
        6.632365417480469,
        5.145657968521118,
        5.620885562896729,
        4.521981859207154,
        2.677482908964157,
        2.874281084537506,
        1.6638906300067902,
        2.1142218112945557
      ],
      "cycle_T": [
        7.334379401021075e-07,
        4.842207574844361,
        5.751610565185547,
        5.415752792358399,
        5.649686813354492,
        5.66259765625,
        5.743124389648438,
        4.981674337387085,
        4.849779939651489,
        5.231022310256958,
        5.001971244812012,
        5.425698184967041,
        4.706058931350708,
        5.0783426523208615,
        5.110839319229126,
        5.680404186248779,
        5.140967655181885,
        5.852939224243164,
        5.142300939559936,
        5.1913978099823,
        4.850428318977356,
        4.873093795776367,
        6.41802134513855,
        5.096147680282593,
        4.139331912994384,
        2.1142218112945557,
        2.1142218112945557,
        1.6638906300067902,
        2.874281084537506,
        2.677482908964157,
        4.521981859207154,
        5.620885562896729,
        5.145657968521118,
        6.632365417480469,
        5.591358232498169,
        6.92085485458374,
        6.983479785919189,
        7.470874309539795,
        7.314942646026611,
        7.43943681716919,
        7.464613819122315,
        7.125439834594727,
        6.6495692253112795,
        6.721612071990966,
        6.789722347259522,
        6.112342739105225,
        5.893217611312866,
        6.592223262786865,
        6.648654174804688,
        5.471438598632813,
        8.438066624806933e-05,
        7.334379401021075e-07
      ],
      "cycle_S": [
        7.334379401021075e-07,
        4.842207574844361,
        5.751610565185547,
        5.415752792358399,
        5.649686813354492,
        5.66259765625,
        5.743124389648438,
        4.981674337387085,
        4.849779939651489,
        5.231022310256958,
        5.001971244812012,
        5.425698184967041,
        4.706058931350708,
        5.0783426523208615,
        5.110839319229126,
        5.680404186248779,
        5.140967655181885,
        5.852939224243164,
        5.142300939559936,
        5.1913978099823,
        4.850428318977356,
        4.873093795776367,
        6.41802134513855,
        5.096147680282593,
        4.139331912994384,
        2.1142218112945557,
        2.1142218112945557,
        1.6638906300067902,
        2.874281084537506,
        2.677482908964157,
        4.521981859207154,
        5.620885562896729,
        5.145657968521118,
        6.632365417480469,
        5.591358232498169,
        6.92085485458374,
        6.983479785919189,
        7.470874309539795,
        7.314942646026611,
        7.43943681716919,
        7.464613819122315,
        7.125439834594727,
        6.6495692253112795,
        6.721612071990966,
        6.789722347259522,
        6.112342739105225,
        5.893217611312866,
        6.592223262786865,
        6.648654174804688,
        5.471438598632813,
        8.438066624806933e-05,
        7.334379401021075e-07
      ],
      "cycle_area": 0.0,
      "T_hot": 6.41802134513855,
      "T_cold": 8.438066624806933e-05,
      "carnot_eff": 0.9999868525419737,
      "delta_T_final": 2.0251101016998287
    },
    "1.5B": {
      "model": "1.5B",
      "n_layers": 28,