{
  "experiment": "Information Bottleneck",
  "IxT_mean": [
    0.9999999821186065,
    0.07200594563037158,
    0.04741112627089024,
    0.06643555611371994,
    0.06633891742676497,
    0.049178493395447734,
    0.049298785533756016,
    0.04000882469117641,
    0.04285333342850208,
    0.045112181548029186,
    0.03849254753440619,
    0.03312838599085808,
    0.03594791516661644,
    0.03255889676511288,
    0.02893472765572369,
    0.029373652301728725,
    0.026603992376476527,
    0.02731524109840393,
    0.027972074598073958,
    0.02464010063558817,
    0.02700158506631851,
    0.023561525531113146,
    0.017566255293786526,
    0.024387051910161973,
    0.027611094154417516,
    0.028555081225931644,
    0.024402432143688202,
    0.014760834351181983,
    0.06097664795815945
  ],
  "ITy_mean": [
    0.0,
    0.0,
    0.0,
    0.0,
    0.0,
    0.0,
    0.0,
    0.0,
    0.0,
    0.0,
    0.018481911148824314,
    0.0,
    0.0,
    0.0,
    0.002337363814940463,
    0.005428324175913701,
    0.0,
    0.0,
    0.05074286066561775,
    0.09901640611137916,
    0.17099694140282287,
    0.15605784759121993,
    0.27044818943809934,
    0.3258369638420632,
    0.3341077217090141,
    0.33555861484730704,
    0.41971631527091946,
    0.7932065505462607,
    0.2069664030432638
  ],
  "summary": {
    "transition_layer": 9,
    "IxT_at_L0": 0.023561525531113146,
    "ITy_at_L0": 0.15605784759121993,
    "max_efficiency": 53.737243187003166,
    "max_eff_layer": 27
  }
}