{
  "experiment": "Attention vs FFN Contribution",
  "baseline_eta": 0.8469313845258233,
  "ffn_impacts": [
    -0.016784149372450763,
    0.06640112676924481,
    -0.013001572281456819,
    -0.02181619891298814,
    0.06155663788176535,
    0.0562138003964302,
    0.008737002227794832,
    -0.0034124765786976985,
    -0.0025620459427119213,
    0.01186368709209773,
    0.0022010398624722205,
    0.01215607043445055,
    0.006454983789411228,
    0.001336428884448626,
    0.0023500899725710234,
    -0.0008170025170732842,
    0.0009000235790916911,
    0.019833452203648516,
    0.025302670242180136,
    0.03447873755930475,
    0.040563614853630026,
    0.0017625260842797363,
    0.03699015314695098,
    0.052268056814387176,
    0.03140319250712664,
    -0.004018786748635428,
    -0.02057255311920203,
    -0.05903236173295956
  ],
  "attn_impacts": [
    0.2544436729115067,
    0.044856145018878246,
    -0.008766960053689044,
    0.010171389958036903,
    -0.022650749063509168,
    -0.0025076341140141123,
    -0.001657209080266897,
    0.007350150128618282,
    0.006629474702291027,
    -0.010690934882688241,
    -0.021415539895122127,
    0.00035039148068305437,
    -0.010301035107503242,
    -0.028543651826029692,
    -0.017137911405977424,
    -0.003461773029500792,
    0.013046957325483222,
    -0.017215690704942777,
    0.011418076210129913,
    -0.019664970067616916,
    -0.008991847813734966,
    0.005368203012384942,
    0.0211828209153605,
    -0.02051344774992092,
    -0.0019329564065001525,
    -0.00919207833515634,
    -0.0037225665622221404,
    0.002400714333858578
  ],
  "summary": {
    "ffn_total": 0.6147904415074619,
    "attn_total": 0.5855849520956263,
    "driver": "FFN",
    "ffn_critical": 1,
    "attn_critical": 0,
    "ffn_pre": 0.013350838464883764,
    "ffn_post": 0.006172950144611296,
    "attn_pre": 0.008210388804700769,
    "attn_post": -0.0019629189674300793
  }
}