{
  "experiment": "Anomalies",
  "results": {
    "0.5B": {
      "chiral_asymmetries": [
        0.016,
        0.0384,
        0.0961,
        0.0684,
        0.0988,
        0.1232,
        0.1104,
        0.1292,
        0.1072,
        0.1265,
        0.1345,
        0.1446,
        0.1139,
        0.1432,
        0.1616,
        0.1536,
        0.1607,
        0.2147,
        0.2673,
        0.2827,
        0.2702,
        0.2264,
        0.3176,
        0.2856,
        0.1195
      ],
      "chiral_anomaly_strength": 0.091354,
      "trace_anomalies": [
        0.002263,
        0.0173,
        0.049087,
        0.028623,
        0.044205,
        0.052805,
        0.04685,
        0.054688,
        0.043751,
        0.054088,
        0.059353,
        0.069728,
        0.047676,
        0.066893,
        0.085983,
        0.064297,
        0.065568,
        0.114201,
        0.16679,
        0.192782,
        0.178884,
        0.135263,
        0.282792,
        0.241712,
        0.116994
      ],
      "avg_trace_anomaly": 0.091303,
      "Q_total": -0.0546,
      "chiral_present": true
    },
    "1.5B": {
      "chiral_asymmetries": [
        0.0075,
        0.0436,
        0.0456,
        0.0511,
        0.0513,
        0.0426,
        0.0338,
        0.0453,
        0.0385,
        0.0446,
        0.0588,
        0.0801,
        0.0569,
        0.0437,
        0.0463,
        0.0671,
        0.0603,
        0.0564,
        0.0431,
        0.0377,
        0.0327,
        0.0259,
        0.0277,
        0.0344,
        0.0407,
        0.0424,
        0.0435,
        0.0463,
        0.2682
      ],
      "chiral_anomaly_strength": 0.085888,
      "trace_anomalies": [
        0.001088,
        0.008846,
        0.012394,
        0.012283,
        0.018498,
        0.032948,
        0.038901,
        0.052211,
        0.048936,
        0.040158,
        0.059216,
        0.08432,
        0.060629,
        0.047651,
        0.056779,
        0.075605,
        0.073363,
        0.072931,
        0.065916,
        0.074895,
        0.080597,
        0.073113,
        0.068664,
        0.083057,
        0.09945,
        0.110496,
        0.143851,
        0.196293,
        0.218184
      ],
      "avg_trace_anomaly": 0.069354,
      "Q_total": -0.1087,
      "chiral_present": true
    }
  }
}