{
  "experiment": "Grand Unification Tensor",
  "n_prompts": 20,
  "results": {
    "0.5B": {
      "correlation_matrix": [
        [
          0.9999999999999998,
          -0.07805758212915608,
          -0.07670672082389028,
          -0.2860448853484879,
          -0.23163122974391276,
          0.19525393241868524
        ],
        [
          -0.07805758212915608,
          0.9999999999999998,
          0.21945504691587595,
          0.1332522319834341,
          0.24029249435784383,
          0.31838164272337954
        ],
        [
          -0.07670672082389027,
          0.21945504691587592,
          0.9999999999999999,
          -0.5094061623226351,
          0.017215756024424,
          -0.04038876764044118
        ],
        [
          -0.2860448853484879,
          0.1332522319834341,
          -0.5094061623226351,
          1.0,
          0.111176546359446,
          -0.27014024052521535
        ],
        [
          -0.23163122974391276,
          0.2402924943578438,
          0.017215756024424,
          0.111176546359446,
          1.0,
          -0.023526950614658097
        ],
        [
          0.19525393241868524,
          0.31838164272337954,
          -0.04038876764044118,
          -0.27014024052521535,
          -0.023526950614658097,
          1.0
        ]
      ],
      "eigenvalues": [
        3616.51605991551,
        0.13092559635195716,
        0.047023885618552794,
        0.006012845265086973,
        6.647270942057217e-05,
        4.489899250917157e-05
      ],
      "explained_variance": [
        0.999949104517312,
        3.620029073881485e-05,
        1.3001875710264341e-05,
        1.662522477106142e-06,
        1.8379380917637485e-08,
        1.2414353098247958e-08
      ],
      "n_independent_dims": 1,
      "law_means": {
        "law1_R2": 0.1922,
        "law2_Cv": -0.0174,
        "law3_loss": 0.7866,
        "law4_eta": 0.8529,
        "law5_F_ratio": -0.9826,
        "law6_P1T": 0.7861
      },
      "law_stds": {
        "law1_R2": 0.0088,
        "law2_Cv": 0.0083,
        "law3_loss": 0.349,
        "law4_eta": 0.0961,
        "law5_F_ratio": 58.6148,
        "law6_P1T": 0.2095
      }
    },
    "1.5B": {
      "correlation_matrix": [
        [
          0.9999999999999998,
          -0.06384419085310217,
          -0.4798336786878114,
          0.039159517423179364,
          0.08885034339326668,
          0.20745833855654472
        ],
        [
          -0.06384419085310217,
          0.9999999999999998,
          0.2191945490132316,
          -0.050020153338805724,
          0.18959082244490502,
          -0.31539643897555075
        ],
        [
          -0.4798336786878114,
          0.2191945490132316,
          0.9999999999999999,
          -0.4860121895475146,
          -0.24181219979224555,
          -0.19039244598988528
        ],
        [
          0.039159517423179364,
          -0.050020153338805724,
          -0.4860121895475145,
          1.0,
          -0.07081724835351601,
          -0.27603253542808537
        ],
        [
          0.08885034339326668,
          0.18959082244490502,
          -0.24181219979224552,
          -0.07081724835351602,
          1.0,
          0.12056398720707788
        ],
        [
          0.20745833855654472,
          -0.31539643897555075,
          -0.1903924459898853,
          -0.2760325354280854,
          0.12056398720707788,
          1.0
        ]
      ],
      "eigenvalues": [
        7247.814064437192,
        0.12856474910273236,
        0.03607698087910459,
        0.006870212534997885,
        0.00027659024790711493,
        7.133606469053792e-05
      ],
      "explained_variance": [
        0.9999762886033823,
        1.7737996520052616e-05,
        4.977518065828524e-06,
        9.478788461714066e-07,
        3.8160980277233904e-08,
        9.842191394344792e-09
      ],
      "n_independent_dims": 1,
      "law_means": {
        "law1_R2": 0.4685,
        "law2_Cv": -0.0223,
        "law3_loss": 0.8761,
        "law4_eta": 0.86,
        "law5_F_ratio": -17.7929,
        "law6_P1T": 0.7034
      },
      "law_stds": {
        "law1_R2": 0.0192,
        "law2_Cv": 0.0093,
        "law3_loss": 0.3534,
        "law4_eta": 0.1096,
        "law5_F_ratio": 82.9784,
        "law6_P1T": 0.1838
      }
    }
  }
}