{
  "experiment": "Scaling Law of L0",
  "results": {
    "0.5B": {
      "model": "Qwen/Qwen2.5-0.5B",
      "label": "0.5B",
      "n_layers": 25,
      "L0": 319.0633172888131,
      "L0_ratio": 12.762532691552524,
      "R2": 0.890088362963397,
      "final_eta": 0.776206404836924
    },
    "1.5B": {
      "model": "Qwen/Qwen2.5-1.5B",
      "label": "1.5B",
      "n_layers": 29,
      "L0": 22.12837951017848,
      "L0_ratio": 0.7630475693164993,
      "R2": 0.977943487320924,
      "final_eta": 0.8469313845279931
    }
  },
  "summary": {
    "mean_ratio": 6.762790130434512,
    "ratio_cv": 0.8871697103283921
  }
}