{
  "experiment": "Equipartition Theorem",
  "summary": {
    "k_eff": 8.545509556768762,
    "E_T_R2": 0.1467949363304091,
    "is_equipartition": false
  }
}