{
  "experiment": "Onsager Reciprocal",
  "results": {
    "0.5B": {
      "model": "0.5B",
      "n_layers": 24,
      "var_names": [
        "T",
        "U",
        "S",
        "P1"
      ],
      "onsager_matrix": [
        [
          3.175357177997919,
          1.3489891659105497,
          3.175357177997919,
          -0.4120870863428398
        ],
        [
          1.3489891659105497,
          1973.0073879666613,
          1.3489891659105497,
          -0.4076911420793418
        ],
        [
          3.175357177997919,
          1.3489891659105497,
          3.175357177997919,
          -0.4120870863428398
        ],
        [
          -0.4120870863428398,
          -0.4076911420793418,
          -0.4120870863428398,
          0.06000015829271559
        ]
      ],
      "asymmetry_matrix": [
        [
          0.0,
          0.0,
          0.0,
          0.0
        ],
        [
          0.0,
          0.0,
          0.0,
          0.0
        ],
        [
          0.0,
          0.0,
          0.0,
          0.0
        ],
        [
          0.0,
          0.0,
          0.0,
          0.0
        ]
      ],
      "max_asymmetry": 0.0,
      "mean_asymmetry": 0.0,
      "onsager_symmetric": true
    },
    "1.5B": {
      "model": "1.5B",
      "n_layers": 28,
      "var_names": [
        "T",
        "U",
        "S",
        "P1"
      ],
      "onsager_matrix": [
        [
          2.113975431961163,
          -0.916086738708125,
          2.113975431961163,
          -0.2972014751802851
        ],
        [
          -0.916086738708125,
          483.82855317511036,
          -0.916086738708125,
          -0.3706424517474685
        ],
        [
          2.113975431961163,
          -0.916086738708125,
          2.113975431961163,
          -0.2972014751802851
        ],
        [
          -0.2972014751802851,
          -0.3706424517474685,
          -0.2972014751802851,
          0.051990807618181666
        ]
      ],
      "asymmetry_matrix": [
        [
          0.0,
          0.0,
          0.0,
          0.0
        ],
        [
          0.0,
          0.0,
          0.0,
          0.0
        ],
        [
          0.0,
          0.0,
          0.0,
          0.0
        ],
        [
          0.0,
          0.0,
          0.0,
          0.0
        ]
      ],
      "max_asymmetry": 0.0,
      "mean_asymmetry": 0.0,
      "onsager_symmetric": true
    }
  }
}