{
  "experiment": "CFT Predictions from c=1",
  "results": {
    "0.5B": {
      "n_layers": 24,
      "D": 896,
      "entropy": {
        "c_eff": -0.3109,
        "R2": 0.0124,
        "p": 0.603761,
        "profile": [
          2.7359,
          2.7492,
          2.7373,
          0.9221,
          0.5712,
          0.6156,
          0.6323,
          0.6628,
          0.6801,
          0.6952,
          0.7034,
          0.709,
          0.7076,
          0.7215,
          0.7406,
          0.7687,
          0.8233,
          0.9393,
          1.034,
          1.1212,
          1.2395,
          1.3743,
          2.5317,
          2.5616,
          2.5091
        ]
      },
      "correlation": {
        "delta": 0.0586,
        "R2": 0.96,
        "decay_exponent": -0.1172,
        "data": {
          "1": 0.9121,
          "2": 0.8665,
          "3": 0.8306,
          "4": 0.8019,
          "5": 0.7749,
          "6": 0.7494,
          "7": 0.7225
        }
      },
      "spectrum": {
        "spectral_delta": 0.8666,
        "R2": 0.955,
        "top_singular": [
          1.0,
          0.3211,
          0.2705,
          0.2017,
          0.1872,
          0.1683,
          0.1547,
          0.1457,
          0.1382,
          0.1291
        ]
      },
      "c_estimates": {
        "entropy_scaling": -0.3109,
        "correlation_delta": 0.1172,
        "spectral": 0.8666
      },
      "c_mean": 0.2243,
      "c_std": 0.4866
    },
    "1.5B": {
      "n_layers": 28,
      "D": 1536,
      "entropy": {
        "c_eff": -0.0004,
        "R2": 0.0,
        "p": 0.999355,
        "profile": [
          2.7425,
          2.7915,
          0.4537,
          0.3034,
          0.3362,
          0.3757,
          0.3651,
          0.3752,
          0.3922,
          0.4005,
          0.4091,
          0.4113,
          0.4185,
          0.4262,
          0.4354,
          0.4343,
          0.4399,
          0.4479,
          0.4709,
          0.5008,
          0.5533,
          0.5982,
          0.6767,
          0.7647,
          0.8424,
          0.9434,
          1.0205,
          2.4858,
          2.3231
        ]
      },
      "correlation": {
        "delta": 0.0585,
        "R2": 0.9653,
        "decay_exponent": -0.1171,
        "data": {
          "1": 0.9197,
          "2": 0.8751,
          "3": 0.8392,
          "4": 0.8073,
          "5": 0.7779,
          "6": 0.754,
          "7": 0.7333
        }
      },
      "spectrum": {
        "spectral_delta": 0.9856,
        "R2": 0.9565,
        "top_singular": [
          1.0,
          0.289,
          0.196,
          0.148,
          0.1151,
          0.1057,
          0.1012,
          0.0997,
          0.0887,
          0.0823
        ]
      },
      "c_estimates": {
        "entropy_scaling": -0.0004,
        "correlation_delta": 0.1171,
        "spectral": 0.9856
      },
      "c_mean": 0.3674,
      "c_std": 0.4397
    }
  }
}