{
  "experiment": "OOD Blocker v2",
  "aucs": {
    "vel_std": 1.0,
    "vel_max": 0.9600000000000001,
    "acc_std": 1.0,
    "acc_max": 0.9600000000000001,
    "prt_std": 1.0,
    "prt_range": 1.0,
    "spikes": 0.8400000000000001
  },
  "summary": {
    "best_feature": "vel_std",
    "best_auc": 1.0
  }
}