{
  "experiment": "RG Flow",
  "results": {
    "0.5B": {
      "model": "0.5B",
      "n_layers": 24,
      "n_points": 25,
      "rg_levels": {
        "1": {
          "block_size": 1,
          "n_blocks": 25,
          "cg_T": [
            0.0002725917741217252,
            5.222771207491557,
            6.469699923197428,
            6.137434323628743,
            6.506282107035319,
            6.544160111745199,
            6.5617738087972,
            6.2666696866353355,
            6.1997888565063475,
            6.71611582438151,
            6.788841597239176,
            6.5554540713628136,
            5.803269203503927,
            6.146993160247803,
            6.5828991254170734,
            5.999906651178995,
            5.734574810663859,
            6.526235516866048,
            6.433400217692057,
            5.635746733347575,
            3.155630797147751,
            2.248595972855886,
            3.3926428496837615,
            2.6204348305861154,
            2.8429069379965464
          ],
          "cg_P1": [
            0.9999737938245138,
            0.2566556846102079,
            0.12945157289505005,
            0.19012210269769034,
            0.14084138125181198,
            0.16836318460603555,
            0.13766642076273758,
            0.1836102823416392,
            0.17503156351546448,
            0.13750774984558423,
            0.1572423417121172,
            0.17983284691969553,
            0.25897295760611694,
            0.23399965949356555,
            0.204404129460454,
            0.2650861207395792,
            0.2580316140005986,
            0.16892005105813343,
            0.16845978672305742,
            0.24036985536416372,
            0.5102076284587383,
            0.5391427278518677,
            0.4029588570197423,
            0.47958604296048485,
            0.4273319939772288
          ],
          "cg_U": [
            0.4561399698257446,
            6.6679527282714846,
            8.977215449015299,
            10.526508712768555,
            11.807699139912923,
            13.562665939331055,
            14.968202336629231,
            15.644139989217122,
            16.2590789159139,
            17.031002108256022,
            17.646762212117512,
            17.954248746236164,
            17.514484214782716,
            19.10694694519043,
            20.24630610148112,
            22.043825276692708,
            24.635433451334634,
            29.564307149251302,
            34.43202985127767,
            38.89165115356445,
            45.30216776529948,
            55.29293950398763,
            71.17546234130859,
            76.04035085042318,
            290.6324483235677
          ],
          "rho_S": -0.3715384615384616,
          "rho_P1": 0.4946153846153846,
          "slope_T": -0.07519273074190846,
          "slope_P1": 0.004531001712553751,
          "T_range": [
            0.0002725917741217252,
            6.788841597239176
          ]
        },
        "2": {
          "block_size": 2,
          "n_blocks": 12,
          "cg_T": [
            2.6115218996328395,
            6.303567123413085,
            6.525221109390259,
            6.414221747716268,
            6.457952340443929,
            6.672147834300995,
            5.975131181875865,
            6.291402888298034,
            6.130405163764953,
            6.0345734755198155,
            2.7021133850018186,
            3.0065388401349384
          ],
          "cg_P1": [
            0.6283147392173608,
            0.1597868377963702,
            0.15460228292892375,
            0.1606383515521884,
            0.15626965668052434,
            0.16853759431590637,
            0.24648630854984124,
            0.2347451251000166,
            0.21347583252936603,
            0.20441482104361058,
            0.524675178155303,
            0.4412724499901136
          ],
          "cg_U": [
            3.5620463490486145,
            9.751862080891927,
            12.685182539621989,
            15.306171162923176,
            16.64504051208496,
            17.800505479176838,
            18.31071557998657,
            21.145065689086913,
            27.09987030029297,
            36.66184050242106,
            50.297553634643556,
            73.60790659586588
          ],
          "rho_S": -0.3706293706293707,
          "rho_P1": 0.4265734265734266,
          "slope_T": -0.11929433099961806,
          "slope_P1": 0.0075272034017894365,
          "T_range": [
            2.6115218996328395,
            6.672147834300995
          ]
        },
        "4": {
          "block_size": 4,
          "n_blocks": 6,
          "cg_T": [
            4.457544511522962,
            6.469721428553263,
            6.5650500873724615,
            6.13326703508695,
            6.082489319642384,
            2.8543261125683785
          ],
          "cg_P1": [
            0.3940507885068655,
            0.15762031724055608,
            0.16240362549821535,
            0.24061571682492894,
            0.2089453267864883,
            0.48297381407270823
          ],
          "cg_U": [
            6.65695421497027,
            13.995676851272583,
            17.222772995630898,
            19.72789063453674,
            31.880855401357017,
            61.952730115254724
          ],
          "rho_S": -0.3714285714285715,
          "rho_P1": 0.3714285714285715,
          "slope_T": -0.2745591821083161,
          "slope_P1": 0.01933720707982065,
          "T_range": [
            2.8543261125683785,
            6.5650500873724615
          ]
        },
        "8": {
          "block_size": 8,
          "n_blocks": 3,
          "cg_T": [
            5.4636329700381125,
            6.3491585612297055,
            4.468407716105381
          ],
          "cg_P1": [
            0.27583555287371075,
            0.20150967116157215,
            0.3459595704295983
          ],
          "cg_U": [
            10.326315533121427,
            18.47533181508382,
            46.91679275830587
          ],
          "rho_S": -0.5,
          "rho_P1": 0.5,
          "slope_T": -0.4976126269663666,
          "slope_P1": 0.035062008777943715,
          "T_range": [
            4.468407716105381,
            6.3491585612297055
          ]
        }
      },
      "rho_by_bs": [
        [
          1,
          -0.3715384615384616
        ],
        [
          2,
          -0.3706293706293707
        ],
        [
          4,
          -0.3714285714285715
        ],
        [
          8,
          -0.5
        ]
      ],
      "slope_by_bs": [
        [
          1,
          -0.07519273074190846
        ],
        [
          2,
          -0.11929433099961806
        ],
        [
          4,
          -0.2745591821083161
        ],
        [
          8,
          -0.4976126269663666
        ]
      ],
      "fine_T": [
        0.0002725917741217252,
        5.222771207491557,
        6.469699923197428,
        6.137434323628743,
        6.506282107035319,
        6.544160111745199,
        6.5617738087972,
        6.2666696866353355,
        6.1997888565063475,
        6.71611582438151,
        6.788841597239176,
        6.5554540713628136,
        5.803269203503927,
        6.146993160247803,
        6.5828991254170734,
        5.999906651178995,
        5.734574810663859,
        6.526235516866048,
        6.433400217692057,
        5.635746733347575,
        3.155630797147751,
        2.248595972855886,
        3.3926428496837615,
        2.6204348305861154,
        2.8429069379965464
      ],