{
  "experiment": "Maxwell Relations",
  "summary": {
    "maxwell1_r": 0.21060690147232022,
    "maxwell1_p": 0.31224847885544155,
    "maxwell2_r": -0.01583466845372332,
    "maxwell2_p": 0.9401157212345848
  }
}