{
  "experiment": "Work-Heat",
  "results": {
    "0.5B": {
      "model": "0.5B",
      "n_layers": 24,
      "mean_dU": [
        6.380843073129654,
        2.2008280118306476,
        1.5254214604695637,
        1.374310048421224,
        1.781417719523112,
        1.4775175094604491,
        0.465170415242513,
        0.5710864384969075,
        0.8754074096679687,
        0.49160327911376955,
        0.302201779683431,
        -0.3887157440185547,
        1.5820590337117513,
        1.096443812052409,
        1.7433536529541016,
        2.6576114654541017,
        5.064663314819336,
        4.7876934051513675,
        4.241726557413737,
        6.389823913574219,
        10.004165649414062,
        15.907298024495443,
        4.847479248046875,
        215.79834696451823
      ],
      "mean_dW": [
        -5.009836473009599,
        -1.4668261369069417,
        0.05734338760375977,
        -0.25495004653930664,
        -0.11777734756469727,
        -0.042285823822021486,
        0.7509848912556966,
        -0.046866226196289065,
        -0.5488643328348796,
        0.09260740280151367,
        0.25231284300486245,
        0.9193588574727376,
        -0.5742155313491821,
        -0.4105459531148275,
        0.43946646054585775,
        0.29310054779052735,
        -0.6131362756093343,
        0.2318744659423828,
        0.5116903940836589,
        2.350567231575648,
        0.7692728420098622,
        -1.407157556215922,
        0.8739656209945679,
        -0.11098803679148356
      ],
      "mean_dQ": [
        14.227140117160085,
        7.381785641857821,
        -0.6297425967866502,
        1.7026270694529482,
        1.6182828398471807,
        -0.5351069601529692,
        -4.085429394617889,
        0.029883777060695137,
        2.946952379217305,
        -0.19627811070024564,
        -0.958331181829142,
        -4.561600412052744,
        2.9904777926677313,
        1.8736632460678644,
        -1.7281219543658817,
        -2.687717396505142,
        2.8183173500727188,
        -0.5307977526715149,
        -2.59037326614216,
        -9.604991110618986,
        -3.6920178816694214,
        4.442165367195434,
        -2.9357719224511625,
        -0.39744650883988913
      ],
      "mean_eff": [
        0.31518238457200903,
        0.1548120607266324,
        0.13676011548167125,
        0.13348216883023484,
        0.13479199365757272,
        0.13113093242586957,
        0.13742578024337307,
        0.14836969569085093,
        0.1385733906352544,
        0.13342735109903814,
        0.1408247026983908,
        0.16499309412921262,
        0.17304255257355786,
        0.15242478223896164,
        0.15077242132812305,
        0.16333679912694193,
        0.14800414744188506,
        0.14535193815445135,
        0.15961325763783898,
        0.21072121236454353,
        0.3129292020106356,
        0.26671544319368085,
        0.2487449987313259,
        0.2605231587186799
      ],
      "cum_W": [
        -5.009836473009599,
        -6.4766626099165405,
        -6.41931922231278,
        -6.674269268852087,
        -6.792046616416784,
        -6.834332440238806,
        -6.0833475489831095,
        -6.130213775179398,
        -6.679078108014278,
        -6.586470705212764,
        -6.334157862207902,
        -5.414799004735164,
        -5.989014536084346,
        -6.399560489199174,
        -5.960094028653316,
        -5.666993480862788,
        -6.280129756472123,
        -6.04825529052974,
        -5.536564896446081,
        -3.1859976648704333,
        -2.416724822860571,
        -3.823882379076493,
        -2.949916758081925,
        -3.0609047948734087
      ],
      "cum_Q": [
        14.227140117160085,
        21.608925759017907,
        20.97918316223126,
        22.681810231684207,
        24.300093071531386,
        23.764986111378416,
        19.679556716760526,
        19.709440493821223,
        22.656392873038527,
        22.460114762338282,
        21.50178358050914,
        16.940183168456397,
        19.93066096112413,
        21.804324207191993,
        20.07620225282611,
        17.388484856320968,
        20.206802206393686,
        19.67600445372217,
        17.085631187580013,
        7.480640076961027,
        3.7886221952916057,
        8.23078756248704,
        5.295015640035877,
        4.897569131195988
      ],
      "overall_eff": 0.09119534307355599,
      "total_W": 7.542544945081075,
      "total_Q": 75.16502203000358
    },
    "1.5B": {
      "model": "1.5B",
      "n_layers": 28,
      "mean_dU": [
        20.471151971817015,
        6.937090682983398,
        6.424664052327474,
        6.435534032185872,
        5.686572011311849,
        0.8347974141438802,
        3.0928675333658853,
        2.9467646280924478,
        2.760217539469401,
        5.386014048258463,
        -0.4394482930501302,
        -1.6372973124186199,
        -0.5333691914876302,
        1.85723876953125,
        3.5914207458496095,
        2.618029022216797,
        0.03602650960286458,
        4.757352193196614,
        7.389014180501302,
        11.938467915852865,
        7.679279073079427,
        16.587223307291666,
        22.231831359863282,
        23.51906026204427,
        43.01440226236979,
        24.334573364257814,
        50.200643920898436,
        -76.10298970540364
      ],
      "mean_dW": [
        -3.775138408633849,
        -0.3691719253857931,
        0.1269243463873863,
        -0.46426612784465154,
        -0.6792521079381307,
        0.28026106357574465,
        -0.6841053088506063,
        0.18618788719177246,
        0.21523602803548178,
        -0.19806170463562012,
        0.1018834670384725,
        0.20303051471710204,
        -0.24072305262088775,
        0.06319151024023692,
        -0.4190974334875743,
        -0.5371181885401408,
        0.23157467047373453,
        0.793885596593221,
        -0.14116294384002687,
        0.4849745591481527,
        0.6416638731956482,
        1.4461797734101614,
        0.4485415736834208,
        0.6510897258917491,
        -0.07512487570444742,
        0.040029189487298326,
        -0.4626551643013954,
        -1.2923711697260538
      ],
      "mean_dQ": [
        8.800988773029419,
        1.2176870339060875,
        0.24040057980589283,
        1.5211551980245068,
        3.201330865832327,
        -1.6255814836619544,
        3.2747350794523826,
        -0.6605245596269488,
        -1.3223647260564273,
        1.7685609768418524,
        -0.47827628908845127,
        -1.119407540454191,
        0.5991950119484147,
        -0.48844955000079887,
        2.423275936656145,
        3.2795513847973528,
        -1.522438379110036,
        -3.773667698321854,
        -0.08091298624528775,
        -1.2457123004086668,
        -3.515560392289364,
        -5.659207145387528,
        -1.487674384792705,
        -1.493917030014849,
        0.03677495115584553,
        0.009534072583115331,
        0.7770418282811178,
        3.7320218722126444
      ],
      "mean_eff": [
        0.3857429255792235,
        0.22991086802631808,
        0.24531521487057048,
        0.22231106975061193,
        0.19425144715870615,
        0.18592950334607952,
        0.17452278747821284,
        0.1666098352668262,
        0.17124061958393236,
        0.1760115611636047,
        0.1834666167722459,
        0.19972731731239304,
        0.19633258894740155,
        0.195016686801554,
        0.17671742428705065,
        0.15945511674372284,
        0.1548235862524542,
        0.16540860639006422,
        0.1731650744400099,
        0.1842529250980425,
        0.21544358012323175,
        0.2583110546537142,
        0.3360113053875483,
        0.39546447085292497,
        0.4347976767097708,
        0.42931208804734383,
        0.3940900818431282,
        0.28229347353100903
      ],