{
  "experiment": "Speed Limit",
  "results": {
    "0.5B": {
      "model": "0.5B",
      "n_layers": 24,
      "mean_speed": [
        1.9229039155668155,
        0.6200143437272023,
        0.5929519526484708,
        0.6181072909120647,
        0.45625102905662834,
        0.4602298778986837,
        0.4857583021945627,
        0.4959921049848367,
        0.4689677667449903,
        0.4369331079814122,
        0.3293543025872169,
        0.3648354648033369,
        0.3147496284906076,
        0.33371589587687056,
        0.43655145396983813,
        0.454409063941438,
        0.456909229294815,
        0.3234074651354276,
        0.47497311200156467,
        0.7141418553706237,
        0.5083998105859764,
        0.4756579962762613,
        0.399483170365373,
        0.656539651748108
      ],
      "speed_limit": [
        0.346323817639593,
        0.9475701194674735,
        1.1428477707599909,
        1.6871828505283653,
        2.7803289452797797,
        2.509959223661104,
        2.7604164819297488,
        2.8807206708200814,
        3.831031826086238,
        5.0516875855958645,
        5.15880552599829,
        4.175956258505439,
        6.278646565366998,
        7.6562104765202745,
        7.950696443246196,
        9.830014880102155,
        17.19750856053566,
        25.320385041525793,
        35.31253772294722,
        51.62596898682024,
        77.3086074675661,
        182.2977874270043,
        190.11734426359882,
        1896.4655315876428
      ],
      "saturation": [
        5.552329402790061,
        0.6543202777179647,
        0.5188372133360852,
        0.36635465487246727,
        0.1640996580031348,
        0.18336149590007209,
        0.1759728306849477,
        0.17217639669438622,
        0.12241291329184423,
        0.08649250385698078,
        0.0638431320830771,
        0.08736572948058377,
        0.05013017140139182,
        0.043587607328755607,
        0.054907322532816785,
        0.04622669136150033,
        0.026568338529181893,
        0.01277261244665256,
        0.01345055163489176,
        0.013832996636885194,
        0.006576238109052338,
        0.0026092362556332416,
        0.0021012452699291193,
        0.000346191186084189
      ],
      "mean_fidelity": [
        0.5432838492095471,
        0.9316262364387512,
        0.9365884572267532,
        0.9388217359781266,
        0.9692032724618912,
        0.9553126454353332,
        0.9541743189096451,
        0.9520366340875626,
        0.9606530457735062,
        0.9688273459672928,
        0.9837729424238205,
        0.9772229760885238,
        0.9842879354953766,
        0.9832480162382126,
        0.9709632247686386,
        0.9637336790561676,
        0.9613214552402496,
        0.9855734884738923,
        0.9648662477731704,
        0.9208368271589279,
        0.9550909101963043,
        0.9675071835517883,
        0.9753777712583542,
        0.9392022877931595
      ],
      "mean_dU": [
        6.261800889670849,
        2.2771512269973755,
        1.6162374019622803,
        1.2669900417327882,
        1.9739587306976318,
        1.551063632965088,
        0.4859584331512451,
        0.49593410491943357,
        0.8420347213745117,
        0.5438677310943604,
        0.20522093772888184,
        -0.42137346267700193,
        1.5768760204315186,
        0.9823356628417969,
        1.8422983169555665,
        2.6528267860412598,
        4.833670711517334,
        4.723405933380127,
        4.381721782684326,
        6.330589675903321,
        9.852807998657227,
        15.884943771362305,
        4.9282989501953125,
        216.1067222595215
      ],
      "mean_dS": [
        4.993005337417455,
        1.1745587229728698,
        -0.21770024299621582,
        0.48050862550735474,
        0.12975393533706664,
        0.25238354206085206,
        -0.47815279960632323,
        0.07731585502624512,
        0.025902366638183592,
        0.3529460668563843,
        -0.31573140025138857,
        -0.7084880828857422,
        0.5213092267513275,
        0.27921888828277586,
        -0.34917043447494506,
        -0.4060542106628418,
        0.48379632234573366,
        -0.22355523109436035,
        -0.4349330186843872,
        -2.2963657811284066,
        -0.8253006741404534,
        1.2618035554885865,
        -0.7931908667087555,
        0.037917083501815795
      ],
      "info_efficiency": [
        0.3070848066581025,
        0.2722763145237035,
        0.3668718171550035,
        0.48785489270139015,
        0.23113503942013403,
        0.29671888895313353,
        0.999588172479396,
        1.0001169509513785,
        0.5569458773906224,
        0.8033811953172614,
        1.6048767054258393,
        0.8658244930730583,
        0.1996032816736694,
        0.3397167673598379,
        0.2369602414160329,
        0.17129239885368122,
        0.09452634582588981,
        0.06846912369802322,
        0.10839873810969058,
        0.11280810981600083,
        0.05159948419274007,
        0.029943952154919976,
        0.08105903769117644,
        0.0030380343789554545
      ],
      "total_speed": 12.801237792163125,
      "total_limit": 2540.6340704991485,
      "global_saturation": 0.005038599592442731
    },
    "1.5B": {
      "model": "1.5B",
      "n_layers": 28,
      "mean_speed": [
        1.9429779106714196,
        0.6212469785970173,
        0.5802802153717996,
        0.5869800249852627,
        0.48629646776421664,
        0.46134171797845697,
        0.46987343304911516,
        0.44084960298450626,
        0.47975840552828314,
        0.43667988516022727,
        0.45147487918680973,
        0.42133533218606195,
        0.38577774412612725,
        0.34358729605580063,
        0.3251690518023408,
        0.3227679038369422,
        0.30069728951504365,
        0.43726690327681084,
        0.42279361406446975,
        0.4420140414916478,
        0.49193688358545956,
        0.611628561873025,
        0.5278485148763917,
        0.4183710642689065,
        0.5382553123204801,
        0.46344534304162144,
        0.5233829190802821,
        0.7358431762625457
      ],
      "speed_limit": [
        2.2388363028483207,
        4.520764725101527,
        6.472205119276393,
        9.85062465332991,
        16.67791353820354,
        15.559774933881338,
        22.493910325674857,
        25.61430737218913,
        31.02184418174986,
        50.92150190321473,
        53.31294237067346,
        45.04483629919949,
        37.89772730633529,
        41.55072186849428,
        59.1645670143054,
        67.64324815527485,
        60.330526066729114,
        71.78672262279338,
        87.91639365299977,
        111.77354687603861,
        124.61731087582446,
        166.22350969637614,
        284.58453544158016,
        421.56849699218515,
        802.7934023614046,
        1034.1850747085844,
        1731.864867346757,
        1047.8060937770165
      ],
      "saturation": [
        0.867851708586063,
        0.13742077200955538,
        0.08965726590517518,
        0.05958810183543433,
        0.02915811181358349,
        0.029649639531346146,
        0.020888917322338357,
        0.017211068664818203,
        0.015465180042730176,
        0.008575549990458141,
        0.008468391709611554,
        0.009353687720995218,
        0.010179442714540762,
        0.008269105339330453,
        0.005496009997397905,
        0.004771620415034322,
        0.004984164884994617,
        0.0060911946847671235,
        0.004809041823680898,
        0.003954549657280352,
        0.00394758063809973,
        0.003679555094163429,
        0.0018548039304291327,
        0.0009924153897976444,
        0.0006704779968759214,
        0.000448126118211687,
        0.00030220771201514853,
        0.0007022703729561821
      ],