{
  "experiment": "Szilard Engine Lobotomy",
  "szilard_heads": [
    [
      27,
      11
    ],
    [
      27,
      10
    ],
    [
      27,
      9
    ],
    [
      27,
      8
    ],
    [
      27,
      7
    ],
    [
      27,
      6
    ],
    [
      27,
      5
    ],
    [
      27,
      4
    ]
  ],
  "random_heads": [
    [
      6,
      3
    ],
    [
      14,
      10
    ],
    [
      7,
      4
    ],
    [
      6,
      9
    ],
    [
      18,
      6
    ],
    [
      10,
      10
    ],
    [
      23,
      4
    ],
    [
      3,
      7
    ]
  ],
  "baseline": {
    "eta": 0.9505241159123332,
    "dS": NaN,
    "T_hot": 4.4070491075515745,
    "T_cold": 0.21804265081882476
  },
  "szilard_masked": {
    "eta": 0.9505241159123332,
    "dS": NaN,
    "T_hot": 4.4070491075515745,
    "T_cold": 0.21804265081882476
  },
  "random_masked": {
    "eta": 0.9519906125486148,
    "dS": NaN,
    "T_hot": 4.4070491075515745,
    "T_cold": 0.21157972812652587
  },
  "summary": {
    "eta_drop_szilard_pct": 0.0,
    "eta_drop_random_pct": -0.15428294890969335
  }
}