{
  "experiment": "Thermodynamic Fingerprinting",
  "summary": {
    "separation_ratio": 1.2333711447692142,
    "within_mean": 27.025887866618415,
    "between_mean": 33.332950256578904
  }
}