{
  "name": "Phase 3: Surgical SNN Noise",
  "summary": {
    "verdict": "GRAMMAR POLICE PARTIAL: Best config = early_L0-L3 (P=0.2720). Surgical L9-L11 = 0.2653.",
    "best_config": "early_L0-L3",
    "surgical_avg": 0.2653270132437683,
    "baseline_avg": 0.267603595253604
  },
  "config_results": {
    "baseline": {
      "avg_score": 0.267603595253604,
      "scores": [
        0.7840831279754639,
        0.0001277158735319972,
        0.11168373376131058,
        0.08290755748748779,
        0.034737154841423035,
        0.0005789975984953344,
        0.35981476306915283,
        0.7668957114219666
      ]
    },
    "grammar_police_L9-L11": {
      "avg_score": 0.2653270132437683,
      "scores": [
        0.824253511428833,
        0.0001281267192098312,
        0.12275813817977906,
        0.04776408616453409,
        0.02639198340475559,
        0.0004444472840987146,
        0.396287339925766,
        0.7045884728431702
      ]
    },
    "uniform_all": {
      "avg_score": 0.22583697928366747,
      "scores": [
        0.5290294468402863,
        0.00030249154806369913,
        0.09842428639531135,
        0.04658452272415161,
        0.04236792661249637,
        0.0014576150802895426,
        0.441594660282135,
        0.6469348847866059
      ]
    },
    "L18_only": {
      "avg_score": 0.2649775845869954,
      "scores": [
        0.7702883958816529,
        0.00012061750603606925,
        0.11483699381351471,
        0.08598070442676545,
        0.033248720318078996,
        0.000579582795035094,
        0.35325817465782167,
        0.7615074872970581
      ]
    },
    "execution_L16-L20": {
      "avg_score": 0.27152985916145556,
      "scores": [
        0.8017480731010437,
        0.00013333710085134954,
        0.1166071891784668,
        0.07668236307799817,
        0.030178797245025635,
        0.0006244115065783262,
        0.41794124245643616,
        0.7283234596252441
      ]
    },
    "early_L0-L3": {
      "avg_score": 0.27195218981705693,
      "scores": [
        0.744343364238739,
        0.0001537973337690346,
        0.09272994473576546,
        0.10642025619745255,
        0.029359454289078712,
        0.0014857415575534106,
        0.38831445574760437,
        0.8128105044364929
      ]
    }
  },
  "sigma_sweep": [
    {
      "sigma": 0.0,
      "avg_score": 0.267603595253604
    },
    {
      "sigma": 0.05,
      "avg_score": 0.2684942643303051
    },
    {
      "sigma": 0.1,
      "avg_score": 0.26852780243492214
    },
    {
      "sigma": 0.15,
      "avg_score": 0.26869914174615894
    },
    {
      "sigma": 0.2,
      "avg_score": 0.268204591506219
    },
    {
      "sigma": 0.25,
      "avg_score": 0.2744570880228518
    },
    {
      "sigma": 0.3,
      "avg_score": 0.23837618905478544
    },
    {
      "sigma": 0.4,
      "avg_score": 0.24150461330934075
    },
    {
      "sigma": 0.5,
      "avg_score": 0.20820391353360418
    }
  ]
}