{
  "name": "Phase 28: Cross-Model Universality",
  "summary": {
    "verdict": "dU/dT ratio (0.5B/1.5B) = 0.42. Dark energy: 0.71 vs 0.73. Lyapunov: -0.0442 vs -0.0537.",
    "models": {
      "0.5B": {
        "dUdT": -15.148406350076087,
        "dark_frac": 0.7053997572551867,
        "lyapunov": -0.04419785850478804,
        "avg_PRT": 34.143506524453294,
        "n_layers": 24,
        "d_model": 896,
        "U_profile": [
          0.45790769159793854,
          6.169073820114136,
          9.183710098266602,
          10.621581077575684,
          11.911757230758667,
          13.675585269927979,
          14.378669261932373,
          14.553625345230103,
          15.293512344360352,
          16.315086364746094,
          16.659021377563477,
          17.437623023986816,
          16.82247018814087,
          18.692659854888916,
          18.733469486236572,
          21.59538221359253,
          24.619712829589844,
          29.506019115447998,
          34.2558536529541,
          38.752023696899414,
          45.32601547241211,
          55.43587398529053,
          70.50300979614258,
          75.39514923095703,
          285.43956756591797
        ],
        "T_profile": [
          2.097501669240387e-05,
          5.185012102127075,
          6.24831235408783,
          5.0511497259140015,
          6.162223935127258,
          6.910310745239258,
          6.131360590457916,
          5.0080923438072205,
          6.426730751991272,
          7.331488728523254,
          7.511297583580017,
          7.7005393505096436,
          6.431317329406738,
          7.467499375343323,
          7.3524249792099,
          6.790400743484497,
          7.592668771743774,
          7.604277849197388,
          7.135938286781311,
          7.103929400444031,
          2.611221104860306,
          2.066992064937949,
          3.0425484776496887,
          2.196478694677353,
          3.1570615768432617
        ]
      },
      "1.5B": {
        "dUdT": -36.2956892554887,
        "dark_frac": 0.7282808369320548,
        "lyapunov": -0.05370686484208696,
        "avg_PRT": 13.24812743966773,
        "n_layers": 28,
        "d_model": 1536,
        "U_profile": [
          1.0247720181941986,
          20.399179458618164,
          26.2546067237854,
          34.67113971710205,
          40.30182647705078,
          46.164042472839355,
          47.07108116149902,
          49.19811153411865,
          53.48030757904053,
          54.000213623046875,
          58.2967414855957,
          58.41090202331543,
          59.64985942840576,
          58.513336181640625,
          60.78255558013916,
          61.500996589660645,
          66.21132469177246,
          66.50489807128906,
          70.17907333374023,
          76.7041015625,
          86.45954704284668,
          96.13631820678711,
          114.8018856048584,
          135.48656463623047,
          159.17966079711914,
          201.7596435546875,
          228.32285690307617,
          283.69486236572266,
          206.78404235839844
        ],
        "T_profile": [
          6.290208307037359e-06,
          3.7580875251442194,
          4.235664591193199,
          4.418680181726813,
          5.7559123039245605,
          6.111600160598755,
          5.668984472751617,
          6.222303986549377,
          6.139818429946899,
          5.963005781173706,
          5.962660908699036,
          6.2058228850364685,
          5.656070172786713,
          5.474187016487122,
          5.022097647190094,
          5.263470411300659,
          5.8204874992370605,
          5.661849856376648,
          5.063032448291779,
          4.8578134179115295,
          4.233770430088043,
          3.3789712488651276,
          3.0242652893066406,
          2.8645496368408203,
          2.073246330022812,
          2.0478855967521667,
          1.8083150684833527,
          2.2768304347991943,
          2.973713308572769
        ]
      }
    }
  }
}