{
  "experiment": "Thermodynamic Arrow",
  "results": {
    "0.5B": {
      "model": "0.5B",
      "n_layers": 24,
      "mean_T": [
        0.00024475842681369553,
        4.993250095844269,
        6.1678088188171385,
        5.950108575820923,
        6.430617201328277,
        6.560371136665344,
        6.812754678726196,
        6.334601879119873,
        6.411917734146118,
        6.437820100784302,
        6.790766167640686,
        6.475034767389298,
        5.766546684503555,
        6.287855911254883,
        6.567074799537659,
        6.217904365062713,
        5.811850154399872,
        6.295646476745605,
        6.0720912456512455,
        5.637158226966858,
        3.3407924458384515,
        2.515491771697998,
        3.7772953271865846,
        2.984104460477829,
        3.022021543979645
      ],
      "mean_S": [
        0.00024475842681369553,
        4.993250095844269,
        6.1678088188171385,
        5.950108575820923,
        6.430617201328277,
        6.560371136665344,
        6.812754678726196,
        6.334601879119873,
        6.411917734146118,
        6.437820100784302,
        6.790766167640686,
        6.475034767389298,
        5.766546684503555,
        6.287855911254883,
        6.567074799537659,
        6.217904365062713,
        5.811850154399872,
        6.295646476745605,
        6.0720912456512455,
        5.637158226966858,
        3.3407924458384515,
        2.515491771697998,
        3.7772953271865846,
        2.984104460477829,
        3.022021543979645
      ],
      "mean_P1": [
        0.9999768227338791,
        0.28555362932384015,
        0.17042071893811225,
        0.19915435314178467,
        0.14889793414622546,
        0.16973768966272473,
        0.09781188210472465,
        0.16322897896170616,
        0.14580539716407656,
        0.16523635443300008,
        0.15435188272967934,
        0.17737569008022547,
        0.25518629094585776,
        0.21181017374619843,
        0.19306644676253198,
        0.22369138384237885,
        0.22725736498832702,
        0.16968096988275647,
        0.17906217984855174,
        0.22401898838579654,
        0.4617105918005109,
        0.4863809049129486,
        0.35328261107206343,
        0.4111728101968765,
        0.3858382061123848
      ],
      "dS": [
        4.993005337417456,
        1.1745587229728693,
        -0.21770024299621582,
        0.48050862550735474,
        0.12975393533706647,
        0.25238354206085223,
        -0.47815279960632306,
        0.07731585502624494,
        0.025902366638184127,
        0.35294606685638374,
        -0.315731400251388,
        -0.7084880828857427,
        0.5213092267513275,
        0.2792188882827764,
        -0.3491704344749458,
        -0.4060542106628411,
        0.4837963223457331,
        -0.22355523109435982,
        -0.4349330186843874,
        -2.2963657811284066,
        -0.8253006741404536,
        1.2618035554885867,
        -0.7931908667087555,
        0.037917083501815885
      ],
      "monotonicity": 0.4583333333333333,
      "rho_S": -0.3923076923076923,
      "p_S": 0.052417923346015055,
      "rho_P1": 0.45153846153846156,
      "p_P1": 0.023465042252043766,
      "kl_forward": [
        10.559868359565735,
        0.305773285520263,
        0.283646044973284,
        0.26690428582951425,
        0.1291264807805419,
        0.19700108030810953,
        0.19668762034270912,
        0.22796029334422202,
        0.15941353226080537,
        0.13726347400806843,
        0.06779343807138502,
        0.09287863405188546,
        0.06878629988059401,
        0.07279374713543803,
        0.10907766767777502,
        0.1707705189473927,
        0.17871094951406122,
        0.05817911503836513,
        0.14283980978652835,
        0.2805306791327894,
        0.17292065934743733,
        0.1315222734119743,
        0.091728226095438,
        0.26625289395451546
      ],
      "kl_reverse": [
        1.293602142482996,
        0.27819539066404103,
        0.2784767594654113,
        0.25551220662891866,
        0.13384794825688004,
        0.17952385498210788,
        0.1937493431614712,
        0.20519968864973634,
        0.17818505116738378,
        0.12741593907121568,
        0.06905746327247471,
        0.0968614505167352,
        0.06407229490578174,
        0.07085748463869095,
        0.12872902704402805,
        0.1375234380364418,
        0.1505754034500569,
        0.06221426757983863,
        0.13469375763088465,
        0.34099605996161697,
        0.18836064978968353,
        0.12381603275425732,
        0.10662731230258941,
        0.23545036781579257
      ],
      "irreversibility": [
        9.26626621708274,
        0.027577894856221974,
        0.005169285507872712,
        0.011392079200595595,
        0.0047214674763381426,
        0.017477225326001655,
        0.0029382771812379305,
        0.02276060469448568,
        0.01877151890657841,
        0.009847534936852753,
        0.0012640252010896885,
        0.003982816464849742,
        0.0047140049748122664,
        0.001936262496747082,
        0.019651359366253035,
        0.03324708091095091,
        0.028135546064004313,
        0.004035152541473505,
        0.008146052155643707,
        0.060465380828827575,
        0.015439990442246199,
        0.007706240657716995,
        0.014899086207151413,
        0.03080252613872289
      ],
      "mean_irreversibility": 0.40088948456747553,
      "arrow_consistency": 0.85,
      "prompt_arrows": [
        0.09384615384615384,
        -0.33,
        -0.45615384615384613,
        -0.3569230769230769,
        -0.1453846153846154,
        0.5438461538461539,
        -0.05461538461538461,
        -0.2646153846153846,
        -0.2869230769230769,
        -0.18846153846153846,
        -0.18307692307692305,
        -0.5607692307692308,
        -0.08230769230769232,
        0.19384615384615386,
        -0.016923076923076923,
        -0.45230769230769236,
        -0.49,
        -0.42000000000000004,
        -0.15384615384615383,
        -0.06
      ]
    },
    "1.5B": {
      "model": "1.5B",
      "n_layers": 28,
      "mean_T": [
        5.3030531675294366e-05,
        4.345126187801361,
        4.789828392863273,
        4.621769384667277,
        4.882695895433426,
        5.492978012561798,
        5.08297478556633,
        5.570018255710602,
        5.622394382953644,
        5.68588205575943,
        5.853964853286743,
        5.8717495739459995,
        5.643719446659088,
        5.6724774949252605,
        5.6032110676169395,
        6.001069909334182,
        6.445648324489594,
        6.07683431506157,
        5.582613176107406,
        5.699625492095947,
        5.059562003612518,
        4.2809089630842205,
        2.8509251549839973,
        2.202569652348757,
        1.6441737305372954,
        1.6634206831455232,
        1.6511031735688448,
        2.1427052885293962,
        3.440520292520523
      ],
      "mean_S": [
        5.3030531675294366e-05,
        4.345126187801361,
        4.789828392863273,
        4.621769384667277,
        4.882695895433426,
        5.492978012561798,
        5.08297478556633,
        5.570018255710602,
        5.622394382953644,
        5.68588205575943,
        5.853964853286743,
        5.8717495739459995,
        5.643719446659088,
        5.6724774949252605,
        5.6032110676169395,
        6.001069909334182,
        6.445648324489594,
        6.07683431506157,
        5.582613176107406,
        5.699625492095947,
        5.059562003612518,
        4.2809089630842205,
        2.8509251549839973,
        2.202569652348757,
        1.6441737305372954,
        1.6634206831455232,
        1.6511031735688448,
        2.1427052885293962,
        3.440520292520523
      ],