{
  "experiment": "Noether Cross-Validation",
  "results": {
    "0.5B": {
      "model": "0.5B",
      "n_layers": 24,
      "conservation_scores": {
        "PR_x_Tsm": 0.7216,
        "PR_x_Tsq": 0.7633,
        "norm": 1.5067,
        "norm_x_std": 3.7166,
        "P1_x_Tsm": 0.1391,
        "U_x_Tsm": 0.9331,
        "kurtosis": 0.8739,
        "total_var": 3.7168
      },
      "mean_profiles": {
        "PR_x_Tsm": [
          0.08205585906680937,
          401.93102334296447,
          231.96428947755425,
          329.2706884870861,
          267.63358715249063,
          211.43618407066,
          320.3732306084086,
          272.9409477357802,
          280.4699701364642,
          219.85446765676707,
          172.88655732518626,
          145.43541603567687,
          175.8698759715459,
          113.83281327805402,
          105.1947806373401,
          112.90352626929855,
          101.85289845555131,
          83.8717851244094,
          62.37361152189795,
          46.70618126446282,
          22.72116729195955,
          16.69679444262509,
          11.564208100274035,
          10.484334380571893,
          25.61153136617941
        ],
        "PR_x_Tsq": [
          38664.162886567035,
          5685.233560943106,
          2673.0233783187973,
          4557.29942287141,
          3363.418801164903,
          2676.7154157242085,
          4887.742561417175,
          3921.541369536054,
          3477.9256648422456,
          2357.192885360516,
          1776.4321905434635,
          1469.0416050381152,
          1936.453536348631,
          1177.8260802437437,
          1052.4193687053425,
          1222.6750321514317,
          1260.8914892486207,
          879.4152179054371,
          712.7724960462302,
          633.1488752942089,
          558.8827307135281,
          633.3754791665312,
          307.14654140186235,
          415.78812988906924,
          575.5925025907088
        ],
        "norm": [
          0.4511484404404958,
          6.507798894246419,
          8.850817998250326,
          10.47103468577067,
          11.775021616617838,
          13.486088116963705,
          14.972933514912922,
          15.608927154541016,
          16.213090960184733,
          16.894463094075522,
          17.42334092458089,
          17.76738516489665,
          17.332871182759604,
          18.92462641398112,
          20.081204223632813,
          21.829448191324868,
          24.309048461914063,
          29.170828119913736,
          34.10604362487793,
          38.531202697753905,
          44.83428243001302,
          55.183956400553384,
          71.30640055338542,
          76.16086985270182,
          291.4749043782552
        ],
        "norm_x_std": [
          0.006830147275473891,
          1.4410424028931412,
          2.626765491882787,
          3.671342902616965,
          4.654697594800728,
          6.114494254715657,
          7.552177441194334,
          8.156659713721421,
          8.78968837229237,
          9.5545845556555,
          10.174320563810904,
          10.576417165671785,
          10.066746430037563,
          11.998009721752426,
          13.50307881415866,
          15.954796544756528,
          19.786172542251144,
          28.50311141902777,
          38.93739319076024,
          49.699034009057776,
          67.25006531855995,
          101.73067925130317,
          169.84517367239485,
          193.76399894965033,
          2839.1887687771523
        ],
        "P1_x_Tsm": [
          0.00027251826539419547,
          0.7999060696628675,
          0.7117536261421191,
          0.8719834317027855,
          0.7012277389740693,
          0.7796266029970338,
          0.7532585735497725,
          0.9056781667092879,
          0.8810695666837411,
          0.7603580617356768,
          0.7876316950579608,
          0.6543957288405079,
          0.8251902586017138,
          0.7955189757778818,
          0.8805724077671917,
          0.9968329316567485,
          1.1572889763034113,
          1.001703717786967,
          0.8041634128712833,
          1.0018778965784954,
          0.825566648975115,
          0.9161385464919645,
          1.0368226217162424,
          0.8691197064849647,
          1.0233716491657658
        ],
        "U_x_Tsm": [
          0.00012618885856641353,
          36.27785205808558,
          58.632004171456536,
          65.2249609117877,
          79.47886011326455,
          93.10848691400233,
          98.8060405280153,
          98.9326266578619,
          102.53742660727895,
          114.48431076628854,
          119.29987374949509,
          119.71360391571294,
          104.44271301013842,
          119.26604350212753,
          134.50641701080895,
          136.5034767819934,
          139.44434069979067,
          194.796329027449,
          216.15345639381005,
          222.36740992760886,
          153.58149746914958,
          132.0517173022453,
          252.33264680528256,
          191.81656841080724,
          822.603736779483
        ],
        "kurtosis": [
          0.09001123110453288,
          11.41395632425944,
          28.28519910176595,
          20.126635360717774,
          26.048440106709798,
          36.19404420852661,
          22.914688873291016,
          25.057800356547038,
          22.448640823364258,
          31.951615842183433,
          43.80592034657796,
          47.044047037760414,
          33.44598840077718,
          55.703240331013994,
          66.77559521993001,
          52.411858622233076,
          49.93030802408854,
          74.34761708577474,
          94.37781829833985,
          115.31968180338542,
          132.07666676839193,
          130.23057200113934,
          262.5999359130859,
          216.62938995361327,
          98.3202626546224
        ],
        "total_var": [
          0.00022823222872111375,
          0.04818746858830531,
          0.08781114351690748,
          0.12275121066782556,
          0.1556407717956894,
          0.2044510430466126,
          0.25250038818896026,
          0.27264091003083973,
          0.29375866363517583,
          0.31935668295800157,
          0.3400769733078089,
          0.35348446018762575,
          0.3364247105096953,
          0.40096325539855715,
          0.4512482730408697,
          0.533163809174775,
          0.6612395495798767,
          0.9527198075520186,
          1.3014344790993837,
          1.6610145566120535,
          2.2479236471613104,
          3.400529340450661,
          5.677216919885922,
          6.477468349987053,
          94.92354954048109
        ]
      },
      "best_conserved": "P1_x_Tsm",
      "best_cv": 0.1391
    },
    "1.5B": {
      "model": "1.5B",
      "n_layers": 28,
      "conservation_scores": {
        "PR_x_Tsm": 0.8594,
        "PR_x_Tsq": 0.9364,
        "norm": 0.7141,
        "norm_x_std": 1.4844,
        "P1_x_Tsm": 0.141,
        "U_x_Tsm": 0.3587,
        "kurtosis": 0.7942,
        "total_var": 1.4844
      },
      "mean_profiles": {
        "PR_x_Tsm": [
          0.019170479322842455,
          502.8998694049213,
          400.73655789366757,
          390.1558103640445,
          350.3141504694305,
          282.84973182418145,
          306.8753074534469,
          225.95654443312282,
          228.7248490119721,
          188.80140813268173,
          112.55653619416749,
          108.58713164370099,
          132.74320868544734,
          169.352667531253,
          156.98280570585885,
          109.13218245063081,
          92.87698559596647,
          105.37182574914713,
          90.81394772970816,
          90.40865236426825,
          76.12739070899774,
          72.9560314232853,
          44.77672112407833,
          23.487315518084944,
          13.071612799413215,
          11.218786146699028,
          9.872484718663042,
          10.268360136813957,
          13.336033832350251
        ],