{
  "experiment": "Cross-Architecture P1*T Validation",
  "results": {
    "GPT2": {
      "arch": "GPT2",
      "n_layers": 13,
      "PRT_cv": 0.2125,
      "PRT_mean": 0.7726,
      "T_arrow_rho": 0.6538
    },
    "Llama-3.2-1B": {
      "arch": "Llama-3.2-1B",
      "n_layers": 17,
      "PRT_cv": 0.5903,
      "PRT_mean": 0.4569,
      "T_arrow_rho": 0.2721
    },
    "Qwen2.5-0.5B": {
      "arch": "Qwen2.5-0.5B",
      "n_layers": 25,
      "PRT_cv": 0.143,
      "PRT_mean": 0.8428,
      "T_arrow_rho": -0.36
    }
  },
  "profiles": {
    "GPT2": {
      "P1": [
        0.9262182886401812,
        0.8289346719781557,
        0.6976873142023882,
        0.652322688450416,
        0.5411156974732876,
        0.5402882347504298,
        0.45524662360548973,
        0.39590320736169815,
        0.36663159479697544,
        0.4126724638044834,
        0.4449189951022466,
        0.4152219146490097,
        0.059449939678112663
      ],
      "T": [
        0.1636124663626966,
        0.9137804240453988,
        1.648519487741093,
        1.8917052869995434,
        2.3005363643169403,
        2.377743532260259,
        2.474475254615148,
        2.528130665421486,
        2.5281571547190347,
        2.238637407620748,
        1.9249036808808644,
        2.187040706475576,
        6.959905068079631
      ],
      "PRT": [
        0.0908855453695739,
        0.559482721431344,
        0.6910126165137996,
        0.6654439463905065,
        0.8015275376271044,
        1.0015001867662345,
        0.9701348994816668,
        0.9401495521312807,
        0.7818803161021096,
        0.8399590365256783,
        0.7626017951545755,
        0.8449354931491756,
        0.4127185965270212
      ]
    },
    "Llama-3.2-1B": {
      "P1": [
        0.9999993840853373,
        0.9401838779449463,
        0.7672809523840746,
        0.5706877317279577,
        0.1786927227706959,
        0.03009201881165306,
        0.03009587530201922,
        0.01700754607251535,
        0.01878125484411915,
        0.015307612639541427,
        0.020043087385905285,
        0.07487006788142025,
        0.11004906551291545,
        0.1674027630748848,
        0.28904825961217284,
        0.4494791018466155,
        0.3681504987180233
      ],
      "T": [
        8.862084481422008e-06,
        0.3457680463244457,
        1.7012793140893336,
        2.8081183657050133,
        6.691713651021321,
        9.114209731419882,
        9.159706592559814,
        9.355002641677856,
        9.294030825297037,
        9.396266063054403,
        9.388482093811035,
        8.607879956563314,
        7.311058064301808,
        6.775192578633626,
        5.336212744315465,
        2.3377571307743588,
        2.89456224689881
      ],
      "PRT": [
        8.862054433138856e-06,
        0.1639049749642637,
        0.38709334066196144,
        0.5836200492734139,
        0.860606270753202,
        0.2694076902884072,
        0.26530924000766226,
        0.15683165623673576,
        0.17332882160884297,
        0.14299547367690804,
        0.18655366189881475,
        0.4366256087072098,
        0.5161402642272667,
        0.6720593609145037,
        0.7640783223848248,
        0.8399654260630252,
        0.8916313152989717
      ]
    },
    "Qwen2.5-0.5B": {
      "P1": [
        0.9999780108531316,
        0.19704919680953026,
        0.1329656004284819,
        0.15274094060684243,
        0.12332892479995887,
        0.12878150880957642,
        0.15362358838319778,
        0.2459623118241628,
        0.18948988166327277,
        0.1443537895878156,
        0.14581135163704553,
        0.17785329030205807,
        0.23265516152605414,
        0.2009187750518322,
        0.1729392947939535,
        0.20303985088442764,
        0.28008761738116544,
        0.16042351412276426,
        0.17456270661205053,
        0.2399951700742046,
        0.4832670617227753,
        0.500533263819913,
        0.389115914159144,
        0.41740975559999544,
        0.4496313656369845
      ],
      "T": [
        0.00022869478271739338,
        5.537631938854854,
        6.548271139462789,
        6.316252708435059,
        6.572912255922954,
        6.6293957233428955,
        6.314955274264018,
        5.7515995899836225,
        5.91103728612264,
        6.579321106274922,
        6.683975537618001,
        6.506248603264491,
        5.943616201480229,
        6.337885896364848,
        6.673403024673462,
        6.2832794189453125,
        5.453835487365723,
        6.682965993881226,
        6.30881279706955,
        5.716767271359761,
        3.613385520875454,
        2.826681151986122,
        3.910955590506395,
        3.185728408396244,
        2.829134725034237
      ],
      "PRT": [
        0.00022865726544360487,
        0.7185781283770224,
        0.7516289453806664,
        0.6420744590845513,
        0.7582583776915746,
        0.8027455438365498,
        0.7709903549443021,
        1.0761798767080983,
        0.9332946044691074,
        0.8637500672690567,
        0.7624628307581228,
        0.7240460713298852,
        0.8130884711234533,
        0.7179420201845685,
        0.8177809705281566,
        0.8077823348885814,
        1.0789712301825805,
        0.9700875625369395,
        0.7466646293847189,
        1.0205696573479441,
        0.8319088190578157,
        0.8479165010870379,
        0.8850030155703136,
        0.812236646131728,
        1.0733277763469222
      ]
    }
  },
  "mean_cv": 0.3153,
  "universal": false
}