{
  "experiment": "Maxwell's Attention Demon",
  "results": {
    "0": {
      "mean_eta": 0.2897006391024591,
      "mean_conf": 0.39865310303866863,
      "mean_entropy": 2.336596444249153,
      "std_eta": 0.2963725929921122,
      "etas": [
        0.42724169959672187,
        -0.27038015936855975,
        0.21274033385982583,
        0.15364011353397178,
        0.7415369712686739,
        0.05695941968426177,
        0.5153119078721423,
        0.4805548263726347
      ],
      "confs": [
        0.35451120138168335,
        0.3130802810192108,
        0.30998462438583374,
        0.4592054486274719,
        0.550966203212738,
        0.3487478196620941,
        0.19851110875606537,
        0.6542181372642517
      ]
    },
    "5": {
      "mean_eta": -0.8151015819682533,
      "mean_conf": 0.1345125581137836,
      "mean_entropy": 6.648579657077789,
      "std_eta": 0.546434321191061,
      "etas": [
        -0.5524536595568073,
        -0.18023453680088442,
        -0.3744079559841518,
        -0.8798424546175647,
        -0.7519782634104628,
        -1.008222892369837,
        -0.6715604558125685,
        -2.10211243719375
      ],
      "confs": [
        0.5432208776473999,
        0.06786324828863144,
        0.06428658962249756,
        0.06779824197292328,
        0.09992746263742447,
        0.05426168814301491,
        0.14576517045497894,
        0.032977186143398285
      ]
    },
    "10": {
      "mean_eta": -1.266093614418287,
      "mean_conf": 0.13208268745802343,
      "mean_entropy": 7.223451256752014,
      "std_eta": 0.5694780761008038,
      "etas": [
        -1.9820098235731463,
        -2.39997374662935,
        -0.871468997495243,
        -1.307112305281485,
        -0.6569393798665879,
        -0.9511703303348087,
        -0.9304952664342621,
        -1.0295790657314141
      ],
      "confs": [
        0.035164590924978256,
        0.02351412922143936,
        0.03158845007419586,
        0.02004612423479557,
        0.0270533487200737,
        0.10594615340232849,
        0.7390775084495544,
        0.07427119463682175
      ]
    },
    "20": {
      "mean_eta": -1.1570370432258565,
      "mean_conf": 0.05687627545557916,
      "mean_entropy": 8.509978532791138,
      "std_eta": 0.9010083931177197,
      "etas": [
        -0.6564127562392581,
        -1.603434599178672,
        0.16311460760286534,
        0.16968851666947116,
        -1.1874452933179498,
        -1.975556068476803,
        -1.8043286848956588,
        -2.361922067970846
      ],
      "confs": [
        0.03326426446437836,
        0.05435618385672569,
        0.18703943490982056,
        0.11198034137487411,
        0.01931757479906082,
        0.010275336913764477,
        0.025585778057575226,
        0.013191289268434048
      ]
    },
    "50": {
      "mean_eta": -2.3788078863316144,
      "mean_conf": 0.014238877571187913,
      "mean_entropy": 9.942509412765503,
      "std_eta": 1.7735474167612713,
      "etas": [
        -3.8225429537002844,
        -6.3144766858177945,
        -0.8705067819094252,
        -0.8393606800209503,
        -1.4129180071718164,
        -2.7217317899908804,
        -1.0582637579903036,
        -1.9906624340514583
      ],
      "confs": [
        0.022273486480116844,
        0.012308348901569843,
        0.019229205325245857,
        0.018117208033800125,
        0.01089382078498602,
        0.007745775394141674,
        0.006882807239890099,
        0.016460368409752846
      ]
    },
    "100": {
      "mean_eta": -1.1751645613943074,
      "mean_conf": 0.02360284188762307,
      "mean_entropy": 9.726525664329529,
      "std_eta": 0.33839437595384564,
      "etas": [
        -1.9759690254197246,
        -1.0806460116303884,
        -0.8193407205900207,
        -1.0657045412966641,
        -1.2258450783189558,
        -1.0967936013526711,
        -1.287381936647865,
        -0.8496355758981693
      ],
      "confs": [
        0.0630447193980217,
        0.01046032551676035,
        0.03077065758407116,
        0.017038971185684204,
        0.010853377170860767,
        0.009661716409027576,
        0.009503583423793316,
        0.0374893844127655
      ]
    }
  }
}