{
  "experiment": "Fluctuation-Dissipation Theorem",
  "r_fdt": -0.6324854727578056,
  "p_fdt": 0.0003047457843374365,
  "r_simple": -0.7118976234215237,
  "p_simple": 2.1534962321425784e-05,
  "sigma2": [
    0.20601391792297363,
    0.3166965842247009,
    0.5586367845535278,
    0.7528344988822937,
    0.9245594143867493,
    0.9337928891181946,
    1.0033032894134521,
    1.1216877698898315,
    1.1831690073013306,
    1.2664871215820312,
    1.2084230184555054,
    1.2270530462265015,
    1.2284966707229614,
    1.2651106119155884,
    1.260254144668579,
    1.259891390800476,
    1.2875200510025024,
    1.37677800655365,
    1.5383607149124146,
    2.105173110961914,
    2.500243902206421,
    3.247584342956543,
    4.040097713470459,
    5.143333435058594,
    7.115786075592041,
    8.361879348754883,
    9.758255004882812,
    2.9974677562713623
  ],
  "chi": [
    0.036370464658830315,
    0.02095314089092426,
    0.028093522501876574,
    0.027593860490014777,
    0.011676625028485432,
    0.013824647699948399,
    0.024518847989384085,
    0.011457624903414397,
    0.017976078379433602,
    0.02474598481785506,
    0.019295848498586565,
    0.02286170690786093,
    0.024607426370494068,
    0.03151152963982895,
    0.015101130265975371,
    0.022043239907361564,
    0.015390126820420846,
    0.01192990393610671,
    0.01556508196517825,
    0.0073735230253078035,
    0.006528723504743538,
    0.0044004833325743675,
    0.0037572032015305012,
    0.0037139051273697983,
    0.0019117437113891356,
    0.002300961030414328,
    0.0026585948216961697,
    0.004845702860620804
  ],
  "fdt_prediction": [
    0.04673955466304989,
    0.06652832360798523,
    0.1282398960971768,
    0.17080322399589734,
    0.17037490597535304,
    0.19337022227394882,
    0.1807770091642738,
    0.21837521903300475,
    0.2112466402965104,
    0.22513770210746906,
    0.197915342930816,
    0.21107038811277612,
    0.21471524395167896,
    0.22250217953903367,
    0.21462376860721705,
    0.19664809540353423,
    0.21306806731605799,
    0.2593114695185257,
    0.2652251884185446,
    0.3983357746452198,
    0.5224717653659368,
    1.0805870544537757,
    1.7872674498218493,
    3.368035685276939,
    4.879813753694654,
    6.453404162945454,
    5.289664005996381,
    1.0181734778170242
  ],
  "T_profile": [
    2.6564549927572696e-05,
    4.407699632644653,
    4.760327136516571,
    4.356185567378998,
    4.407612931728363,
    5.426617312431335,
    4.829041814804077,
    5.549949598312378,
    5.136515831947326,
    5.600889110565186,
    5.625388860702515,
    6.105757141113282,
    5.813477945327759,
    5.721515846252442,
    5.685834693908691,
    5.871922540664673,
    6.4068324089050295,
    6.042764019966126,
    5.309360241889953,
    5.800205945968628,
    5.284921026229858,
    4.785414385795593,
    3.0053889036178587,
    2.2604886099696158,
    1.5271018229424953,
    1.4582085371017457,
    1.295731545239687,
    1.8447778522968292,
    2.943965661525726
  ]
}