{
  "experiment": "Information Bottleneck",
  "I_X_T": [
    1.0,
    0.06738174706697464,
    0.046122461557388306,
    0.05985323712229729,
    0.058695461601018906,
    0.0422893688082695,
    0.042052414268255234,
    0.03518763557076454,
    0.03359953686594963,
    0.03455913066864014,
    0.0293909702450037,
    0.025159990414977074,
    0.027162814512848854,
    0.024832861497998238,
    0.01977105624973774,
    0.01825055293738842,
    0.015319987200200558,
    0.016950631514191628,
    0.01628386415541172,
    0.01386722456663847,
    0.01581171713769436,
    0.012652097269892693,
    0.009622886776924133,
    0.017532210797071457,
    0.02062288112938404,
    0.018956104293465614,
    0.014510072767734528,
    0.0034131105057895184,
    0.0632377415895462
  ],
  "I_T_Y": [
    -20.607523100716726,
    -10.544282776968819,
    -8.229182073048182,
    -8.707827738353185,
    -8.799540792192731,
    -8.64938201223101,
    -8.009241683142525,
    -6.943843466894967,
    -6.85328962121691,
    -6.979492766516549,
    -6.400450800146375,
    -5.829174212047032,
    -5.903747269085476,
    -5.691472836903164,
    -5.4768146276474,
    -5.434966121401105,
    -5.343301398413522,
    -5.107959491865976,
    -4.443355747631618,
    -3.5655383382524763,
    -3.1452288883072987,
    -3.0361056455544064,
    -2.5795020290783475,
    -2.381748693329947,
    -2.549492433667183,
    -2.1639994361570905,
    -1.8044181146792002,
    -0.42547333772693363,
    -1.7951336588178362
  ],
  "summary": {
    "I_X_T_start": 1.0,
    "I_X_T_end": 0.0632377415895462,
    "I_T_Y_start": -20.607523100716726,
    "I_T_Y_end": -1.7951336588178362
  }
}