{
  "experiment": "kT Reheating Universality",
  "models": {
    "Qwen2.5-1.5B": {
      "n_layers": 29,
      "min_layer": 2,
      "min_kT": 0.5062634775677427,
      "min_frac": 0.07142857142857142,
      "peak_layer": 27,
      "peak_kT": 2.7820680666819038,
      "peak_frac": 0.9642857142857143,
      "reheat_ratio": 5.495296795846996
    },
    "Qwen2.5-0.5B": {
      "n_layers": 25,
      "min_layer": 2,
      "min_kT": 0.1891638544350006,
      "min_frac": 0.08333333333333333,
      "peak_layer": 24,
      "peak_kT": 3.634872010108326,
      "peak_frac": 1.0,
      "reheat_ratio": 19.215468087407643
    },
    "TinyLlama-1.1B": {
      "n_layers": 23,
      "min_layer": 2,
      "min_kT": 0.014939843292254736,
      "min_frac": 0.09090909090909091,
      "peak_layer": 22,
      "peak_kT": 1.6745548380480202,
      "peak_frac": 1.0,
      "reheat_ratio": 112.08650546605863
    }
  },
  "profiles": {
    "Qwen2.5-1.5B": {
      "kT": [
        0.028796288754699455,
        0.38400965308250784,
        0.5062634775677427,
        0.6940499645264538,
        0.8440043375126595,
        0.870278455178368,
        0.8474474545603613,
        0.8318691184147154,
        0.8691435468376969,
        0.8077110456974312,
        0.7995354666257707,
        0.7417447814044589,
        0.6952388418265388,
        0.7044287313366429,
        0.7256525577208381,
        0.7181431580561861,
        0.7353275939814343,
        0.7330856869603174,
        0.8001345897822466,
        0.9011236461687763,
        1.0039943869431363,
        1.1971832506235478,
        1.3845251134200838,
        1.6169603085152664,
        1.896225590455773,
        2.3867975307194502,
        2.6107600106086273,
        2.7820680666819038,
        1.422903559682241
      ],
      "r2": [
        0.934826845418956,
        0.9895638793034445,
        0.9874483323477521,
        0.9890628159657954,
        0.9840291841761107,
        0.9902845105093965,
        0.9902211757042743,
        0.996142428877427,
        0.9969023421529872,
        0.9998257119912981,
        0.9999362194589722,
        0.9997345211588233,
        0.9994437294329384,
        0.9994349424168666,
        0.9994580692141314,
        0.9992478937294452,
        0.99940807992971,
        0.9993809780107112,
        0.9995406251501603,
        0.9998004350022696,
        0.9996342379131395,
        0.9999242356168982,
        0.9999119513772998,
        0.9999783265838892,
        0.9999600468084024,
        0.9998708510882298,
        0.9998786035441705,
        0.9999866041477639,
        0.9999400802192361
      ]
    },
    "Qwen2.5-0.5B": {
      "kT": [
        0.015725972143933665,
        0.15711895401506987,
        0.1891638544350006,
        0.24961914668944837,
        0.27805328565095316,
        0.34280442717531984,
        0.421711085493888,
        0.397451452290561,
        0.35040608805478496,
        0.3157516323262601,
        0.27820076204376,
        0.2749945608716977,
        0.26878304074240866,
        0.269428739026311,
        0.2899678782009719,
        0.3593288236662688,
        0.4300508433039782,
        0.5000146370976911,
        0.5833009896491761,
        0.7189568281063766,
        0.8299481230930741,
        1.1083213899987174,
        1.1549808576033045,
        1.3775443320287972,
        3.634872010108326
      ],
      "r2": [
        0.9624727903678428,
        0.9852606870145514,
        0.9946746155775097,
        0.9906042654912027,
        0.994620891532794,
        0.9942730416398952,
        0.9916866532109251,
        0.99106233470161,
        0.9970379935392965,
        0.9993736877963215,
        0.9992008142792748,
        0.9992570665025581,
        0.9990357779084148,
        0.9990028989963721,
        0.9992421951059206,
        0.9996300510155436,
        0.9996237860615801,
        0.9998397897295546,
        0.9997255991165739,
        0.9987692037626226,
        0.9991249348352842,
        0.997223362513767,
        0.9996998262771979,
        0.9991179649091345,
        0.9998126422392539
      ]
    },
    "TinyLlama-1.1B": {
      "kT": [
        0.012410366977251858,
        0.01433110062116293,
        0.014939843292254736,
        0.023855726288361183,
        0.031950419565453414,
        0.03972947082876562,
        0.049517033610046064,
        0.06067580383535108,
        0.07505135206796264,
        0.0808860563984921,
        0.09052975549741997,
        0.1014496859453122,
        0.10998919559730233,
        0.11760423479197799,
        0.13308238381541646,
        0.1463472904905536,
        0.1629621924629516,
        0.20909275604281746,
        0.2489985307024709,
        0.32973548266418234,
        0.4244884392948694,
        0.5112833395276085,
        1.6745548380480202
      ],
      "r2": [
        0.9888867595335933,
        0.9962677260959054,
        0.9991146010172948,
        0.9849769313462264,
        0.9760551527693545,
        0.9789333500196002,
        0.9757860709034896,
        0.9750491558611929,
        0.9729263384167125,
        0.9743592724309851,
        0.97895403913382,
        0.9820309198784102,
        0.9813772580712232,
        0.9864767534197203,
        0.9818432542454207,
        0.986353583406333,
        0.993807827513947,
        0.9875505700982321,
        0.9885895800159225,
        0.9859070596613979,
        0.9820553373202636,
        0.9896626212773829,
        0.9778855800012428
      ]
    }
  },
  "summary": {
    "mean_valley_frac": 0.08189033189033189,
    "mean_peak_frac": 0.9880952380952381,
    "mean_reheat_ratio": 45.59909011643776,
    "cv": 1.0383144377575635,
    "is_universal": "False"
  }
}