{
  "experiment": "Regge Trajectory",
  "results": {
    "0.5B": {
      "alpha_prime": 0.032019,
      "r2": 0.9991,
      "sigma": 5.0007,
      "T_H": 0.8914,
      "avg_spacing": 12.0297,
      "masses": [
        0.4457,
        5.5963,
        8.2386,
        9.4153,
        11.2316,
        12.4227,
        13.6118,
        14.927,
        15.0419,
        15.7892,
        16.0232,
        16.8873,
        16.0524,
        17.6144,
        18.5211,
        20.5169,
        23.0286,
        28.1872,
        33.8409,
        38.3343,
        43.9386,
        55.2919,
        73.8009,
        78.1558,
        289.1594
      ],
      "spins": [
        0.0181,
        2.0386,
        3.5842,
        5.2181,
        6.7726,
        7.5699,
        9.952,
        11.8085,
        11.61,
        11.2338,
        10.2825,
        10.8378,
        10.5486,
        11.1153,
        11.6024,
        17.6313,
        22.5363,
        31.4096,
        39.1385,
        51.5428,
        71.3555,
        129.1629,
        182.8831,
        233.6893,
        2682.8889
      ],
      "regge_holds": true
    },
    "1.5B": {
      "alpha_prime": 0.015537,
      "r2": 0.9338,
      "sigma": 10.324,
      "T_H": 1.2806,
      "avg_spacing": 10.9188,
      "masses": [
        0.9538,
        20.6267,
        26.4405,
        31.1047,
        37.0097,
        43.1767,
        42.7935,
        45.5466,
        47.0586,
        49.085,
        52.6963,
        55.6716,
        55.3958,
        54.3156,
        57.6127,
        59.8569,
        61.4079,
        63.9859,
        67.4175,
        75.8145,
        84.8179,
        95.7212,
        117.7477,
        140.363,
        166.5659,
        204.387,
        242.9812,
        306.6793,
        208.5983
      ],
      "spins": [
        0.0535,
        16.2726,
        26.9759,
        36.9243,
        51.6442,
        62.4367,
        58.3504,
        60.6169,
        63.4405,
        70.7642,
        74.9495,
        70.1471,
        65.7939,
        62.4651,
        71.6891,
        72.9009,
        77.0958,
        88.1443,
        94.4885,
        113.4365,
        137.6244,
        206.947,
        321.2789,
        433.3086,
        590.4551,
        905.0083,
        1097.089,
        1411.5636,
        415.8458
      ],
      "regge_holds": true
    }
  }
}