{
  "experiment": "Ergodic Hypothesis (v2 - fixed)",
  "ergodic_scores": {
    "T": {
      "ens_mean": 5.0502070665359495,
      "tim_mean": 3.884204441080984,
      "ens_std": 1.871464563710353,
      "tim_std": 2.1208258473306434,
      "rel_diff": 0.2610138618414547,
      "ks_stat": 0.4,
      "ks_p": 0.010075295145426788
    },
    "PR": {
      "ens_mean": 39.54570690043674,
      "tim_mean": 48.979395050996175,
      "ens_std": 23.585029294643945,
      "tim_std": 40.28034391949195,
      "rel_diff": 0.21313024086036825,
      "ks_stat": 0.24285714285714285,
      "ks_p": 0.27903783675478366
    }
  },
  "note": "U excluded from comparison: it is an extensive variable that depends on token position. Only intensive thermodynamic variables (T, PR) tested.",
  "summary": {
    "n_ergodic": 1,
    "n_total": 2,
    "observables_tested": [
      "T",
      "PR"
    ],
    "observables_excluded": [
      "U (position-dependent extensive variable)"
    ]
  }
}