{
  "experiment": "Critical Slowing Down",
  "L0_kl": 0,
  "L0_l2": 0,
  "gamma": -0.13992861238336315,
  "mean_kl": [
    0.0035227021609898655,
    0.002930865890812129,
    0.001032830699114129,
    0.0017069326539058238,
    0.0016340763831976801,
    0.0022462166991317643,
    0.002127355115953833,
    0.002221479482250288,
    0.0026636505499482155,
    0.002336309803649783,
    0.002583955600857735,
    0.0028478900610934945,
    0.001956934391637333,
    0.0026765967486426234,
    0.0026377856847830117,
    0.002302852750290185,
    0.0020597211667336525,
    0.0012656870821956545,
    0.0010414983960799872,
    0.0011887805550941267,
    0.0008816467539872974,
    0.0005475129568367265,
    0.0004291514094802551,
    0.0003258454380556941,
    0.00020882038807030768,
    0.00019592488242778928,
    0.00017354949595755899,
    0.000750512805825565
  ],
  "mean_l2": [
    46.03544864654541,
    42.36431732177734,
    35.611666679382324,
    33.590705680847165,
    31.27482490539551,
    38.912841987609866,
    31.766983222961425,
    36.845145797729494,
    41.40273933410644,
    37.45811767578125,
    40.35739631652832,
    38.29857330322265,
    33.47498397827148,
    38.11034393310547,
    40.20672340393067,
    38.82171115875244,
    37.489815139770506,
    34.00449676513672,
    37.15370903015137,
    32.06569061279297,
    31.12877140045166,
    28.946399879455566,
    31.095568656921387,
    28.596586608886717,
    25.998699378967284,
    23.55075607299805,
    20.769469833374025,
    19.161111927032472
  ]
}