{
  "experiment": "Scaling Laws",
  "results": {
    "0.5B": {
      "model": "0.5B",
      "n_layers": 24,
      "n_states": 25,
      "T_final": 3.084383153915405,
      "T_initial": 0.00022888921677979203,
      "T_range": 6.833106319676042,
      "P1_final": 0.38441559821367266,
      "U_final": 290.7113403320312,
      "rho_S": -0.2569230769230769,
      "rho_P1": 0.5015384615384615,
      "max_abs_dT": 5.547416584263445,
      "total_fisher": 1956767921096.517,
      "total_geodesic": 12.991012936279029,
      "mean_T": [
        0.00022888921677979203,
        5.547645473480225,
        6.239210891723633,
        6.6572206020355225,
        6.558599233627319,
        6.773557567596436,
        6.6686114311218265,
        5.915525817871094,
        6.0366370677948,
        6.015463352203369,
        6.684200382232666,
        6.664584541320801,
        5.949141478538513,
        6.264789295196533,
        6.351230907440185,
        6.634518003463745,
        5.838847661018372,
        6.73531141281128,
        6.833335208892822,
        6.10461196899414,
        3.5198147892951965,
        2.448408341407776,
        3.267773675918579,
        2.7281434893608094,
        3.084383153915405
      ],
      "mean_U": [
        0.4463509827852249,
        6.554028129577636,
        8.823684120178223,
        10.440803813934327,
        11.885977172851563,
        14.065776252746582,
        15.610383319854737,
        15.90358362197876,
        16.20370798110962,
        16.91724576950073,
        17.376534080505373,
        17.640114307403564,
        17.259335803985596,
        18.819138526916504,
        19.711728477478026,
        21.7851993560791,
        24.532476806640624,
        29.25971202850342,
        34.23260059356689,
        38.645863723754886,
        45.26786308288574,
        55.628898239135744,
        71.77060470581054,
        76.67776565551758,
        290.7113403320312
      ],
      "mean_P1": [
        0.9999793291091919,
        0.18472236208617687,
        0.16715340949594976,
        0.10531316585838794,
        0.12744729556143283,
        0.11174326967447996,
        0.10739244557917119,
        0.21449619829654692,
        0.1707438936457038,
        0.20352900475263597,
        0.14855720438063144,
        0.13351897448301314,
        0.21593440901488065,
        0.1890465946868062,
        0.2047373043373227,
        0.18270148020237684,
        0.24131600335240364,
        0.16824813280254602,
        0.14116512835025788,
        0.1955116841942072,
        0.46995470859110355,
        0.4762731909751892,
        0.38093167543411255,
        0.4252268061041832,
        0.38441559821367266
      ]
    },
    "1.5B": {
      "model": "1.5B",
      "n_layers": 28,
      "n_states": 29,
      "T_final": 2.943965661525726,
      "T_initial": 2.6564549927572696e-05,
      "T_range": 6.406805844355102,
      "P1_final": 0.41965597718954084,
      "U_final": 202.31078186035157,
      "rho_S": -0.2068965517241379,
      "rho_P1": 0.3088669950738916,
      "max_abs_dT": 4.407673068094725,
      "total_fisher": 1984430886876.3071,
      "total_geodesic": 14.60781794929503,
      "mean_T": [
        2.6564549927572696e-05,
        4.407699632644653,
        4.760327136516571,
        4.356185567378998,
        4.407612931728363,
        5.426617312431335,
        4.829041814804077,
        5.549949598312378,
        5.136515831947326,
        5.600889110565186,
        5.625388860702515,
        6.105757141113282,
        5.813477945327759,
        5.721515846252442,
        5.685834693908691,
        5.871922540664673,
        6.4068324089050295,
        6.042764019966126,
        5.309360241889953,
        5.800205945968628,
        5.284921026229858,
        4.785414385795593,
        3.0053889036178587,
        2.2604886099696158,
        1.5271018229424953,
        1.4582085371017457,
        1.295731545239687,
        1.8447778522968292,
        2.943965661525726
      ],
      "mean_U": [
        1.0008127689361572,
        21.18948268890381,
        27.648726844787596,
        34.66110095977783,
        41.53827018737793,
        46.557752227783205,
        46.370212936401366,
        49.61117935180664,
        53.10600814819336,
        55.21245155334473,
        60.25232849121094,
        60.822815322875975,
        59.348904037475585,
        58.93699226379395,
        61.065358352661136,
        63.5330078125,
        66.89463310241699,
        66.84242172241211,
        71.71439971923829,
        79.76124877929688,
        90.4999771118164,
        99.05471420288086,
        115.25598526000977,
        137.57589569091797,
        160.8910919189453,
        204.97803955078126,
        228.1993850708008,
        279.75989685058596,
        202.31078186035157
      ],
      "mean_P1": [
        0.9999980688095093,
        0.2330254253000021,
        0.2585942126810551,
        0.267619626224041,
        0.28316270262002946,
        0.1778983622789383,
        0.23311375603079795,
        0.16149999499320983,
        0.21793201081454755,
        0.15638853181153536,
        0.1963591869920492,
        0.1082665853202343,
        0.1422758422791958,
        0.14870444871485233,
        0.16990663036704062,
        0.17223978452384472,
        0.1294637180864811,
        0.17057313360273837,
        0.24430393017828464,
        0.16990854516625403,
        0.24316357020288706,
        0.24196845814585685,
        0.39232797026634214,
        0.5243200272321701,
        0.617845493555069,
        0.6015441417694092,
        0.6784066677093505,
        0.5259612113237381,
        0.41965597718954084
      ]
    }
  },
  "param_counts": {
    "0.5B": 500000000.0,
    "1.5B": 1500000000.0
  }
}