{
  "experiment": "RG Flow",
  "results": {
    "1": {
      "n_points": 29,
      "L0": 22.109080829080224,
      "L0_real": 22.109080829080224,
      "L0_ratio": 0.7623820975544905,
      "R2": 0.9798576429989985,
      "final_eta": 0.7931714454742145
    },
    "2": {
      "n_points": 15,
      "L0": 10.935951395587463,
      "L0_real": 21.871902791174925,
      "L0_ratio": 0.7290634263724975,
      "R2": 0.9795672677602358,
      "final_eta": 0.7931714454742145
    },
    "3": {
      "n_points": 10,
      "L0": 7.134136091706019,
      "L0_real": 21.402408275118056,
      "L0_ratio": 0.7134136091706018,
      "R2": 0.9871549387553697,
      "final_eta": 0.7265623985666791
    },
    "4": {
      "n_points": 8,
      "L0": 5.2903019537316895,
      "L0_real": 21.161207814926758,
      "L0_ratio": 0.6612877442164612,
      "R2": 0.9919305268140409,
      "final_eta": 0.7521808055778314
    }
  },
  "summary": {
    "mean_ratio": 0.7165367193285127,
    "ratio_cv": 0.05090083709122625
  }
}