{
  "experiment": "Attention Entropy",
  "results": {
    "0.5B": {
      "model": "0.5B",
      "n_layers": 24,
      "mean_attn_entropy": [],
      "std_attn_entropy": [],
      "mean_output_entropy": [
        0.00028768966834196737,
        6.052501757939656,
        7.187277515729268,
        6.397717277208964,
        6.9018542766571045,
        7.139034191767375,
        7.034718910853068,
        6.509971658388774,
        6.4551881949106855,
        6.953574260075887,
        6.803739070892334,
        6.767800499995549,
        6.0713647703329725,
        6.350117405255635,
        6.737236102422078,
        5.9921960433324175,
        5.309326887130737,
        6.513386050860087,
        6.173491656780243,
        5.848903179168701,
        3.819355127712091,
        2.8138015468915305,
        4.202100336551666,
        3.047644923130671,
        3.309452712535858
      ],
      "r_attn_output": 0.0,
      "head_variance": []
    },
    "1.5B": {
      "model": "1.5B",
      "n_layers": 28,
      "mean_attn_entropy": [],
      "std_attn_entropy": [],
      "mean_output_entropy": [
        2.887084308878542e-05,
        4.106434250871341,
        4.266825209061305,
        3.9726853470007577,
        4.523535658915837,
        5.187415560086568,
        4.833348830540975,
        5.546700358390808,
        5.207572638988495,
        4.972013334433238,
        5.355972766876221,
        5.864500323931376,
        5.890732089678447,
        5.974837144215901,
        5.892916123072307,
        6.074302593866984,
        6.549094041188558,
        6.249116659164429,
        5.321943700313568,
        5.5203462441762285,
        4.609276990095775,
        4.073345775405566,
        2.2239751343925795,
        1.9366372202833493,
        1.3211420625448227,
        1.521764929095904,
        1.4751575471212466,
        2.328236401081085,
        3.5387769838174186
      ],
      "r_attn_output": 0.0,
      "head_variance": []
    }
  }
}