{
  "experiment": "Grand Unified Equations",
  "per_model": {
    "Qwen2.5-1.5B": {
      "r2_U": 0.8874063362690852,
      "r2_T": 0.20341003194763996,
      "r2_PR": 0.26243126193301636,
      "U_params": [
        14.963011325705544,
        2.419745339296211e-05,
        4143.032985696051
      ],
      "T_params": [
        13456.489770076487,
        5.873622384649721e-06,
        -13451.488283404819
      ]
    },
    "Qwen2.5-0.5B": {
      "r2_U": 0.8448388439668832,
      "r2_T": 0.02604519505659364,
      "r2_PR": 0.3183903989522109,
      "U_params": [
        7.158745280636625e-06,
        0.0019344422342709125,
        383.81388250385186
      ],
      "T_params": [
        5958.366416366984,
        6.509225714787397e-06,
        -5952.526229021506
      ]
    }
  },
  "summary": {
    "mean_r2": 0.4510825433832471
  }
}