{
  "experiment": "Fluctuation-Dissipation Theorem",
  "var_eta": [
    0.0,
    0.0,
    0.0,
    0.03267919078019263,
    0.033509716881678336,
    0.03634259190007954,
    0.03183824053235513,
    0.02539122824077674,
    0.030039691072032162,
    0.04249920169712468,
    0.046462641912143096,
    0.04803510706809323,
    0.0452784518180123,
    0.04125870500213316,
    0.037719819633707866,
    0.03704493909636698,
    0.03485823603779151,
    0.018604533077080272,
    0.03061910991173345,
    0.04640646685668266,
    0.04870027423948181,
    0.05534349504641858,
    0.02870691419386682,
    0.0205478486525858,
    0.02007631296814885,
    0.01390018557057469,
    0.013487939835523504,
    0.013001593407432127,
    0.01308813477226408
  ],
  "avg_kT": [
    13.970151517713312,
    14.586094376206812,
    15.872486956852432,
    14.629378662357585,
    14.821231893175018,
    17.131281881848487,
    15.595520752583234,
    17.339791872668123,
    15.997242125128576,
    17.807104685036848,
    17.840068075305574,
    18.555619091937043,
    17.419647393484617,
    16.999730640762444,
    16.940813220483818,
    16.846883044866097,
    17.79707423955329,
    17.65818152676828,
    16.53552368731716,
    16.252239629385887,
    15.392797733841938,
    13.421573344768802,
    11.48557162167747,
    9.897174984845208,
    8.603815981959103,
    8.44132911367237,
    8.511489404754833,
    9.275718436493033,
    12.859869674643502
  ],
  "chi_fdt": [
    0.0,
    0.0,
    0.0,
    0.0022338057913597583,
    0.0022609265628508943,
    0.002121416958200561,
    0.0020414990327833273,
    0.0014643329301231855,
    0.0018778043638320529,
    0.0023866429971963784,
    0.0026043982408451,
    0.002588709480930605,
    0.0025992748759476984,
    0.0024270211024967157,
    0.002226564872805319,
    0.002198919467624377,
    0.0019586498077377576,
    0.001053592809020116,
    0.001851716975558102,
    0.00285538903650479,
    0.0031638351312896886,
    0.0041234729807274745,
    0.0024993892458461922,
    0.0020761327029017417,
    0.0023334196140424772,
    0.0016466821022172887,
    0.001584674455193491,
    0.0014016804731955194,
    0.001017750187466432
  ],
  "chi_measured": [
    0.0,
    0.0,
    0.1306576870966366,
    0.1492117646307697,
    0.0302947565087906,
    0.02649635051712404,
    0.007713284985602781,
    0.0012446331684571876,
    -0.0035259239560011535,
    -0.007972537285845405,
    0.0079007531487362,
    0.00993166881736135,
    -0.00793594203468495,
    -0.002843865067838125,
    0.013495051938157171,
    0.010330600746717766,
    -0.0229528993597142,
    0.004580328353634977,
    0.062272365261921425,
    0.05160816176155769,
    0.06534593258018484,
    0.10575408335356884,
    0.10336050293708965,
    0.0641407115910641,
    0.03969726810541074,
    0.02293540464238203,
    0.009578215128753675,
    0.00113046456385546,
    0.001293434903852475
  ],
  "fdt_ratio": [
    0.0,
    0.0,
    1306576870.966366,
    66.79710408496675,
    13.39926544569593,
    12.4899299808586,
    3.7782455362039205,
    0.8499659181712811,
    -1.8776842977600383,
    -3.340481572301636,
    3.03361932958861,
    3.836532645655467,
    -3.053136781648697,
    -1.1717512252932094,
    6.060928876085899,
    4.698034843483851,
    -11.7187350679861,
    4.347341667186112,
    33.62952477130056,
    18.073950447514115,
    20.654025195094494,
    25.646847034808683,
    41.35430244546232,
    30.89432020023804,
    17.01248509495026,
    13.928251979343115,
    6.04427899555954,
    0.806506550403458,
    1.2708764809807396
  ],
  "summary": {
    "pre_fdt_violation": 8.915341373799924,
    "post_fdt_violation": 14.956858378018651
  }
}