{
  "experiment": "Specific Heat",
  "results": {
    "0.5B": {
      "model": "0.5B",
      "cold_T": [
        1.08835882879188e-05,
        4.910910129547119,
        5.901836967468261,
        5.736503648757934,
        5.1148169994354244,
        5.095656216144562,
        5.561278486251831,
        5.1505165785551075,
        5.269717156887054,
        5.793544149398803,
        6.016712641716003,
        6.203035020828247,
        5.876670098304748,
        6.470226716995239,
        6.711203145980835,
        6.252915835380554,
        6.173785066604614,
        3.527189114689827,
        3.386803835630417,
        4.298479127883911,
        2.553170156478882,
        1.2488465070724488,
        2.3952768325805662,
        2.4012396574020385,
        2.527047610282898
      ],
      "cold_U": [
        0.4232036888599396,
        6.897905349731445,
        9.180310821533203,
        10.427882194519043,
        11.595666122436523,
        12.759122276306153,
        13.788047409057617,
        14.466143798828124,
        14.80267162322998,
        15.565117454528808,
        16.66524543762207,
        16.483402252197266,
        16.380341720581054,
        17.979338455200196,
        19.1860782623291,
        20.112765884399415,
        22.09038887023926,
        27.630447769165038,
        32.549848556518555,
        36.55454330444336,
        42.38179168701172,
        54.054097747802736,
        69.46373748779297,
        76.4271469116211,
        278.2865478515625
      ],
      "warm_T": [
        6.494923942609622e-05,
        6.716610336303711,
        7.6182962417602536,
        6.599766063690185,
        6.859032249450683,
        7.318256282806397,
        6.350124835968018,
        5.217294216156006,
        5.983127784729004,
        6.256829404830933,
        6.472664642333984,
        7.162782192230225,
        6.604931831359863,
        7.264341545104981,
        7.647591018676758,
        7.008487415313721,
        6.90364990234375,
        5.755875098705292,
        6.559596610069275,
        6.658303689956665,
        4.106426191329956,
        3.175372177362442,
        5.133216214179993,
        2.7838669776916505,
        3.4972065925598144
      ],
      "warm_U": [
        0.42198126912117007,
        6.13538818359375,
        8.684548950195312,
        9.717574119567871,
        11.394413948059082,
        13.302646827697753,
        14.66176242828369,
        14.983938598632813,
        15.432230186462402,
        15.680056953430176,
        16.67798957824707,
        17.19761390686035,
        16.391770935058595,
        17.699484062194824,
        18.870198440551757,
        20.859447860717772,
        23.108102798461914,
        28.008343505859376,
        33.35512924194336,
        37.466552734375,
        44.02482528686524,
        54.34894638061523,
        73.81035461425782,
        79.38910522460938,
        291.29674072265624
      ],
      "hot_T": [
        7.983077177431293e-06,
        5.641497230529785,
        6.923915672302246,
        6.109502124786377,
        6.232477474212646,
        5.6059130191802975,
        6.706622886657715,
        7.024536609649658,
        6.465755558013916,
        6.709834098815918,
        6.90707426071167,
        7.474602508544922,
        7.18916883468628,
        7.305741977691651,
        7.055078792572021,
        6.42771463394165,
        5.287690210342407,
        7.262422370910644,
        6.4059410572052,
        7.296090602874756,
        6.2644532203674315,
        5.333396148681641,
        6.8807573318481445,
        5.059226942062378,
        4.5399706840515135
      ],
      "hot_U": [
        0.41037757396698,
        6.16880693435669,
        8.5323091506958,
        9.700043678283691,
        10.89829387664795,
        12.054135131835938,
        13.0817440032959,
        14.399871826171875,
        14.924620437622071,
        15.354924964904786,
        15.628462982177734,
        16.727463722229004,
        16.66565570831299,
        17.74332275390625,
        18.71695785522461,
        19.279512023925783,
        21.390353775024415,
        25.783766555786134,
        31.007037353515624,
        34.557213592529294,
        41.881187438964844,
        54.98941497802734,
        71.76813583374023,
        77.87989349365235,
        299.5678314208984
      ],
      "C_layers": [
        0.0,
        -0.39301129576599303,
        -0.31467433300333414,
        -0.7789309925409048,
        -0.17497910798996233,
        0.3671956458927247,
        -0.33136658079946374,
        -0.16884071446384405,
        0.16111394635427603,
        -0.22758942824255424,
        -1.1546034625486938,
        0.3222491894422356,
        0.20922817894668858,
        -0.31389854093678643,
        -0.2721167630873084,
        1.4232945837159137,
        1.0533727451928487,
        -0.44396340626484154,
        -0.09071258080873232,
        -0.38035502103733737,
        -0.18863900239374776,
        0.23034102482696653,
        0.6086860306603643,
        0.12597975727094712,
        10.539451062432764
      ],
      "C_deriv": [
        1.0392383258651767,
        2.2661410343666724,
        -1.725652146336088,
        -16.884345184618613,
        -22.667576309939907,
        5.709872382165055,
        -1.8915235990207635,
        4.013963519325019,
        1.3830330565707172,
        3.7274992419470627,
        0.9950232324951835,
        0.8299169691589864,
        2.909282264531232,
        8.970620267188478,
        -2.0168030039833904,
        -4.786370537038942,
        -8.15201020159324,
        -80.19597099176121,
        6.138436491489738,
        -3.698657588993604,
        -11.086492422610181,
        11.10357170523981,
        -4.4788212069276705,
        1986.4715121190136
      ],
      "C_fluct": [
        37936.30997561634,
        0.0037359586234388285,
        0.001648158630565359,
        0.0030407183834824493,
        0.002331929997276311,
        0.007240853359262049,
        0.010843524509876662,
        0.002028595391931866,
        0.0021305485072000124,
        0.00046343206971613044,
        0.00578537253294364,
        0.0018205467209249247,
        0.0004045792167632466,
        0.0003070823690800138,
        0.0007487378342150835,
        0.009668343495448635,
        0.013272300099365518,
        0.03105637335719518,
        0.03194580603051217,
        0.03987587589493094,
        0.04517331908788898,
        0.014409610035580262,
        0.1366588090161609,
        0.12541062328351874,
        6.187737194399259
      ],
      "peak_layer": 24
    },
    "1.5B": {
      "model": "1.5B",
      "cold_T": [
        8.561060904611027e-07,
        2.8375415056943893,
        4.0733739852905275,
        2.357434630393982,
        3.2473891377449036,
        3.2377847909927366,
        3.848900485038757,
        3.948106902837753,
        3.3641582250595095,
        4.2716601371765135,
        3.6998663365840914,
        3.487103408575058,
        3.7099462933838367,
        3.3734862733632327,
        3.5283900603652,
        4.090894679352641,
        4.530662149190903,
        4.39476797580719,
        4.4862419128417965,
        4.1832415699958805,
        3.352484729886055,
        2.2994272708892822,
        1.4647985219955444,
        1.1137901186943053,
        0.8336800694465637,
        1.1088187515735626,
        1.5589593052864075,
        2.8820985198020934,
        3.530281162261963
      ],