{
  "experiment": "Brownian Ratchet",
  "results": {
    "0.0": {
      "U_mean": [
        0.9949091722567877,
        21.867212931315105,
        28.087961832682293,
        35.13918479283651,
        41.422777811686196,
        46.975016276041664,
        46.61146386464437,
        50.34040069580078,
        53.51756954193115,
        55.73798974355062,
        61.25492922465006,
        61.48333168029785,
        60.01904328664144,
        59.649489402770996,
        61.74552822113037,
        64.2949447631836,
        67.49524402618408,
        67.12981541951497,
        72.16348139444987,
        79.85369809468587,
        90.91831143697102,
        99.19798787434895,
        115.36324055989583,
        137.7867431640625,
        160.51146697998047,
        204.4664738972982,
        228.4910456339518,
        280.1908467610677,
        202.71710713704428
      ],
      "T_mean": [
        2.2143807770081094e-05,
        4.28089140355587,
        4.6885519325733185,
        4.242721845706304,
        4.267159054676692,
        5.2708244522412615,
        4.8583877881368,
        5.465658823649089,
        5.005760550498962,
        5.75830872853597,
        5.776745239893596,
        6.236588557561238,
        5.928211768468221,
        5.8317170937856035,
        5.820542931556702,
        5.9171914259592695,
        6.474843502044678,
        6.022499819596608,
        5.205882251262665,
        5.372525413831075,
        4.899239321549733,
        4.21898911272486,
        2.6896130492289863,
        2.003172669559717,
        1.3427143587420385,
        1.3920872199038665,
        1.2992105533679326,
        1.8756361653407414,
        3.0025712748368583
      ],
      "eta": 0.3112835979851124,
      "mean_conf": 0.35919538885354996,
      "waste_mean": []
    },
    "0.001": {
      "U_mean": [
        0.9949091722567877,
        21.867212931315105,
        28.087961832682293,
        35.152321656545006,
        120.82415231068929,
        294.81242911020917,
        470.22138436635333,
        541.6395842234293,
        595.6545143127441,
        713.4160168965658,
        793.5645446777344,
        848.7765808105469,
        904.9915720621744,
        953.1858520507812,
        1027.979731241862,
        1077.8532969156902,
        1109.9440612792969,
        1138.9678243001301,
        1170.2296854654949,
        1197.4478098551433,
        1224.8384704589844,
        1257.8043721516926,
        1291.5496724446614,
        1329.695063273112,
        1372.440170288086,
        1410.456059773763,
        1422.9382985432942,
        1433.5069580078125,
        135.26139068603516
      ],
      "T_mean": [
        2.2143807770081094e-05,
        4.28089140355587,
        4.6885519325733185,
        4.250981350739797,
        5.3089390099048615,
        5.83909543355306,
        5.971679627895355,
        5.926110744476318,
        5.744648973147075,
        5.5605385303497314,
        5.576595465342204,
        5.495274563630422,
        5.601120049754779,
        5.684503495693207,
        5.414342959721883,
        5.6028139392534895,
        5.704733967781067,
        5.46193786462148,
        5.670336862405141,
        5.761617183685303,
        5.796525398890178,
        5.591444313526154,
        5.657677570978801,
        5.555739164352417,
        5.507783949375153,
        5.5524869958559675,
        5.725985606511434,
        5.741545955340068,
        5.584946672121684
      ],
      "eta": -0.9011699494854055,
      "mean_conf": 0.35919538885354996,
      "waste_mean": [
        6.916456659634908,
        4801.2092692057295,
        10071.988444010416,
        10185.89794921875,
        10202.517740885416,
        10190.715006510416,
        10116.269449869791,
        10036.821940104166,
        9963.002766927084,
        9928.982014973959,
        9873.536783854166,
        9831.790771484375,
        9787.362223307291,
        9745.232747395834,
        9696.362874348959,
        9651.524251302084,
        9614.886637369791,
        9582.054931640625,
        9560.426432291666,
        9540.430745442709,
        9515.72509765625,
        9484.296549479166,
        9447.115641276041,
        9401.888509114584,
        9335.737467447916,
        9306.624674479166,
        400.54245376586914,
        380.61935806274414
      ]
    },
    "0.005": {
      "U_mean": [
        0.9949091722567877,
        21.867212931315105,
        28.087961832682293,
        35.23382298151652,
        503.4558792114258,
        1487.2638524373372,
        2145.4755268096924,
        2502.1484139760337,
        2923.4774271647134,
        3304.934285481771,
        3551.2144775390625,
        3751.6419270833335,
        3913.8175252278647,
        4173.617736816406,
        4309.440368652344,
        4444.137288411458,
        4546.717915852864,
        4725.2408447265625,
        4835.751871744792,
        4979.206075032552,
        5098.530619303386,
        5201.0230712890625,
        5331.1957600911455,
        5485.501363118489,
        5596.832580566406,
        5753.057454427083,
        5812.8642985026045,
        5887.172932942708,
        136.17422231038412
      ],
      "T_mean": [
        2.2143807770081094e-05,
        4.28089140355587,
        4.6885519325733185,
        4.2581965525945025,
        5.2740938266118365,
        5.715240289767583,
        5.263747731844584,
        5.494820654392242,
        5.719450056552887,
        5.966275572776794,
        5.856696764628093,
        6.003506700197856,
        6.096224506696065,
        6.193756024042766,
        5.985711534818013,
        5.932763417561849,
        5.85716183980306,
        5.72082257270813,
        5.800710082054138,
        5.828236738840739,
        6.005168477694194,
        5.906781494617462,
        5.891820589701335,
        5.835007826487224,
        5.6771343151728315,
        5.661359349886577,
        5.597267945607503,
        5.5898094574610395,
        5.475472807884216
      ],
      "eta": -0.8576971222718353,
      "mean_conf": 0.35919538885354996,
      "waste_mean": [
        6.916456659634908,
        4801.2092692057295,
        10072.01708984375,
        9888.642496744791,
        9393.713053385416,
        9089.791666666666,
        8923.179931640625,
        8552.945882161459,
        8402.124186197916,
        8136.4053141276045,
        7957.509602864583,
        7855.1460367838545,
        7756.9345296223955,
        7617.6927490234375,
        7526.305745442708,
        7414.7392985026045,
        7350.0942789713545,
        7288.430501302083,
        7237.490478515625,
        7186.6224365234375,
        7155.8604736328125,
        7058.8084716796875,
        6986.346842447917,
        6927.4896240234375,
        6865.643229166667,
        6818.5649007161455,
        1543.7591857910156,
        1481.9116821289062
      ]
    },
    "0.01": {
      "U_mean": [
        0.9949091722567877,
        21.867212931315105,
        28.087961832682293,
        35.179869969685875,
        975.759765625,
        3011.3994201024375,
        4064.800436973572,
        5243.617329915364,
        5780.447835286458,
        6433.652669270833,
        6890.628092447917,
        7145.785237630208,
        7432.1530354817705,
        7678.1479899088545,
        7931.2727457682295,
        8103.134440104167,
        8311.792073567709,
        8543.0068359375,
        8787.656290690104,
        8946.195841471354,
        9189.899373372396,
        9357.686645507812,
        9455.579182942709,
        9645.806193033854,
        9782.031819661459,
        9875.165364583334,
        9943.240152994791,
        10015.543050130209,
        136.9281120300293
      ],