{
  "experiment": "Fisher Information Landscape",
  "fisher_mean": [
    29.65413037935893,
    9.00700645049413,
    6.583188223838806,
    3.6174677034219105,
    4.45756955742836,
    3.8947391867637635,
    3.7092844525973003,
    4.512417999903361,
    3.4846677601337435,
    3.1426275730133058,
    1.7686704357465108,
    1.6114075342814127,
    0.9406200091044108,
    1.1910639564196268,
    0.7558032433191936,
    0.7987071295579274,
    0.84277263879776,
    1.7055313289165497,
    1.0211703817049662,
    2.125897018114726,
    2.5888797357678413,
    2.3872830929855504,
    5.92150831942757,
    1.4282891045014063,
    7.519564093525211,
    0.46257576265682776,
    1.1732398188362518,
    7.420747204621633
  ],
  "kl_mean": [
    4.45818034807841,
    1.9633184512456259,
    1.490979838371277,
    1.0012351800998052,
    1.3254206875960033,
    1.1856061259905497,
    1.1638630986213685,
    1.3198036591211955,
    1.1077019055684407,
    0.9902150114377339,
    0.6779629190762838,
    0.6179304917653402,
    0.39987428387006124,
    0.46178686022758486,
    0.3259349455436071,
    0.34477347632249195,
    0.34360735019048055,
    0.6042663951714834,
    0.44596454699834187,
    0.7655797243118286,
    0.7569744681318601,
    0.7633141714458664,
    0.7764656216527025,
    0.43110123723745347,
    1.0744635770097375,
    0.21151881584276755,
    0.44157803766429427,
    1.7472068627675374
  ],
  "js_mean": [
    0.5709660818179448,
    0.3091592609882355,
    0.24166783168911934,
    0.18243138156831265,
    0.25363283803065617,
    0.22697555453826984,
    0.2284053683280945,
    0.24581122721234958,
    0.2190766751766205,
    0.19324147154887517,
    0.14849364931384723,
    0.13474629819393158,
    0.09211224094033241,
    0.10128041257460912,
    0.07566001818825802,
    0.07995284882684549,
    0.07728277519345284,
    0.12574187032878398,
    0.10421080825229485,
    0.16089397743344308,
    0.14237338320041695,
    0.14872489830013363,
    0.09342512087896467,
    0.08100467540013294,
    0.13969025847036393,
    0.050507054931949825,
    0.09744397814696033,
    0.27872015510996184
  ],
  "summary": {
    "critical_layer": 0,
    "peak_fisher": 29.65413037935893,
    "pre_L0_mean": 4.162553461842121,
    "post_L0_mean": 3.7590296280792073,
    "total_fisher": 113.72683009523897
  }
}