{
  "experiment": "Attention Head Specialization",
  "head_diversity": [
    0.011523361182644095,
    0.01640731067121194,
    0.01436765360345586,
    0.016544823460916992,
    0.018728753501614678,
    0.01996671481487107,
    0.02234098553769725,
    0.021303814640569317,
    0.022600915878283896,
    0.02609120102107056,
    0.028535237688506944,
    0.027266202308359584,
    0.024577866494329647,
    0.025726195643396673,
    0.02723728412613534,
    0.030952120124554523,
    0.028577505681281166,
    0.029656847840708295,
    0.03171399536594645,
    0.03156856812039357,
    0.0305367436392039,
    0.032070170170299186,
    0.03569289057383945,
    0.03882741324948507,
    0.04501941032141132,
    0.049064506591381014,
    0.05741224624633321,
    0.030751900642601266
  ],
  "gini": [
    0.07561742949460482,
    0.10375265765662478,
    0.09367232715806195,
    0.10715373664363836,
    0.1176415530856445,
    0.1237675109929226,
    0.13347306999834374,
    0.12902829295347384,
    0.13393469531622082,
    0.14947612539992927,
    0.1617158610464291,
    0.15845518116228718,
    0.14800155688287786,
    0.1527121842730521,
    0.16102816535460507,
    0.17981198710853996,
    0.1707730166640029,
    0.1774865287504186,
    0.18951564941555898,
    0.1879383706182678,
    0.18091526875040742,
    0.1868920473021376,
    0.20027411086306102,
    0.2137684814078371,
    0.23616373801775503,
    0.2497453858644889,
    0.28598095659206035,
    0.19361643067649426
  ],
  "dead_frac": [
    1.0,
    1.0,
    1.0,
    1.0,
    1.0,
    1.0,
    1.0,
    1.0,
    1.0,
    1.0,
    1.0,
    1.0,
    1.0,
    1.0,
    1.0,
    1.0,
    1.0,
    1.0,
    1.0,
    1.0,
    1.0,
    1.0,
    1.0,
    1.0,
    1.0,
    1.0,
    1.0,
    1.0
  ],
  "spec_index": [
    0.03899650368839502,
    0.05849195271730423,
    0.04398469254374504,
    0.047833514865487814,
    0.06259627034887671,
    0.06985049415379763,
    0.07927454775199294,
    0.07468686625361443,
    0.08127126796171069,
    0.0956929549574852,
    0.104883698746562,
    0.0996924894861877,
    0.0863971496000886,
    0.08980219857767224,
    0.09610108751803637,
    0.11073603946715593,
    0.09888716088607907,
    0.10045108897611499,
    0.1062917704693973,
    0.10234236856922507,
    0.09384923614561558,
    0.09272646950557828,
    0.10268944827839732,
    0.11494878586381674,
    0.1318624303676188,
    0.14477950241416693,
    0.1682091113179922,
    0.09379784855991602
  ],
  "summary": {
    "pre_diversity": 0.024105909587864367,
    "post_diversity": 0.04126264825647864,
    "pre_gini": 0.14456529374885294,
    "post_gini": 0.22377730724626205
  }
}