{
  "experiment": "Thermodynamic Phase Portrait",
  "U_mean": [
    0.9921870589256286,
    21.602483558654786,
    28.861528396606445,
    34.97346070607503,
    40.677642313639325,
    46.55543937683105,
    46.18544209798177,
    49.196537017822266,
    52.551703770955406,
    54.23703549702962,
    59.663627751668294,
    59.28336410522461,
    59.13551139831543,
    58.49815444946289,
    60.249586741129555,
    61.88743235270182,
    66.10752232869466,
    66.1753490447998,
    71.21851374308268,
    78.50368957519531,
    89.21202596028645,
    98.07249526977539,
    114.27723007202148,
    136.6584208170573,
    159.99213358561198,
    202.9958521525065,
    227.61009368896484,
    278.94601084391275,
    206.00322774251302
  ],
  "T_mean": [
    0.00012041994801734538,
    4.235036224126816,
    4.730927415688833,
    3.991492652396361,
    4.46831954518954,
    5.134647262096405,
    4.939792748292287,
    5.441028972466786,
    5.0697421083847685,
    5.94260285894076,
    5.893208416302999,
    6.007713874181111,
    5.977828272183737,
    5.730791338284811,
    5.822217623392741,
    5.753600684801738,
    6.464556169509888,
    6.064668806393941,
    5.4705916007359825,
    5.010800679524739,
    4.336909699440002,
    3.773145093023777,
    2.793296318252881,
    2.1476344123482702,
    1.6425640570620696,
    1.8014389827847481,
    1.762136991818746,
    2.2162133077780406,
    3.3077757199605307
  ],
  "S_mean": [
    6.638384421666463,
    5.786873118082682,
    5.666156816482544,
    5.734632460276286,
    5.674952554702759,
    5.472058566411336,
    5.500477997461955,
    5.289652744928996,
    5.280738019943238,
    5.112259117762248,
    4.827275196711223,
    4.74818696975708,
    4.781273365020752,
    4.9102486292521155,
    4.8830607255299885,
    4.701112111409505,
    4.424156745274861,
    4.500009489059448,
    4.441744136810303,
    4.38332036336263,
    4.514829174677531,
    4.58332720597585,
    4.537243413925171,
    4.274310008684794,
    4.141223629315694,
    3.770717755953471,
    3.671919846534729,
    3.3070063670476277,
    2.974134826660156
  ],
  "F_mean": [
    0.9913876650186524,
    -2.905133720851069,
    2.055351771917021,
    12.083717376688568,
    15.320140895437678,
    18.458348840775905,
    19.01422077397792,
    20.415383178375134,
    25.77972386790077,
    23.85690984816972,
    31.215488934599,
    30.757615369809024,
    30.553880299855308,
    30.35854413612,
    31.81934452885191,
    34.83911048916635,
    37.507312546149265,
    38.88428186802423,
    46.91954557562994,
    56.53974491988322,
    69.63161952131277,
    80.77893671282523,
    101.60336474888717,
    127.4787655533612,
    153.1899084998419,
    196.2031341938533,
    221.13966789639258,
    271.6169793243551,
    196.16545677499752
  ],
  "U_var": [
    0.0032226395333506256,
    3.284827403259344,
    11.940795662050611,
    9.417101524611565,
    5.432661439755595,
    5.101582482041315,
    5.596338635787576,
    8.031717231840593,
    6.147134015524917,
    8.911742355109588,
    16.001840538322462,
    14.660293601535182,
    8.23677195307173,
    6.3025415116439865,
    6.717304341929009,
    10.980090379280284,
    7.546010979463205,
    5.536815658001335,
    5.963766801196162,
    10.428776993833795,
    20.22786518740598,
    16.76113201309674,
    26.12852446724952,
    31.009894977803864,
    33.91179227628331,
    37.761332093413344,
    59.4283514565532,
    112.85509073988351,
    107.81915008592938
  ],
  "T_var": [
    1.4984019372882096e-07,
    3.33329883722665,
    2.3224986157090064,
    3.5575193167424453,
    4.465687177612735,
    3.999636961298513,
    2.9885601062946376,
    2.8694040242919154,
    3.178775336815797,
    2.4797857232250564,
    2.0573021705444963,
    2.372938712443391,
    1.6644118731068314,
    1.6590951137248509,
    1.1669100468587255,
    1.1425815432399171,
    0.8554624085174412,
    1.5977548815018523,
    2.508521076630703,
    3.1323202758279467,
    3.592047586155586,
    3.20478375184504,
    2.0541690545982516,
    1.5055619198483625,
    0.984385701556525,
    0.8067829080400313,
    0.8644877280271722,
    0.6085625535983771,
    1.0616955467244003
  ],
  "S_var": [
    0.0008604795479502375,
    0.03886979397769109,
    0.10279553155071199,
    0.06033228650380705,
    0.04776950193417103,
    0.06355454994316283,
    0.07765214323357642,
    0.10789949977061171,
    0.11813517833044825,
    0.14249613240805173,
    0.1384913235606455,
    0.11809938895264473,
    0.11194789981479213,
    0.08482078668656158,
    0.11564218002581103,
    0.10773937317726956,
    0.09537781017353884,
    0.088742000540232,
    0.08164068837473677,
    0.07515778349011168,
    0.07801634511472434,
    0.08455592449011905,
    0.06047550268954713,
    0.06746270448958545,
    0.06207006440260285,
    0.0963503989237426,
    0.08647423939613015,
    0.03732631794826104,
    0.05502880752766866
  ],
  "n_prompts": 30
}