{
  "experiment": "Maxwell Relations",
  "results": {
    "0.5B": {
      "model": "0.5B",
      "n_layers": 24,
      "maxwell1": {
        "r": 0.026387137108696383,
        "p": 0.9025901304893644
      },
      "maxwell2": {
        "r": -0.026387137108696383,
        "p": 0.9025901304893644
      },
      "first_law": {
        "r": -0.03769648234059396
      },
      "mean_T": [
        0.00015378745661072794,
        5.2059084415435795,
        6.407131131490072,
        6.583956336975097,
        6.501992416381836,
        6.61125955581665,
        6.706151294708252,
        6.2991251945495605,
        6.25675614674886,
        6.2708129247029625,
        6.695689646402995,
        6.393060088157654,
        5.768176213900248,
        6.133850638071696,
        6.4655503590901695,
        6.094598563512166,
        5.7403941949208575,
        6.6696422576904295,
        6.542781670888265,
        5.54571434656779,
        3.253073698282242,
        2.336193545659383,
        3.3270503838857013,
        2.804842015107473,
        2.9699451764424643
      ],
      "mean_S": [
        0.00015378745661072794,
        5.2059084415435795,
        6.407131131490072,
        6.583956336975097,
        6.501992416381836,
        6.61125955581665,
        6.706151294708252,
        6.2991251945495605,
        6.25675614674886,
        6.2708129247029625,
        6.695689646402995,
        6.393060088157654,
        5.768176213900248,
        6.133850638071696,
        6.4655503590901695,
        6.094598563512166,
        5.7403941949208575,
        6.6696422576904295,
        6.542781670888265,
        5.54571434656779,
        3.253073698282242,
        2.336193545659383,
        3.3270503838857013,
        2.804842015107473,
        2.9699451764424643
      ],
      "mean_U": [
        0.45420389374097186,
        6.6843919118245445,
        8.959819920857747,
        10.516239166259766,
        11.905269050598145,
        13.905116526285807,
        15.38025951385498,
        15.834714762369792,
        16.319413057963054,
        17.136415672302245,
        17.6572447458903,
        17.907532183329263,
        17.490880139668782,
        19.02748336791992,
        19.98974177042643,
        21.932398732503255,
        24.60030682881673,
        29.409463373819985,
        34.273933537801106,
        38.713739013671876,
        45.112396494547525,
        55.097573852539064,
        71.1802256266276,
        76.01504618326823,
        289.18943277994794
      ],
      "mean_P": [
        0.9999861478805542,
        0.252342921992143,
        0.14321319982409478,
        0.12582404067118963,
        0.1516834046691656,
        0.16174334225555262,
        0.10937288776040077,
        0.1699597271780173,
        0.16138252317905427,
        0.1923334398617347,
        0.17033351932962734,
        0.1905325671037038,
        0.25809415318071843,
        0.233835032209754,
        0.21367192727824053,
        0.2511377830058336,
        0.2482319603363673,
        0.1467942358305057,
        0.14393636832634607,
        0.2622931549946467,
        0.5004877490301927,
        0.5094300587972005,
        0.4126109401384989,
        0.44794058601061504,
        0.3838036388158798
      ],
      "mean_V": [
        290.34350598315706,
        81.01100008207816,
        36.35220996449828,
        57.182263696672386,
        31.389237935279393,
        25.62757662432755,
        52.291294063951355,
        48.43447792393563,
        45.10421700709764,
        32.82992196359641,
        22.45847166503983,
        21.697238750983125,
        27.394068400579012,
        17.98434385722122,
        16.498609915480774,
        17.814350197458904,
        18.003204174546223,
        12.242138475719623,
        9.990068436398873,
        8.49400042168318,
        7.363967461079491,
        7.833246813595463,
        3.7105255580542305,
        4.689073972696872,
        9.639767468548904
      ],
      "F": [
        0.45420387009039004,
        -20.417090789910155,
        -32.0915094152515,
        -32.832241880934774,
        -30.370636332088765,
        -29.803636388091157,
        -29.59220567366218,
        -23.844263454239247,
        -22.82758442191659,
        -22.186679064319474,
        -27.17501509505796,
        -22.963685107465086,
        -15.780976694935816,
        -18.59664028225263,
        -21.813599675504587,
        -15.211732917861301,
        -8.351818684264348,
        -15.074664471749902,
        -8.534058455110326,
        7.958791399944069,
        34.52990800809182,
        49.6397735697585,
        60.11096136971361,
        68.14790745355607,
        280.3688584288741
      ],
      "G": [
        290.79368798032226,
        0.025461684307181542,
        -26.88539310555836,
        -25.637338407893978,
        -25.609409852095055,
        -25.658546490962145,
        -23.872955837159516,
        -15.612352800277446,
        -15.54855207529556,
        -15.87238724266866,
        -23.349584577587013,
        -18.82965450917831,
        -8.710727808913699,
        -14.391270657128015,
        -18.28830989745192,
        -10.737876503581937,
        -3.8828480196808677,
        -13.277589109275407,
        -7.096124285043414,
        10.18670956907321,
        38.21548350661908,
        53.63026495458142,
        61.64196480863029,
        70.24833399673304,
        284.0686362606421
      ],
      "dT_dV": [
        -0.024868353014172867,
        -0.026897788470904464,
        0.00848894620041485,
        0.0031777551556693502,
        -0.018964519700075726,
        0.003558833801255009,
        0.10553422444648483,
        0.012722440931805684,
        -0.0011452207971535725,
        -0.040965989275700436,
        0.3975518565958288,
        -0.10968975951225146,
        -0.038861331433283956,
        -0.22325647393653383,
        -0.2819339049132919,
        -1.8755462493648334,
        -0.16129794579064924,
        0.05633065783605049,
        0.6664585530736045,
        2.0288263514576146,
        -1.953804588912255,
        -0.24034048795284657,
        -0.5336561389408304,
        0.03334950173546173
      ],
      "neg_dP_dS": [
        0.14361860586093594,
        0.09084886846736505,
        0.0983409525546609,
        0.31549691428074195,
        -0.09206736471015413,
        0.5518968779757195,
        0.14885246771369254,
        -0.20244033001528347,
        -2.201849994611549,
        0.051779538400933134,
        0.06674512528738405,
        0.10811862630975198,
        0.06634076479178758,
        0.06078722304476033,
        0.10099925700404042,
        -0.008203802459702354,
        0.10916108255594961,
        -0.022527623263079617,
        0.1187049096818353,
        0.10389530266073708,
        0.00975297561235506,
        0.09771252002684995,
        0.06765430810988278,
        0.3884658939131754
      ],
      "dS_dV": [
        -0.024868353014172867,
        -0.026897788470904464,
        0.00848894620041485,
        0.0031777551556693502,
        -0.018964519700075726,
        0.003558833801255009,
        0.10553422444648483,
        0.012722440931805684,
        -0.0011452207971535725,
        -0.040965989275700436,
        0.3975518565958288,
        -0.10968975951225146,
        -0.038861331433283956,
        -0.22325647393653383,
        -0.2819339049132919,
        -1.8755462493648334,
        -0.16129794579064924,
        0.05633065783605049,
        0.6664585530736045,
        2.0288263514576146,
        -1.953804588912255,
        -0.24034048795284657,
        -0.5336561389408304,
        0.03334950173546173
      ],