{
  "experiment": "Entropy Production Rate",
  "results": {
    "0.5B": {
      "prigogine_ratio": 0.9360851648952355,
      "rate_first_half": 0.7036439798544433,
      "rate_second_half": 0.6586706910031949,
      "trend_slope": -0.008245698825703937,
      "trend_r2": 0.0042679538234482416,
      "trend_pvalue": 0.7616711828033312,
      "total_entropy_production": 25.9552260508582,
      "mean_rate_profile": [
        3.9109336789563054,
        -0.39520953789919633,
        -0.6463887769603314,
        0.35629001574883923,
        0.6239357007792293,
        -0.14305281599345765,
        -0.3609462587062401,
        0.4985942041364858,
        0.1260096876333069,
        -0.2136292963654398,
        0.8019439414089866,
        -0.3667938436655007,
        -0.04452387687786974,
        -0.1679727311771606,
        0.24234128505997643,
        -0.2632458174525222,
        -0.6532129830170554,
        -0.2993149640645474,
        0.05040357345432567,
        -2.8403219445770134,
        -1.2289588559476363,
        -0.5918634459221837,
        -0.5760358208346736,
        0.9458529936533729
      ]
    },
    "1.5B": {
      "prigogine_ratio": 0.9173381276638605,
      "rate_first_half": 0.5808645129858758,
      "rate_second_half": 0.5328491648605773,
      "trend_slope": -0.0011476701003691183,
      "trend_r2": 0.00027783898868171194,
      "trend_pvalue": 0.932908736928285,
      "total_entropy_production": 26.5508597187781,
      "mean_rate_profile": [
        2.377636105518146,
        -0.2518175697596733,
        0.1970236281686224,
        -0.284577984965231,
        0.2840670524428025,
        -0.39688190221691233,
        0.3987002648265716,
        -0.5891016619845445,
        0.7232967143180351,
        0.10222895365384754,
        -0.833331507245635,
        -0.6858736872475337,
        0.9090533997970136,
        -0.09851274965769263,
        0.010418633332971994,
        -0.06119006996866905,
        -0.34123695786662156,
        -0.28945031394603116,
        0.043570845911978795,
        -1.8351084395796722,
        0.26428246764046315,
        -1.4150647007840012,
        -0.37999274082557094,
        -0.35593543882733786,
        -0.4661982967505852,
        -0.5965549287404892,
        -0.08513511096669918,
        1.3157493629069914
      ]
    }
  }
}