{
  "experiment": "Skewness-Gated Dynamic Wormhole",
  "baseline_ppl": 10.303568387031556,
  "static_ppl": 13.062374162673951,
  "dynamic_ppl": 39.301869010925294,
  "aggressive_ppl": 13.440446591377258,
  "dynamic_skip_layers": [
    10,
    11,
    12,
    13,
    14,
    15,
    16,
    17,
    18,
    19,
    20
  ],
  "avg_skewness": [
    0.09501221552491187,
    0.41552710682153704,
    0.21745379976928234,
    -0.4446229536086321,
    -0.7578261002898217,
    -1.3001468062400818,
    -1.9148031324148178,
    -2.109087327122688,
    -2.3205909192562104,
    -3.1238903999328613,
    -3.4666531085968018,
    -3.11762398481369,
    -2.098166233301163,
    -2.4671701550483705,
    -2.3254328608512878,
    -3.8695178508758543,
    -3.4471033811569214,
    -2.9353667974472044,
    -3.3373069047927855,
    -1.8287045359611511,
    -1.9330406308174133,
    -1.2071849048137664,
    -0.6691607810556889,
    -0.16131547316908837,
    0.37608965337276457,
    0.6990450248122215,
    0.8874777466058731,
    1.2367904424667358
  ]
}