{
  "experiment": "Domain-Specific Thermodynamics",
  "domain_results": {
    "math": {
      "L0": 21.04299694339629,
      "L0_ratio": 0.7256205842550445,
      "R2": 0.9519112405191454,
      "final_S": 2.064176082611084,
      "final_eta": 0.9262383465835846
    },
    "science": {
      "L0": 20.71704213133209,
      "L0_ratio": 0.7143807631493824,
      "R2": 0.9793453146932638,
      "final_S": 1.3948905318975449,
      "final_eta": 0.9217810671877601
    },
    "code": {
      "L0": 18.64183029896479,
      "L0_ratio": 0.6428217344470618,
      "R2": 0.9543020333025908,
      "final_S": 1.5787810236215591,
      "final_eta": 0.9358739144833286
    },
    "language": {
      "L0": -305.5197339024364,
      "L0_ratio": -10.535163238015048,
      "R2": 0.9434576149075592,
      "final_S": 2.5595875680446625,
      "final_eta": 0.9028533773971502
    },
    "philosophy": {
      "L0": 15.120773522790339,
      "L0_ratio": 0.5214059835444944,
      "R2": 0.8586819023374205,
      "final_S": 3.4101062417030334,
      "final_eta": 0.7189103119107798
    }
  },
  "summary": {
    "L0_cv": -2.8212812788476764,
    "L0_range": [
      -305.5197339024364,
      21.04299694339629
    ]
  }
}