{
  "experiment": "Edge States",
  "results": {
    "0.5B": {
      "gap_profile": [
        98.0537,
        254.2171,
        313.564,
        254.4058,
        384.2455,
        417.2518,
        373.1969,
        339.9396,
        281.616,
        332.051,
        334.3422,
        349.6193,
        290.2694,
        336.7102,
        366.4943,
        323.5678,
        308.1326,
        429.6077,
        431.7743,
        486.1472,
        523.8807,
        573.4845,
        706.5725,
        732.3565,
        405.5709
      ],
      "edge_norm": 75.8995,
      "bulk_norm": 22.1408,
      "edge_entropy": 3.372,
      "bulk_entropy": 2.7095,
      "edge_pr": 68.14,
      "bulk_pr": 17.44,
      "edge_conductance": 0.326108,
      "bulk_conductance": 0.07351,
      "conductance_profile": [
        0.934712,
        0.190136,
        0.117196,
        0.150119,
        0.127376,
        0.124689,
        0.115607,
        0.097702,
        0.0744,
        0.045863,
        0.04407,
        0.049632,
        0.045149,
        0.037612,
        0.072384,
        0.071761,
        0.075284,
        0.04319,
        0.031851,
        0.041845,
        0.074658,
        0.067936,
        0.047341,
        0.599329
      ],
      "edge_distinct": true
    },
    "1.5B": {
      "gap_profile": [
        194.4891,
        301.6809,
        421.2128,
        406.1411,
        483.1443,
        666.6768,
        650.5652,
        685.3428,
        670.7831,
        665.2883,
        767.4245,
        839.6067,
        741.1144,
        648.9232,
        656.9449,
        724.7372,
        687.17,
        653.7532,
        556.9292,
        487.904,
        463.1762,
        443.6753,
        531.2506,
        619.5074,
        677.3116,
        772.9396,
        735.7559,
        844.1788,
        692.2186
      ],
      "edge_norm": 134.3799,
      "bulk_norm": 74.3284,
      "edge_entropy": 3.3285,
      "bulk_entropy": 0.7592,
      "edge_pr": 132.83,
      "bulk_pr": 21.8,
      "edge_conductance": 0.315464,
      "bulk_conductance": 0.057085,
      "conductance_profile": [
        0.949105,
        0.157597,
        0.116503,
        0.112917,
        0.109058,
        0.080558,
        0.094096,
        0.086432,
        0.083328,
        0.068033,
        0.059845,
        0.052299,
        0.038344,
        0.04207,
        0.033223,
        0.029726,
        0.030651,
        0.031537,
        0.040224,
        0.046651,
        0.048869,
        0.059021,
        0.039826,
        0.031819,
        0.037335,
        0.032763,
        0.032885,
        0.603928
      ],
      "edge_distinct": true
    }
  }
}