{
  "experiment": "Szilard Engine",
  "info_per_layer": [
    1.225271406094816,
    0.06556466349431127,
    0.17739065800513573,
    0.1582835036364024,
    0.16281169023084888,
    0.17845724899041904,
    0.19759054105914628,
    0.11269580253430457,
    0.16352955801753452,
    0.17086629281161478,
    0.1766973397728627,
    0.13770483313469342,
    0.18331384041377155,
    0.09268089610803378,
    0.22092269030595088,
    0.12172547911712402,
    0.15396083025602747,
    0.16142220022497825,
    0.1563919216738964,
    0.20499324261086185,
    0.15233987014460812,
    0.16523953605163344,
    0.1822279984475995,
    0.22603113443621248,
    0.16797963179368028,
    0.2671268880090937,
    0.2648097438461408,
    0.09251280877459299
  ],
  "n_heads": 12,
  "summary": {
    "total_info_nats": 68.88650699995554,
    "total_work": NaN,
    "engines": 8,
    "erasers": 0
  }
}