{
  "experiment": "Phase Diagram",
  "summary": {
    "pre_kT": 15.770002110232928,
    "post_kT": 9.62836983330553,
    "pre_S": 4.6172504685354285,
    "post_S": 1.8046380278621135,
    "separation": 6.755030404552352
  }
}