{
  "experiment": "Prompt Length Scaling",
  "results": {
    "short": {
      "L0": 21.336928231645917,
      "R2": 0.9688069373644981,
      "mean_tokens": 5.0,
      "final_eta": 0.9375825302248506,
      "final_S": 3.371087372303009
    },
    "medium": {
      "L0": 19.431113445464476,
      "R2": 0.9707518448564013,
      "mean_tokens": 23.0,
      "final_eta": 0.9456012704711743,
      "final_S": 2.6157249808311462
    },
    "long": {
      "L0": 21.989541609488352,
      "R2": 0.7990034555509017,
      "mean_tokens": 45.0,
      "final_eta": 0.9967452802572678,
      "final_S": 2.8457462191581726
    },
    "very_long": {
      "L0": 20.464199866119994,
      "R2": 0.9591289348067755,
      "mean_tokens": 76.0,
      "final_eta": 0.9509071921225217,
      "final_S": 2.031171441078186
    }
  }
}