{
  "experiment": "BKT Topological Defects",
  "winding_numbers": [
    0.9999999403953552,
    1.0000001192092896,
    1.0000001192092896,
    1.0000001192092896,
    0.9999999403953552,
    1.0,
    1.0000001192092896,
    1.0000001192092896,
    0.9999999403953552,
    1.0,
    0.9999998211860657,
    1.0,
    0.9999998211860657,
    1.0000001192092896,
    0.9999999403953552,
    1.0000001192092896,
    1.0,
    0.9999999403953552,
    0.9999999403953552,
    1.0,
    1.0,
    1.0000001192092896,
    0.9999999403953552,
    0.9999998211860657,
    1.0000001192092896,
    1.0,
    1.0000001192092896,
    0.9999999403953552,
    1.0
  ],
  "vortex_density": [
    0.0,
    0.0,
    0.08333333333333333,
    0.0,
    0.0,
    0.0,
    0.0,
    0.0,
    0.0,
    0.0,
    0.0,
    0.0,
    0.0,
    0.0,
    0.0,
    0.0,
    0.0,
    0.0,
    0.08333333333333333,
    0.08333333333333333,
    0.0,
    0.0,
    0.0,
    0.0,
    0.0,
    0.0,
    0.0,
    0.0,
    0.08333333333333333
  ],
  "angular_variance": [
    1.8961580991744995,
    2.029611110687256,
    3.364969253540039,
    2.538466215133667,
    2.8307950496673584,
    3.239325761795044,
    2.505835771560669,
    2.9542624950408936,
    2.9999067783355713,
    2.7814855575561523,
    2.812546968460083,
    3.2114312648773193,
    3.0556628704071045,
    2.966785430908203,
    2.9633424282073975,
    2.951817274093628,
    3.0216026306152344,
    3.365661859512329,
    3.886573553085327,
    4.304309368133545,
    3.63238787651062,
    4.376887798309326,
    4.115865707397461,
    4.782385349273682,
    4.512478828430176,
    4.619861125946045,
    4.072592258453369,
    3.89863657951355,
    2.591946840286255
  ],
  "summary": {
    "pre_winding": 1.000000005676633,
    "post_winding": 1.0000000074505806,
    "pre_vortex": 0.011904761904761904,
    "post_vortex": 0.010416666666666666
  }
}