{
  "experiment": "External Magnetic Field",
  "conditions": {
    "no_prompt": {
      "L0": 21.830519363867918,
      "k": 1.4820434989367266,
      "r2": 0.9775913538976154,
      "eta_profile": [
        0.0,
        0.0,
        0.0,
        0.252295697207589,
        0.2815315139222087,
        0.32374714632676277,
        0.37866949137807904,
        0.37608300720382526,
        0.4050773112047254,
        0.4109737539153758,
        0.4168714596730933,
        0.38292546519382453,
        0.4053220581296457,
        0.3758144261564278,
        0.37939694600549334,
        0.36244433950150956,
        0.37047188589352276,
        0.3581154553977058,
        0.3581154553977058,
        0.31652555870105276,
        0.3397794393041445,
        0.5287892923568339,
        0.6780932832749013,
        0.8408103886860717,
        0.844349148721142,
        0.9334851257601494,
        0.9334851257601494,
        0.9334851257601494,
        0.9334851257601494
      ]
    },
    "cot_prompt": {
      "L0": 21.952243501021474,
      "k": 1.4037870364058653,
      "r2": 0.9671734485322021,
      "eta_profile": [
        0.0,
        0.0,
        0.0,
        0.20136379523232237,
        0.2256629103524601,
        0.3408303720744275,
        0.414033907722761,
        0.39897868663373864,
        0.4117580630273226,
        0.41370077921267395,
        0.41472139100583955,
        0.3621163997397021,
        0.40504786894497763,
        0.354505990338243,
        0.36330847750356393,
        0.3504848252694723,
        0.36057067959427497,
        0.3320681135302818,
        0.3435667780264205,
        0.31824544731840493,
        0.32843852068661805,
        0.5451606904539604,
        0.6430056315074543,
        0.871065389268267,
        0.8748475994389239,
        0.9630097902913799,
        0.9630097902913799,
        0.9642072481188425,
        0.9642072481188425
      ]
    },
    "creative_prompt": {
      "L0": 21.565955443477712,
      "k": 1.6740729906135288,
      "r2": 0.9584221983258531,
      "eta_profile": [
        0.0,
        0.0,
        0.0,
        0.17832138239554582,
        0.18791162682225346,
        0.3076965722428436,
        0.40161728772001926,
        0.3602210204987122,
        0.3772770286405945,
        0.3817104645909433,
        0.40381914912555034,
        0.3680401946026099,
        0.40369341651378826,
        0.37802412674959,
        0.38157802807379504,
        0.29829418897156307,
        0.30564356950114463,
        0.28188686060350665,
        0.32818361551801195,
        0.3063737183771354,
        0.3287698575417368,
        0.5337228192868207,
        0.6843398250733244,
        0.8520818198422936,
        0.855593012933912,
        0.8899184282385559,
        0.8899184282385559,
        0.8899184282385559,
        0.8899184282385559
      ]
    }
  },
  "summary": {
    "L0_shift_cot": 0.12172413715355646,
    "k_change_cot": 0.9471969191985761,
    "L0_shift_creative": -0.2645639203902057
  }
}