{
  "experiment": "Language Dependence",
  "results": {
    "english": {
      "L0": -147.28997168869662,
      "R2": 0.9517343259476629,
      "final_eta": 0.9456485006629191,
      "final_S": 1.8493401110172272
    },
    "chinese": {
      "L0": 24.25829382557925,
      "R2": 0.9622675028311349,
      "final_eta": 0.8257228860684711,
      "final_S": 2.985783338546753
    },
    "french": {
      "L0": 22.149291985850432,
      "R2": 0.945807300595003,
      "final_eta": 0.8830769333859732,
      "final_S": 2.2866960167884827
    },
    "python_code": {
      "L0": 21.807379671617877,
      "R2": 0.8308168462509702,
      "final_eta": 0.9722641373347809,
      "final_S": 1.9777401685714722
    },
    "math_notation": {
      "L0": 22.99097072541372,
      "R2": 0.494786752838242,
      "final_eta": 0.782400771304241,
      "final_S": 2.8352601528167725
    }
  }
}