{
  "experiment": "Finite-Size Scaling",
  "results": {
    "0.5B": {
      "L0": 3,
      "chi_max": 4.624887,
      "beta": -0.6509,
      "beta_r2": 0.1811,
      "xi": 2,
      "gamma": 1.1136,
      "gamma_r2": 0.5739
    },
    "1.5B": {
      "L0": 3,
      "chi_max": 3.203979,
      "beta": 0.464,
      "beta_r2": 0.2308,
      "xi": 4,
      "gamma": 0.1673,
      "gamma_r2": 0.0412
    },
    "TinyLlama-1.1B": {
      "L0": 18,
      "chi_max": 4.314981,
      "beta": 0.3781,
      "beta_r2": 0.0614,
      "xi": 3,
      "gamma": 5.6237,
      "gamma_r2": 0.9233
    }
  },
  "full_data": {
    "0.5B": {
      "L0": 3,
      "chi_max": 4.624887,
      "beta": -0.6509,
      "beta_r2": 0.1811,
      "xi": 2,
      "gamma": 1.1136,
      "gamma_r2": 0.5739,
      "T_profile": [
        0.0,
        4.8305,
        6.1515,
        6.4179,
        6.3685,
        6.416,
        5.4307,
        5.4863,
        5.4061,
        5.35,
        5.9024,
        6.0194,
        5.9486,
        6.4105,
        6.7172,
        6.8252,
        6.3959,
        6.4143,
        6.248,
        5.4416,
        3.8047,
        2.5672,
        2.8646,
        3.1706,
        2.8844
      ],
      "T_std": [
        0.0001,
        2.076,
        1.6233,
        0.9012,
        1.0691,
        1.5923,
        1.6941,
        1.8911,
        1.8897,
        2.2281,
        1.9969,
        1.6971,
        1.2639,
        1.1542,
        1.1376,
        1.3075,
        1.4996,
        1.9312,
        2.3006,
        2.6483,
        2.3127,
        1.267,
        1.5791,
        1.4663,
        0.7049
      ],
      "order_param": [
        5.1789,
        0.3484,
        0.9727,
        1.239,
        1.1896,
        1.2371,
        0.2518,
        0.3074,
        0.2273,
        0.1711,
        0.7235,
        0.8405,
        0.7697,
        1.2316,
        1.5383,
        1.6463,
        1.217,
        1.2354,
        1.0691,
        0.2627,
        1.3741,
        2.6117,
        2.3143,
        2.0083,
        2.2944
      ],
      "chi_profile": [
        5.986883,
        0.373488,
        0.141492,
        0.213734,
        0.218055,
        0.161187,
        0.039415,
        0.074984,
        0.082081,
        0.115258,
        0.099242,
        0.125786,
        0.093526,
        0.033061,
        0.04652,
        0.206308,
        0.98918,
        2.209031,
        2.068126,
        1.044159,
        0.175752
      ]
    },
    "1.5B": {
      "L0": 3,
      "chi_max": 3.203979,
      "beta": 0.464,
      "beta_r2": 0.2308,
      "xi": 4,
      "gamma": 0.1673,
      "gamma_r2": 0.0412,
      "T_profile": [
        0.0,
        3.9256,
        4.0029,
        4.6599,
        4.9288,
        5.7158,
        5.5025,
        5.5364,
        5.4461,
        5.0054,
        5.6626,
        5.9011,
        5.7735,
        5.8583,
        5.7364,
        6.1551,
        6.2817,
        5.8798,
        5.8111,
        5.8317,
        4.449,
        3.8942,
        2.7074,
        2.1491,
        1.7242,
        1.2602,
        1.5032,
        2.046,
        2.9085
      ],
      "T_std": [
        0.0,
        1.9884,
        1.8087,
        1.3127,
        1.8713,
        1.6526,
        1.6458,
        1.5245,
        1.5651,
        1.9608,
        1.995,
        1.1579,
        1.3682,
        1.3644,
        1.3718,
        1.271,
        0.9881,
        0.8832,
        0.8174,
        1.0467,
        1.1238,
        1.2708,
        1.3588,
        1.2964,
        1.0919,
        0.948,
        0.8393,
        0.9495,
        0.8527
      ],
      "order_param": [
        4.3537,
        0.4281,
        0.3508,
        0.3062,
        0.5751,
        1.3621,
        1.1489,
        1.1827,
        1.0924,
        0.6517,
        1.309,
        1.5474,
        1.4198,
        1.5046,
        1.3828,
        1.8014,
        1.928,
        1.5261,
        1.4574,
        1.4781,
        0.0953,
        0.4594,
        1.6463,
        2.2046,
        2.6295,
        3.0934,
        2.8504,
        2.3077,
        1.4452
      ],
      "chi_profile": [
        3.214155,
        0.431432,
        0.374522,
        0.16247,
        0.069924,
        0.055635,
        0.050254,
        0.087137,
        0.0986,
        0.107381,
        0.007261,
        0.021683,
        0.047333,
        0.041166,
        0.043866,
        0.036308,
        0.390636,
        0.699999,
        1.413612,
        1.695433,
        1.067085,
        0.82637,
        0.261327,
        0.109486,
        0.327075
      ]
    },
    "TinyLlama-1.1B": {
      "L0": 18,
      "chi_max": 4.314981,
      "beta": 0.3781,
      "beta_r2": 0.0614,
      "xi": 3,
      "gamma": 5.6237,
      "gamma_r2": 0.9233,
      "T_profile": [
        7.1778,
        8.1994,
        8.4119,
        8.2745,
        8.2126,
        8.1931,
        8.0976,
        7.9729,
        8.1529,
        8.2537,
        8.2769,
        8.1926,
        8.2763,
        8.3878,
        8.2684,
        8.2804,
        8.0547,
        7.0356,
        6.6686,
        4.8546,
        3.7539,
        2.3891,
        3.1086
      ],
      "T_std": [
        1.3539,
        0.3703,
        0.3234,
        0.3202,
        0.4284,
        0.6382,
        0.8561,
        0.9385,
        0.3952,
        0.3771,
        0.1489,
        0.5694,
        0.3327,
        0.2887,
        0.3366,
        0.2656,
        0.4109,
        1.1647,
        1.1932,
        1.6296,
        1.5468,
        1.3544,
        1.1795
      ],
      "order_param": [
        0.0611,
        0.9605,
        1.1731,
        1.0356,
        0.9737,
        0.9542,
        0.8587,
        0.7341,
        0.914,
        1.0148,
        1.0381,
        0.9538,
        1.0374,
        1.149,
        1.0295,
        1.0416,
        0.8158,
        0.2032,
        0.5703,
        2.3843,
        3.485,
        4.8498,
        4.1303
      ],
      "chi_profile": [
        0.198159,
        0.006736,
        0.010793,
        0.011074,
        0.007392,
        0.009088,
        0.012194,
        0.011616,
        0.00245,
        0.003989,
        0.003883,
        0.003881,
        0.011809,
        0.246788,
        0.456713,
        1.492709,
        2.414272,
        3.060214,
        2.236375
      ]
    }
  }
}