{
  "experiment": "Landauer's Erasure Bound",
  "S_mean": [
    0.00016148628695758765,
    4.399234941601753,
    4.784050554037094,
    4.2050118207931515,
    4.5221017152071,
    5.373599517345428,
    4.864862906932831,
    5.272735929489135,
    5.125777733325958,
    5.905828857421875,
    6.045625758171082,
    6.300599932670593,
    6.117024612426758,
    6.004004430770874,
    5.951948022842407,
    6.0550707340240475,
    6.5733236312866214,
    6.203592193126679,
    5.456454288959503,
    5.253219270706177,
    4.700623792409897,
    3.8255670510232447,
    2.709142941236496,
    2.183505090326071,
    1.524274493381381,
    1.6842137329280376,
    1.6379930168390273,
    2.011559930443764,
    3.0189768791198732
  ],
  "dI_mean": [
    0.0,
    0.26100358963012693,
    0.8431878805160522,
    0.3151167303323746,
    0.04126284122467041,
    0.7346303939819336,
    0.1381244421005249,
    0.3882064461708069,
    0.10643312931060792,
    0.2954114437103271,
    0.2075904130935669,
    0.3209519863128662,
    0.26421854496002195,
    0.29022529125213625,
    0.12133820056915283,
    0.03614306449890137,
    0.4452856183052063,
    0.933377206325531,
    0.5556057214736938,
    0.7121741354465485,
    0.9639100410044193,
    1.1351201415061951,
    0.6043290175497532,
    0.6592305969446898,
    0.18234098181128502,
    0.16552495621144772,
    0.12061994671821594,
    0.11474667191505432
  ],
  "dU_mean": [
    21.05220772624016,
    7.047091102600097,
    6.232099151611328,
    6.0322894096374515,
    5.769223594665528,
    2.2515867233276365,
    3.4658632278442383,
    3.231033134460449,
    2.2629840850830076,
    5.880901336669922,
    2.0811996459960938,
    2.4202112197875976,
    1.1160852432250976,
    2.020242691040039,
    2.3430355072021483,
    3.9300796508789064,
    1.2172918319702148,
    5.213616371154785,
    7.69583740234375,
    10.876073455810547,
    8.598509979248046,
    16.40182571411133,
    22.556025314331055,
    23.27186279296875,
    42.79024047851563,
    24.707076263427734,
    52.35546340942383,
    77.58750381469727
  ],
  "landauer_min_mean": [
    0.0,
    1.2657954726675236,
    3.3224591222381994,
    1.06126965088294,
    0.275723884011091,
    3.866968959936007,
    0.760069765933866,
    1.7507522277688263,
    0.6143677207698455,
    1.546323601324678,
    1.1983757565627626,
    1.9735369723978367,
    1.6764195102076496,
    1.4741948179904325,
    0.7718390613114229,
    0.20670032967213864,
    2.560721237174075,
    4.467433704732215,
    2.570319703354456,
    3.5396603215328306,
    4.067390101725421,
    4.484346644063049,
    1.565590787243663,
    1.3689751567945794,
    0.3567008846865226,
    0.22761144407486947,
    0.30564182724967226,
    0.17531961955332964
  ],
  "ratio": [
    null,
    3.569888858105969,
    2.065412087835201,
    5.8306374686257545,
    132.80640810315992,
    1.4213383722945838,
    2.6574452662761074,
    4.4290796252268265,
    1.6326382828034678,
    1.8019165289730654,
    0.5654312395830264,
    5.279786262103939,
    0.999087402252843,
    0.9511816802799828,
    1.9498633207953289,
    3.680283549166985,
    0.48286013362768065,
    3.694650344902004,
    10.742410653016066,
    14.880607198473841,
    12.127953890710584,
    10.949820711548355,
    14.729242730201857,
    256.50759417945636,
    751.2973154259414,
    81.99383705991386,
    141.20917555770842,
    117.46621626168563
  ],
  "summary": {
    "total_info_erased_nats": 10.956109432876108,
    "total_info_erased_bits": 15.806324746247155,
    "total_energy": 370.40746027827265,
    "total_landauer_min": 47.4545082858599,
    "overall_ratio": 7.805527307251922,
    "n_violations": 4,
    "n_erasure_layers": 25
  }
}