{
  "experiment": "Weak Measurement Dashboard",
  "comparison": {
    "weak_entropy_mean": 2.336596444249153,
    "strong_every1_mean": 8.305593013763428,
    "strong_every4_mean": 5.911611318588257,
    "weak_perturbation": 0.0,
    "strong1_entropy_increase_pct": 255.45688833881474
  },
  "thermodynamic_stats": {
    "eta_mean": 0.857801836302235,
    "T_hot_mean": 6.800806403160095,
    "T_cold_mean": 1.0091542778536677
  },
  "example_profiles": {
    "U": [
      0.9216170907020569,
      19.713613510131836,
      25.577594757080078,
      31.952783584594727,
      43.02613830566406,
      45.34452438354492,
      42.022735595703125,
      43.52354049682617,
      48.52819061279297,
      51.06882095336914,
      51.650047302246094,
      58.15242004394531,
      53.92060852050781,
      53.06922912597656,
      58.24747085571289,
      61.663047790527344,
      62.21564865112305,
      65.71184539794922,
      73.40583038330078,
      78.9623031616211,
      84.33551025390625,
      93.82051849365234,
      110.71235656738281,
      132.72328186035156,
      158.38609313964844,
      207.8715362548828,
      227.9566650390625,
      285.4781188964844,
      164.79281616210938
    ],
    "T": [
      9.229213226991106e-11,
      3.231631278991699,
      3.7550597190856934,
      4.921198844909668,
      3.758585214614868,
      5.443908214569092,
      4.224763870239258,
      5.544426918029785,
      5.7342095375061035,
      4.465669631958008,
      5.577969551086426,
      6.154796600341797,
      5.585431098937988,
      5.747672080993652,
      5.371906280517578,
      5.566370964050293,
      7.088669776916504,
      6.5962090492248535,
      1.631676435470581,
      6.293767929077148,
      6.6263957023620605,
      6.121879577636719,
      4.378360748291016,
      3.4954593181610107,
      0.7403730750083923,
      0.8735524415969849,
      1.1866950988769531,
      2.2213168144226074,
      0.5936733484268188
    ],
    "S": [
      6.6022138595581055,
      5.653145790100098,
      5.451374053955078,
      5.636180877685547,
      5.81040096282959,
      5.567022323608398,
      5.331178188323975,
      4.986140727996826,
      5.207889556884766,
      5.252000331878662,
      5.229319095611572,
      4.796955108642578,
      5.072846412658691,
      5.161520957946777,
      4.9948296546936035,
      4.8164963722229,
      4.873476028442383,
      4.855486869812012,
      4.836174011230469,
      4.951212406158447,
      4.800405502319336,
      5.096993446350098,
      5.095476150512695,
      4.967968940734863,
      4.834761619567871,
      4.891873359680176,
      4.737990379333496,
      3.847111940383911,
      3.7678027153015137
    ]
  }
}