{
  "experiment": "Dissipation-Compression Tradeoff",
  "dissipation": [
    0.21603143196772234,
    0.23677727552950356,
    0.1892223705407136,
    0.30546286898956393,
    0.17002178297896997,
    0.10764379395790971,
    0.07598642095353597,
    0.28580909082842243,
    0.273225407992554,
    0.07591978930627635,
    0.2033425198174466,
    0.08566729449413268,
    0.156228257724558,
    0.12307852360085114,
    0.09105645197529977,
    0.09064758469099518,
    0.07895348292785159,
    0.23229744278362133,
    0.22803977624176508,
    0.22101572156814409,
    0.02543027054051078,
    0.09760978640888196,
    0.05062437470825974,
    0.02008086312764172,
    0.037649312617435246,
    0.05583054798150242,
    0.04217813609624954,
    0.13647004584546935
  ],
  "ppl_impacts": [
    88567.19400876162,
    89.5372257695724,
    2.576932285532554,
    1.561794892418113,
    1.3178368088886991,
    1.4535477281623526,
    1.169976486057314,
    1.085462581359211,
    1.0661303384803882,
    1.0554105551283262,
    1.0978137204566787,
    1.1438543790763207,
    0.990327893107096,
    1.0304126400003277,
    1.0020668154679648,
    1.0785018561837654,
    1.0074077133885544,
    1.0370762068440225,
    1.0536486551731774,
    1.0445308412183638,
    1.2317743847179634,
    1.369819779074327,
    1.3279255605485663,
    1.1901216888383352,
    1.81125963611997,
    1.1909834835742905,
    4.139552339485193,
    1.1232524206563752
  ],
  "safe_layers": [
    9,
    16
  ],
  "summary": {
    "correlation": -0.09923296690049162,
    "p_value": 0.6153900810670676,
    "safe_layers": [
      9,
      16
    ],
    "max_prune_pct": 35.714285714285715
  }
}