{
  "experiment": "Adversarial Heat Death",
  "heat_death_ratios": {
    "free_will": 1.4727887251287684,
    "reality": 1.579376949607311,
    "convergent": 1.3252332362098032
  },
  "all_results": {
    "free_will": {
      "S": [
        2.978217601776123,
        3.6075901985168457,
        4.3370795249938965,
        4.336217403411865,
        4.639316558837891,
        4.386285305023193
      ],
      "kT": [
        12.249999974632868,
        15.082382721933023,
        16.42370301040669,
        15.959956198226728,
        17.16331398870519,
        16.079917724812745
      ],
      "eta": [
        0.6308701648116768,
        0.5438315822433352,
        0.4509654493084875,
        0.44105201408572303,
        0.39807812662794095,
        0.44828954716292213
      ],
      "confidence": [
        0.25990694761276245,
        0.33937105536460876,
        0.16424871981143951,
        0.11629690229892731,
        0.10050266236066818,
        0.13981914520263672
      ]
    },
    "reality": {
      "S": [
        2.5022132396698,
        3.6888267993927,
        3.7139978408813477,
        4.0200090408325195,
        3.8223025798797607,
        3.9519379138946533
      ],
      "kT": [
        11.135713233384529,
        14.036713043422816,
        14.934170066372593,
        15.187045968480405,
        16.02443183938211,
        15.684244065497722
      ],
      "eta": [
        0.6875918000769115,
        0.5604452238540596,
        0.5447645361369802,
        0.5217956254283238,
        0.5015541398629819,
        0.4724465216407838
      ],
      "confidence": [
        0.4025212824344635,
        0.2516918480396271,
        0.32852914929389954,
        0.26695337891578674,
        0.29532718658447266,
        0.2690728008747101
      ]
    },
    "convergent": {
      "S": [
        2.8585848808288574,
        2.9780428409576416,
        4.123997688293457,
        4.081949710845947,
        4.029211044311523,
        3.7882916927337646
      ],
      "kT": [
        12.056410371006649,
        12.923244339253893,
        16.976829833335646,
        15.782118634229608,
        15.279497495246915,
        14.485854045843455
      ],
      "eta": [
        0.93850526572653,
        0.9058792180881187,
        0.8512869607799769,
        0.4842643578785243,
        0.5043289288283594,
        0.4891828621766847
      ],
      "confidence": [
        0.3509836494922638,
        0.36802780628204346,
        0.14684799313545227,
        0.16841265559196472,
        0.18548326194286346,
        0.23034124076366425
      ]
    }
  }
}