{
  "experiment": "Quantization Noise as Free Energy",
  "standard_quant": {
    "16bit": {
      "bits": 16,
      "eta_mean": 0.854222325298957,
      "entropy_mean": 2.348659646511078,
      "top1_mean": 0.3903623357415199,
      "error_mean": 0.0
    },
    "8bit": {
      "bits": 8,
      "eta_mean": 0.5730870738612605,
      "entropy_mean": 7.173120737075806,
      "top1_mean": 0.080692058801651,
      "error_mean": 2.422937392047607
    },
    "4bit": {
      "bits": 4,
      "eta_mean": 0.4262367520652468,
      "entropy_mean": 4.450662136077881,
      "top1_mean": 0.3849538564682007,
      "error_mean": 8.979814450974974
    },
    "3bit": {
      "bits": 3,
      "eta_mean": 0.40357714988659127,
      "entropy_mean": 7.101795244216919,
      "top1_mean": 0.07792477421462536,
      "error_mean": 7.885905752011709
    },
    "2bit": {
      "bits": 2,
      "eta_mean": 0.4854578067389457,
      "entropy_mean": 6.273060083389282,
      "top1_mean": 0.13731918185949327,
      "error_mean": 19.120855447649955
    }
  },
  "sigma_tuned": {
    "baseline_fp16": {
      "sigma": 0,
      "eta_mean": 0.854222325298957,
      "entropy_mean": 2.348659646511078,
      "top1_mean": 0.3903623357415199
    },
    "sigma_0.05": {
      "sigma": 0.05,
      "eta_mean": 0.8521937364033066,
      "entropy_mean": 2.3881416440010073,
      "top1_mean": 0.3815809816122055
    },
    "sigma_0.1": {
      "sigma": 0.1,
      "eta_mean": 0.843144714652956,
      "entropy_mean": 2.501094436645508,
      "top1_mean": 0.3774637207388878
    },
    "sigma_0.15": {
      "sigma": 0.15,
      "eta_mean": 0.8178616076634586,
      "entropy_mean": 2.6833126306533814,
      "top1_mean": 0.32769615203142166
    },
    "sigma_0.2": {
      "sigma": 0.2,
      "eta_mean": 0.7734075152340949,
      "entropy_mean": 2.9665689945220945,
      "top1_mean": 0.28533060252666476
    },
    "sigma_0.3": {
      "sigma": 0.3,
      "eta_mean": 0.7567208904765507,
      "entropy_mean": 3.5422938108444213,
      "top1_mean": 0.26736602634191514
    }
  }
}