{
  "experiment": "Maxwell's Demon Analysis",
  "results": {
    "0.5B": {
      "model": "0.5B",
      "n_layers": 24,
      "dS_total": -0.5018,
      "dS_semantic": -0.467,
      "dS_complement": -0.0294,
      "demon_score": 0,
      "dConcentration": 0.481,
      "r_demon_T": 0.4308,
      "is_demon": false,
      "verdict": "NO DEMON EFFECT",
      "profiles": {
        "total_S": [
          9.390063285827637,
          9.166772015889485,
          9.161574872334798,
          9.222838846842448,
          9.20830249786377,
          9.217363103230793,
          9.249750200907389,
          9.207134819030761,
          9.155603472391764,
          9.090278498331706,
          9.037919489542643,
          9.022575569152831,
          9.025102106730143,
          8.987884712219238,
          8.986291821797689,
          9.032602755228679,
          9.060358746846516,
          9.083209864298503,
          9.091422653198242,
          9.122524642944336,
          9.126846567789714,
          9.164770253499348,
          9.10772959391276,
          9.155492273966471,
          8.88823725382487
        ],
        "semantic_S": [
          5.980781046549479,
          5.881945991516114,
          5.817599805196126,
          5.85713612238566,
          5.8402807235717775,
          5.824079577128092,
          5.850115521748861,
          5.832446956634522,
          5.845122845967611,
          5.822412141164144,
          5.802051385243733,
          5.7886663436889645,
          5.812556362152099,
          5.765865166982015,
          5.747054195404052,
          5.7579956690470375,
          5.746475378672282,
          5.726567141215006,
          5.680296357472738,
          5.658681106567383,
          5.649293359120687,
          5.6589886029561365,
          5.523162714640299,
          5.572825272878011,
          5.513792355855306
        ],
        "complement_S": [
          9.338904507954915,
          9.296908187866212,
          9.303041394551595,
          9.31294911702474,
          9.30463784535726,
          9.309504254659016,
          9.317659250895183,
          9.305713335673014,
          9.280834579467774,
          9.246600596110026,
          9.219960657755534,
          9.217958196004231,
          9.213858032226563,
          9.214948463439942,
          9.22120812733968,
          9.244454193115235,
          9.260500526428222,
          9.282673454284668,
          9.294373321533204,
          9.306829770406088,
          9.309033966064453,
          9.32059523264567,
          9.316500409444172,
          9.320699691772461,
          9.309464454650879
        ],
        "T_sm": [
          0.0002725415635564432,
          5.469643266995748,
          6.571293576558431,
          6.210800361633301,
          6.543168608347575,
          6.668393739064535,
          6.378518072764079,
          6.021878242492676,
          6.040038172403971,
          6.661493968963623,
          6.648944123586019,
          6.491713945070902,
          5.898962155977885,
          6.260087807973226,
          6.612457656860352,
          6.29778429667155,
          5.628925704956055,
          6.763414192199707,
          6.452836020787557,
          6.037618859608968,
          3.8006198902924857,
          2.7604636549949646,
          3.879712615410487,
          2.9922919730345408,
          2.843234811226527
        ],
        "T_sq": [
          131.41286713208498,
          72.25300308670971,
          75.11599530841683,
          81.9039056848615,
          82.77873906459581,
          82.8890629189215,
          89.7817717882974,
          81.95425132324473,
          74.6040993137801,
          70.86008637746893,
          68.95478194093545,
          68.24200653329692,
          67.41316622212892,
          65.96524659663399,
          66.18816699160782,
          67.99622037684716,
          70.51284633277874,
          71.6802878786736,
          74.98824267859229,
          79.97205959609592,
          80.8179729844239,
          85.40995515350632,
          86.33576473996898,
          91.09276448757278,
          62.52394117019367
        ],
        "concentration": [
          0.36061688462893166,
          0.6259811162948609,
          0.6529292702674866,
          0.5930530349413554,
          0.605218364795049,
          0.6086156169573466,
          0.5672711730003357,
          0.6083904862403869,
          0.6363925119241078,
          0.6721067468325297,
          0.6990549683570861,
          0.7117228388786316,
          0.7010419567426046,
          0.7368811090787252,
          0.7438563148180644,
          0.7266334215799968,
          0.7175466974576314,
          0.7230735421180725,
          0.7328194697697957,
          0.7246227423350017,
          0.728252092997233,
          0.7081947803497315,
          0.7769786159197489,
          0.7391632000605265,
          0.8416340510050456
        ],
        "demon_rate": [
          -0.09883505503336565,
          -0.08159062067667655,
          -0.012404934565226622,
          0.011340459187825669,
          -0.01652827262878409,
          0.0049173990885416075,
          0.004183689753214814,
          -0.002496337890625089,
          -0.0050174077351887725,
          -0.021535730361938565,
          -0.016872898737589903,
          0.005252488454182913,
          -0.011400588353474905,
          -0.03275108337402344,
          -0.003934748967488577,
          -0.000289408365885091,
          -0.015714263916015714,
          -0.033089510599772165,
          -0.03394301732381155,
          -0.01550149917602539,
          0.00015374819437674603,
          -0.06306532224019401,
          -0.043081665039062855,
          -0.004685179392496686,
          -0.05903291702270508
        ]
      }
    },
    "1.5B": {
      "model": "1.5B",
      "n_layers": 28,
      "dS_total": -0.6865,
      "dS_semantic": -0.6232,
      "dS_complement": -0.0716,
      "demon_score": 0,
      "dConcentration": 0.6528,
      "r_demon_T": 0.5911,
      "is_demon": false,
      "verdict": "NO DEMON EFFECT",
      "profiles": {
        "total_S": [
          10.200947252909343,
          9.975658543904622,
          9.954853439331055,
          9.976252110799154,
          10.00892702738444,
          10.006129264831543,
          10.008943239847818,
          9.967463874816895,
          9.961552556355795,
          9.936683781941731,
          9.901840337117513,
          9.854880332946777,
          9.812998453776041,
          9.803323682149252,
          9.793050003051757,
          9.743038113911947,
          9.710325813293457,
          9.733879661560058,
          9.766197713216146,
          9.774241701761882,
          9.75870876312256,
          9.800468190511067,
          9.804269727071127,
          9.804519081115723,
          9.8193754196167,
          9.821485137939453,
          9.8312136332194,
          9.791672197977702,
          9.514435895284016
        ],
        "semantic_S": [
          5.989384365081787,
          5.8904159228007,
          5.845440292358399,
          5.863580354054769,
          5.850939337412516,
          5.821963087717692,
          5.834145450592041,
          5.8052068710327145,
          5.807241948445638,
          5.802929178873698,
          5.762701416015625,
          5.751959292093913,
          5.773893642425537,
          5.7948705673217775,
          5.78540465037028,
          5.753760910034179,
          5.724659442901611,
          5.7433948198954266,
          5.7232657750447595,
          5.693510246276856,
          5.706351788838704,
          5.692050393422445,
          5.670785713195801,
          5.60512440999349,
          5.546196206410726,
          5.44321985244751,
          5.405288473765055,
          5.317642879486084,
          5.366186587015788
        ],