{
  "name": "Phase 37: Multiverse Universality",
  "summary": {
    "verdict": "PARTIALLY UNIVERSAL: |dU/dT| = 11.2 +/- 8.6 (CV=0.77), DE = 92.8% +/- 4.6% (CV=0.05), All Lyapunov<0: False. Tested 4 architectures.",
    "n_models": 4,
    "model_results": [
      {
        "model_name": "Qwen2.5-1.5B",
        "n_layers": 28,
        "dU_dT": -25.81455802009538,
        "abs_dU_dT": 25.81455802009538,
        "dark_energy_fraction": 0.9615744467055886,
        "lyapunov": 0.2111842294224141,
        "mean_U": [
          0.8933158814907074,
          19.806440830230713,
          25.808616161346436,
          30.18238353729248,
          34.29756546020508,
          39.94503211975098,
          40.632201194763184,
          44.39599895477295,
          44.86281490325928,
          46.69571304321289,
          50.196407318115234,
          54.451154708862305,
          55.06132221221924,
          55.25434494018555,
          57.448219299316406,
          58.828978538513184,
          61.78831768035889,
          60.782002449035645,
          65.21302127838135,
          72.2083568572998,
          83.07941055297852,
          88.6489429473877,
          107.47963333129883,
          129.14271545410156,
          157.4515266418457,
          201.59440994262695,
          228.86329650878906,
          298.94653701782227,
          184.6031837463379
        ],
        "mean_T": [
          3.489961653196554e-06,
          2.614145278930664,
          3.85207661986351,
          3.006278708577156,
          3.051697701215744,
          3.394762173295021,
          2.7441828921437263,
          3.9515322148799896,
          4.228340998291969,
          3.9468384385108948,
          4.142356693744659,
          3.8165000677108765,
          3.3705095648765564,
          3.5703409910202026,
          4.834512948989868,
          4.488188683986664,
          5.276358217000961,
          3.8132205307483673,
          3.714496821165085,
          2.4566528499126434,
          1.6637033373117447,
          2.147348653525114,
          1.3151659779250622,
          1.1575230807065964,
          0.8819781467318535,
          0.5559329816605896,
          0.66094652377069,
          1.8360978811979294,
          2.2728006839752197
        ]
      },
      {
        "model_name": "Qwen2.5-0.5B",
        "n_layers": 24,
        "dU_dT": -8.971011387062406,
        "abs_dU_dT": 8.971011387062406,
        "dark_energy_fraction": 0.9368239998573202,
        "lyapunov": 0.30003364706787744,
        "mean_U": [
          0.4127954766154289,
          5.431853175163269,
          8.308154463768005,
          9.079202890396118,
          10.486285924911499,
          11.681985139846802,
          14.32821536064148,
          14.344979763031006,
          14.788489818572998,
          15.227688789367676,
          15.353742599487305,
          15.900745153427124,
          15.888955116271973,
          16.52022075653076,
          17.765353202819824,
          18.788411617279053,
          20.80531120300293,
          25.6736478805542,
          30.442261219024658,
          36.0611686706543,
          40.475789070129395,
          51.72176170349121,
          67.49740982055664,
          77.33671188354492,
          271.16565322875977
        ],
        "mean_T": [
          4.078977535040658e-05,
          5.767724990844727,
          7.422068476676941,
          5.954867839813232,
          6.316244006156921,
          5.338060915470123,
          6.8014116287231445,
          7.375403523445129,
          6.85751485824585,
          7.2762451171875,
          7.040363311767578,
          7.472625136375427,
          7.306005120277405,
          7.2979631423950195,
          7.829338192939758,
          6.495518088340759,
          3.1630320847034454,
          1.9082122147083282,
          3.956803321838379,
          5.071931630373001,
          3.681689791381359,
          1.8830661103129387,
          3.2442575693130493,
          3.4214657843112946,
          2.673420161008835
        ]
      },
      {
        "model_name": "TinyLlama-1.1B",
        "n_layers": 22,
        "dU_dT": -4.925768766615914,
        "abs_dU_dT": 4.925768766615914,
        "dark_energy_fraction": 0.8514326199624156,
        "lyapunov": 0.3385005103400299,
        "mean_U": [
          0.5098347961902618,
          0.7983131855726242,
          0.9792149066925049,
          1.1238689869642258,
          1.4944754540920258,
          1.798721969127655,
          2.258530557155609,
          2.5924147963523865,
          3.073401093482971,
          3.402971029281616,
          4.070842921733856,
          4.702502608299255,
          5.173503875732422,
          6.042739391326904,
          6.9528292417526245,
          7.788902997970581,
          9.036883354187012,
          11.201833724975586,
          13.698596239089966,
          17.460612773895264,
          21.778849601745605,
          25.966803073883057,
          85.21401786804199
        ],
        "mean_T": [
          3.9536237642169,
          5.143434107303619,
          5.512149155139923,
          5.058073103427887,
          7.4462491273880005,
          7.911313533782959,
          7.929077982902527,
          8.258646965026855,
          7.969032883644104,
          7.980835318565369,
          7.708568334579468,
          8.024693012237549,
          8.057320237159729,
          8.132653951644897,
          7.747098445892334,
          7.640323519706726,
          6.681805908679962,
          5.726755142211914,
          4.5212647914886475,
          2.964161515235901,
          1.2926110327243805,
          2.2408241629600525,
          1.3263712227344513
        ]
      },
      {
        "model_name": "OPT-1.3B",
        "n_layers": 24,
        "dU_dT": -5.1388418728777046,
        "abs_dU_dT": 5.1388418728777046,
        "dark_energy_fraction": 0.9631945587231892,
        "lyapunov": 0.2077859199017147,
        "mean_U": [
          2.0310690701007843,
          15.851067066192627,
          19.25580930709839,
          19.649406909942627,
          20.17564296722412,
          20.624176502227783,
          21.264370441436768,
          22.05963134765625,
          23.356476306915283,
          24.3527569770813,
          25.781474113464355,
          27.288695335388184,
          29.07335329055786,
          31.317861557006836,
          34.19316339492798,
          37.66752052307129,
          40.73255443572998,
          45.770442962646484,
          52.71417045593262,
          60.20517539978027,
          70.05700874328613,
          80.24054145812988,
          93.26797294616699,
          102.29151344299316,
          45.46327209472656
        ],
        "mean_T": [
          0.0001471029547701619,
          9.003357172012329,
          9.786215543746948,
          9.86788272857666,
          9.913070678710938,
          9.876324653625488,
          9.787195682525635,
          9.707961559295654,
          9.515567541122437,
          9.38292145729065,
          9.18910813331604,
          8.830875873565674,
          8.547107934951782,
          8.30816376209259,
          7.596849203109741,
          6.850292086601257,
          6.276989459991455,
          5.614663362503052,
          5.529928743839264,
          5.220113694667816,
          4.802508234977722,
          4.383403062820435,
          2.9833231568336487,
          3.115065112709999,
          2.9789791107177734
        ]
      }
    ],
    "universality": {
      "dUdT_mean": 11.21254501166285,
      "dUdT_std": 8.58278338101956,
      "dUdT_cv": 0.7654625575206644,
      "DE_mean": 0.9282564063121284,
      "DE_std": 0.04556880544248633,
      "DE_cv": 0.049090752434036676,
      "all_stable": false
    }
  }
}