{
  "experiment": "Virial Equilibrium Dynamics",
  "mean_virial_profile": [
    38.254904414486354,
    8.926261292872795,
    9.485789599986258,
    7.812900375216973,
    10.21035782655497,
    9.20971779549469,
    10.653156334242528,
    10.638588120570475,
    9.720860399657644,
    9.04296068650451,
    7.662186018238252,
    6.825355488499332,
    5.095817514056486,
    5.66653528085061,
    4.535806951472896,
    4.6038201989305785,
    3.9388544212882044,
    4.843417846744068,
    7.073612528087726,
    10.266287538316268,
    10.199381572677765,
    15.1602377825197,
    15.438772327787667,
    15.706800693860325,
    27.623411270265976,
    15.276938838499523,
    30.9397538292596,
    316.752200024385
  ],
  "summary": {
    "early_virial": 14.938042701823468,
    "mid_virial": 5.801639378509438,
    "late_virial": 81.25982093125408,
    "final_value": 81.25982093125408,
    "at_equilibrium": false
  }
}