{
  "experiment": "Carnot Efficiency Limit",
  "eta_carnot": [
    0.0,
    0.0,
    0.020171849228835387,
    0.1819567721825798,
    0.22424354043463893,
    0.10180875323110505,
    0.15834318922510737,
    0.06399510174493168,
    0.1718316391704606,
    0.09762275400102678,
    0.10914554527513316,
    0.050944763142172896,
    0.10276368475506366,
    0.11647592815977566,
    0.12101056788138546,
    0.11061494954329715,
    0.0502185638658428,
    0.12345364483092748,
    0.24055975453983772,
    0.21478306858640303,
    0.2954070919544163,
    0.3937865723933109,
    0.6090777729386453,
    0.7099058396882785,
    0.8073137373430224,
    0.7996860818757451,
    0.8136738514027574,
    0.7312318588779991,
    0.5649974165630417
  ],
  "eta_measured": [
    0.0,
    0.0,
    0.0,
    0.27420907187621335,
    0.32240673413035353,
    0.34923739734508913,
    0.36704526328126513,
    0.3336246429940972,
    0.3416817481509764,
    0.31371256343360115,
    0.3200449146625021,
    0.3308725060045274,
    0.3465293648421323,
    0.3287642084757992,
    0.3504157610647501,
    0.35716683548397277,
    0.3688002120300629,
    0.3132071767138039,
    0.3894196016727028,
    0.4027719968055479,
    0.455407582918429,
    0.514217150051229,
    0.6450004829155,
    0.7423717649123178,
    0.8073137373430224,
    0.8441759384426158,
    0.8596262101333018,
    0.8609162024317797,
    0.8626407823035831
  ],
  "eff_ratio": [
    0.0,
    0.0,
    0.0,
    1.507001187349956,
    1.4377526030924905,
    3.4303278050099513,
    2.318036316217267,
    5.213284038558332,
    1.988468186660165,
    3.2135188801265504,
    2.932276471408045,
    6.49473046781432,
    3.3720994467147816,
    2.8225935898322105,
    2.895745114746119,
    3.2289201110314454,
    7.343901993711131,
    2.537042765234221,
    1.618806114330037,
    1.8752502199957888,
    1.54162711447205,
    1.3058270290817593,
    1.0589788553564168,
    1.045732720178386,
    0.9999999998761324,
    1.055634151287155,
    1.0564751571476407,
    1.1773505104592037,
    1.5268048257609161
  ],
  "summary": {
    "correlation": 0.965244881780062,
    "final_ratio": 1.5268048257609161,
    "max_ratio": 7.343901993711131
  }
}