{
  "experiment": "Entropy Production Rate",
  "S_out": [
    2.2143807770081094e-05,
    4.28089140355587,
    4.6885519325733185,
    4.242721845706304,
    4.267159054676692,
    5.2708244522412615,
    4.8583877881368,
    5.465658823649089,
    5.005760550498962,
    5.75830872853597,
    5.776745239893596,
    6.236588557561238,
    5.928211768468221,
    5.8317170937856035,
    5.820542931556702,
    5.9171914259592695,
    6.474843502044678,
    6.022499819596608,
    5.205882251262665,
    5.372525413831075,
    4.899239321549733,
    4.21898911272486,
    2.6896130492289863,
    2.003172669559717,
    1.3427143587420385,
    1.3920872199038665,
    1.2992105533679326,
    1.8756361653407414,
    3.0025712748368583
  ],
  "S_hidden": [
    7.061851938565572,
    6.917109330495198,
    6.908102075258891,
    6.929809172948201,
    6.943100253740947,
    6.931382815043132,
    6.932279904683431,
    6.912560184796651,
    6.90224818388621,
    6.873105088869731,
    6.855416774749756,
    6.822189609209697,
    6.788848678270976,
    6.7821881373723345,
    6.776977817217509,
    6.7444848616917925,
    6.719175736109416,
    6.737127780914307,
    6.757972677548726,
    6.766543547312419,
    6.755841970443726,
    6.792518496513367,
    6.788756211598714,
    6.786372741063436,
    6.806714018185933,
    6.805370608965556,
    6.818674008051555,
    6.793268163998921,
    6.617318034172058
  ],
  "sigma_out": [
    4.2808692597481,
    2.3442648943827744,
    -0.01908477892478322,
    -0.21069643894831325,
    0.5140513032674789,
    0.2956143667300539,
    0.09741718570391367,
    0.07368638118108128,
    0.14632495244344046,
    0.38549234469731664,
    0.23913991451263428,
    0.07573326428731253,
    -0.20243573188781738,
    -0.053834418455759536,
    0.04273716608683298,
    0.32715028524398804,
    0.05265419681866934,
    -0.6344806253910065,
    -0.3249872028827667,
    -0.1533214648564658,
    -0.5767681505531073,
    -1.1048131361603735,
    -1.1079082215825715,
    -0.6734493452434739,
    -0.3055427248279253,
    -0.02175190268705296,
    0.24177447271843744,
    0.8516803607344628,
    1.1269351094961169
  ],
  "sigma_hidden": [
    -0.14474260807037354,
    -0.07687493165334036,
    0.006349921226501465,
    0.017499089241027832,
    0.0007868210474653026,
    -0.005410174528758027,
    -0.009411315123240449,
    -0.015015860398610137,
    -0.01972754796345999,
    -0.02341570456822728,
    -0.02545773983001709,
    -0.03328404823938991,
    -0.020000735918681123,
    -0.0059354305267333984,
    -0.018851637840270996,
    -0.02890104055404663,
    -0.0036785403887429347,
    0.01939847071965506,
    0.014707883199056138,
    -0.0010653535525002589,
    0.012987474600473892,
    0.016457120577494155,
    -0.0030728777249655614,
    0.00897890329360962,
    0.009498933951060273,
    0.0059799949328107616,
    -0.006051222483317353,
    -0.10067798693974828,
    -0.1759501298268633
  ],
  "summary": {
    "S_out_initial": 2.2143807770081094e-05,
    "S_out_final": 3.0025712748368583,
    "total_change": 3.002549131029088,
    "pre_sigma": 0.31902508110493216,
    "post_sigma": -0.12413442344404746,
    "sign_changes": [
      2,
      4,
      12,
      14,
      17,
      26
    ]
  }
}