{
  "experiment": "CODATA Constants",
  "per_model": {
    "Qwen2.5-1.5B": {
      "C_v": 1.0118496697877888,
      "eta": 0.7928621418023349,
      "n_radiation": -0.10641768776912565,
      "prt_cv": 0.7764825255251785,
      "F_slope": 7.354613339210075,
      "cooling_rate": -0.07918518765690859,
      "T_hot": 5.784148613611857,
      "T_cold": 1.1981161553412676,
      "U_final": 184.83316930135092,
      "U_initial": 0.9701829254627228
    },
    "Qwen2.5-0.5B": {
      "C_v": -1.3541076861848482,
      "eta": 0.612183271483322,
      "n_radiation": 0.7826460605427227,
      "prt_cv": 0.6992718335903331,
      "F_slope": 4.799493891640702,
      "cooling_rate": -0.05487431844342347,
      "T_hot": 6.884792327880859,
      "T_cold": 2.670037637154261,
      "U_final": 278.6537907918294,
      "U_initial": 0.4475318243106206
    },
    "TinyLlama-1.1B": {
      "C_v": 1.0901511054119952,
      "eta": 0.7555999900927619,
      "n_radiation": -0.22491135306215426,
      "prt_cv": 0.4357696984727807,
      "F_slope": 2.9430578114085724,
      "cooling_rate": -0.24727431689701948,
      "T_hot": 8.468043764432272,
      "T_cold": 2.0695899799466133,
      "U_final": 84.28684107462566,
      "U_initial": 0.54360631108284
    }
  },
  "universality": {
    "C_v": {
      "mean": 0.24929769633831192,
      "std": 1.134229369581945,
      "cv": 4.549698556330652
    },
    "eta": {
      "mean": 0.7202151344594729,
      "std": 0.07789000599597787,
      "cv": 0.10814824940275672
    },
    "n_radiation": {
      "mean": 0.15043900657048093,
      "std": 0.4496476446417719,
      "cv": 2.988903307681847
    },
    "cooling_rate": {
      "mean": -0.1271112743324505,
      "std": 0.08554578574954118,
      "cv": 0.6729991979979866
    }
  },
  "summary": {
    "n_universal": 1,
    "total_constants": 4
  }
}