{
  "experiment": "Drag Coefficient Near Sonic Barrier",
  "results": {
    "0.5B": {
      "n_layers": 24,
      "avg_drag": [
        0.934712,
        0.190136,
        0.117195,
        0.150119,
        0.127376,
        0.124689,
        0.115607,
        0.097702,
        0.0744,
        0.045863,
        0.04407,
        0.049632,
        0.045149,
        0.037612,
        0.072384,
        0.071761,
        0.075284,
        0.04319,
        0.031851,
        0.041844,
        0.074657,
        0.067936,
        0.047341,
        0.599329
      ],
      "avg_entropy_change": [
        -0.036,
        -0.0201,
        -1.5702,
        -0.1862,
        0.0272,
        0.0085,
        0.0129,
        0.0077,
        0.0056,
        0.0051,
        0.0003,
        -0.0027,
        0.0115,
        0.0126,
        0.0194,
        0.0303,
        0.0741,
        0.0528,
        0.0466,
        0.0693,
        0.0933,
        1.1005,
        0.0058,
        -0.0494
      ],
      "avg_rank_change": [
        -0.2941,
        -0.1579,
        -6.1801,
        -0.2748,
        0.0371,
        0.0116,
        0.0181,
        0.0108,
        0.0079,
        0.0071,
        0.0007,
        -0.0039,
        0.0165,
        0.0181,
        0.0287,
        0.0457,
        0.1185,
        0.0902,
        0.0839,
        0.133,
        0.1937,
        4.344,
        0.0351,
        -0.3108
      ],
      "max_drag_layer": 0,
      "max_drag_value": 0.934712,
      "total_drag": 3.27984,
      "Cd": 0.13666,
      "peak_at_relative_depth": 0.0
    },
    "1.5B": {
      "n_layers": 28,
      "avg_drag": [
        0.949105,
        0.157596,
        0.116503,
        0.112917,
        0.109058,
        0.080558,
        0.094095,
        0.086432,
        0.083328,
        0.068032,
        0.059845,
        0.052299,
        0.038344,
        0.04207,
        0.033223,
        0.029726,
        0.030651,
        0.031537,
        0.040224,
        0.046651,
        0.048869,
        0.059021,
        0.039826,
        0.031819,
        0.037335,
        0.032763,
        0.032886,
        0.603928
      ],
      "avg_entropy_change": [
        -0.0343,
        -1.8355,
        -0.0714,
        0.0129,
        0.0155,
        -0.0067,
        0.0075,
        0.0094,
        0.0054,
        0.0084,
        0.0025,
        -0.0014,
        0.0013,
        0.0049,
        0.0035,
        0.0021,
        0.0041,
        0.01,
        0.0147,
        0.0318,
        0.0201,
        0.039,
        0.0468,
        0.0485,
        0.059,
        0.0411,
        1.2847,
        -0.1231
      ],
      "avg_rank_change": [
        -0.275,
        -6.6814,
        -0.0867,
        0.0151,
        0.0185,
        -0.0081,
        0.0089,
        0.0114,
        0.0064,
        0.0102,
        0.0031,
        -0.0016,
        0.0016,
        0.0061,
        0.0043,
        0.0027,
        0.0051,
        0.0126,
        0.0187,
        0.0415,
        0.027,
        0.0539,
        0.0678,
        0.0735,
        0.095,
        0.0696,
        4.5048,
        -0.7109
      ],
      "max_drag_layer": 0,
      "max_drag_value": 0.949105,
      "total_drag": 3.148645,
      "Cd": 0.112452,
      "peak_at_relative_depth": 0.0
    },
    "7B": {
      "n_layers": 28,
      "avg_drag": [
        0.949105,
        0.157596,
        0.116503,
        0.112917,
        0.109058,
        0.080558,
        0.094095,
        0.086432,
        0.083328,
        0.068032,
        0.059845,
        0.052299,
        0.038344,
        0.04207,
        0.033223,
        0.029726,
        0.030651,
        0.031537,
        0.040224,
        0.046651,
        0.048869,
        0.059021,
        0.039826,
        0.031819,
        0.037335,
        0.032763,
        0.032886,
        0.603928
      ],
      "avg_entropy_change": [
        -0.0343,
        -1.8355,
        -0.0714,
        0.0129,
        0.0155,
        -0.0067,
        0.0075,
        0.0094,
        0.0054,
        0.0084,
        0.0025,
        -0.0014,
        0.0013,
        0.0049,
        0.0035,
        0.0021,
        0.0041,
        0.01,
        0.0147,
        0.0318,
        0.0201,
        0.039,
        0.0468,
        0.0485,
        0.059,
        0.0411,
        1.2847,
        -0.1231
      ],
      "avg_rank_change": [
        -0.275,
        -6.6814,
        -0.0867,
        0.0151,
        0.0185,
        -0.0081,
        0.0089,
        0.0114,
        0.0064,
        0.0102,
        0.0031,
        -0.0016,
        0.0016,
        0.0061,
        0.0043,
        0.0027,
        0.0051,
        0.0126,
        0.0187,
        0.0415,
        0.027,
        0.0539,
        0.0678,
        0.0735,
        0.095,
        0.0696,
        4.5048,
        -0.7109
      ],
      "max_drag_layer": 0,
      "max_drag_value": 0.949105,
      "total_drag": 3.148645,
      "Cd": 0.112452,
      "peak_at_relative_depth": 0.0
    }
  }
}