{
  "experiment": "Jarzynski Equality",
  "jarzynski_ratio": [
    1.3543832837254806,
    1.3413980805945906,
    1.3098807778692838,
    1.187513945000972,
    1.1435976322612917,
    1.2285679731679788,
    1.2129405553350343,
    1.168273547920889,
    1.3607182134259375,
    1.2570611976818857,
    1.2040056104160115,
    1.2484259282654182,
    1.1423058903197516,
    1.2421464412984675,
    1.0666302617598664,
    1.1394810587808673,
    1.1581125201547071,
    1.4857809971098714,
    1.1938751145770048,
    1.25343628938254,
    1.3491160542359903,
    1.1378344487271475,
    1.1046231921152982,
    1.058688732115882,
    1.1692891403100183,
    1.0445361531554127,
    1.0328619186113923,
    1.2470259736301685
  ],
  "W_mean": [
    1.4848943957562826,
    0.08824362559244037,
    0.018933920189738274,
    -0.11927229538559914,
    0.5292952433228493,
    -0.4508759006857872,
    0.4897843636572361,
    -0.31208984926342964,
    0.44683926925063133,
    -0.0970640741288662,
    0.23700091242790222,
    -0.1319572776556015,
    0.004635356366634369,
    -0.22912979125976562,
    -0.028416775166988373,
    0.35432108491659164,
    -0.34341713041067123,
    -0.14427616819739342,
    -0.11103175673633814,
    -0.06967771053314209,
    -0.33796733629424125,
    -0.5363193118246272,
    -0.13092859683092684,
    -0.07705250580329448,
    0.04530621942831203,
    -0.08025465055834502,
    0.28270171204349026,
    0.2959636691957712
  ],
  "delta_F": [
    1.181548186194803,
    -0.20546878819290623,
    -0.2510022036216392,
    -0.29113429540202124,
    0.3951161322845661,
    -0.656725142348289,
    0.2967367412151872,
    -0.4676169082355233,
    0.13882661079009528,
    -0.3258406880585468,
    0.05134690573816668,
    -0.3538407780513187,
    -0.1284135739214327,
    -0.44597067546821184,
    -0.09292116612200638,
    0.22374813774616967,
    -0.4902086725048262,
    -0.5402167261822219,
    -0.28823617207978586,
    -0.29556652167699676,
    -0.6374169396460377,
    -0.6654461613109643,
    -0.23043287103544202,
    -0.13408360298159835,
    -0.11108977234985712,
    -0.12382756485597314,
    0.25036820111036284,
    0.07520217382131097
  ],
  "W_diss": [
    0.3033462095614796,
    0.2937124137853466,
    0.2699361238113775,
    0.1718620000164221,
    0.13417911103828317,
    0.20584924166250185,
    0.19304762244204887,
    0.15552705897209368,
    0.30801265846053605,
    0.22877661392968063,
    0.18565400668973553,
    0.2218835003957172,
    0.13304893028806708,
    0.21684088420844622,
    0.064504390955018,
    0.13057294717042198,
    0.14679154209415496,
    0.3959405579848285,
    0.17720441534344772,
    0.22588881114385467,
    0.2994496033517965,
    0.12912684948633713,
    0.09950427420451519,
    0.057031097178303874,
    0.15639599177816915,
    0.04357291429762812,
    0.03233351093312742,
    0.22076149537446024
  ],
  "summary": {
    "jr_mean": 1.2086611047124698,
    "pre_diss": 0.21247755444310754,
    "post_diss": 0.10553230475036302
  }
}