{
  "name": "Phase 5: ALife in KV Cache",
  "summary": {
    "verdict": "PARTIAL SUBSTRATE: 0/4 patterns survived. KV Cache has limited CA capability (locality=1.02).",
    "survived": 0,
    "total": 4,
    "locality_ratio": "1.0241777"
  },
  "patterns": {
    "glider": {
      "survived": false,
      "final_alive": 11,
      "entropies": [
        0.8960382325345574,
        0.8960382325345574,
        0.8960382325345574,
        0.8960382325345574,
        0.8960382325345574,
        0.8960382325345574,
        0.8960382325345574,
        0.8960382325345574,
        0.8960382325345574,
        0.8960382325345574,
        0.8960382325345574
      ]
    },
    "blinker": {
      "survived": false,
      "final_alive": 12,
      "entropies": [
        0.6962122601251458,
        0.8112781244591328,
        0.8112781244591328,
        0.8112781244591328,
        0.8112781244591328,
        0.8112781244591328,
        0.8112781244591328,
        0.8112781244591328,
        0.8112781244591328,
        0.8112781244591328,
        0.8112781244591328
      ]
    },
    "block": {
      "survived": false,
      "final_alive": 10,
      "entropies": [
        0.8112781244591328,
        0.954434002924965,
        0.954434002924965,
        0.954434002924965,
        0.954434002924965,
        0.954434002924965,
        0.954434002924965,
        0.954434002924965,
        0.954434002924965,
        0.954434002924965,
        0.954434002924965
      ]
    },
    "random": {
      "survived": false,
      "final_alive": 8,
      "entropies": [
        0.9886994082884974,
        1.0,
        1.0,
        1.0,
        1.0,
        1.0,
        1.0,
        1.0,
        1.0,
        1.0,
        1.0
      ]
    }
  }
}