{
  "experiment": "Central Charge from Area Law",
  "results": {
    "0.5B": {
      "hidden_dim": 896,
      "n_heads": 14,
      "n_layers": 24,
      "data_points": [
        {
          "seq_len": 6,
          "log_seq_len": 1.791759469228055,
          "mean_entropy": 0.25286266797532636,
          "max_entropy": 0.4847680926322937,
          "entropies": [
            0.4701188802719116,
            0.4100264310836792,
            0.4847680926322937,
            0.3546821177005768,
            0.21216388046741486,
            0.4638518691062927,
            0.21545976400375366,
            0.3348146975040436,
            0.18508145213127136,
            0.08152896165847778,
            0.25439339876174927,
            0.1763862669467926,
            0.10591629892587662,
            0.08216384053230286,
            0.2535804510116577,
            0.19860714673995972,
            0.17473028600215912,
            0.23763975501060486,
            0.20247048139572144,
            0.32308951020240784,
            0.1798335313796997,
            0.18167828023433685,
            0.16216471791267395,
            0.3235539197921753
          ]
        },
        {
          "seq_len": 11,
          "log_seq_len": 2.3978952727983707,
          "mean_entropy": 0.4557233912249406,
          "max_entropy": 0.8081845641136169,
          "entropies": [
            0.5990185141563416,
            0.7608523368835449,
            0.7342488169670105,
            0.32431626319885254,
            0.4679679870605469,
            0.48763859272003174,
            0.3623550534248352,
            0.3782872259616852,
            0.8081845641136169,
            0.26008325815200806,
            0.33780598640441895,
            0.1645021140575409,
            0.5189356803894043,
            0.2941564619541168,
            0.523382306098938,
            0.6608378291130066,
            0.37396037578582764,
            0.49717068672180176,
            0.5042169094085693,
            0.6427015066146851,
            0.29678744077682495,
            0.29672345519065857,
            0.3544658422470093,
            0.2887621819972992
          ]
        },
        {
          "seq_len": 17,
          "log_seq_len": 2.833213344056216,
          "mean_entropy": 0.6365310624241829,
          "max_entropy": 1.0984160900115967,
          "entropies": [
            1.0485206842422485,
            1.0984160900115967,
            0.9570533633232117,
            0.4130132496356964,
            0.401546835899353,
            0.5796812772750854,
            0.49504709243774414,
            0.43588554859161377,
            0.8092023134231567,
            0.38897109031677246,
            0.7643730044364929,
            0.38840529322624207,
            0.8142402172088623,
            0.45304515957832336,
            0.820519208908081,
            0.8214724659919739,
            0.4714992344379425,
            0.4488743245601654,
            0.6114975214004517,
            0.7211565375328064,
            0.47395986318588257,
            0.46348968148231506,
            0.7254020571708679,
            0.6714733839035034
          ]
        },
        {
          "seq_len": 26,
          "log_seq_len": 3.258096538021482,
          "mean_entropy": 0.7286495876808962,
          "max_entropy": 1.9048291444778442,
          "entropies": [
            1.9048291444778442,
            1.2564616203308105,
            1.2937997579574585,
            0.5401430726051331,
            0.5540668368339539,
            0.534859299659729,
            0.7009578347206116,
            0.6532310843467712,
            0.9047174453735352,
            0.45847567915916443,
            0.6557714939117432,
            0.5556139349937439,
            0.8661884665489197,
            0.44295674562454224,
            1.122437834739685,
            0.6827057600021362,
            0.26872777938842773,
            0.31595173478126526,
            0.5270551443099976,
            0.5066388845443726,
            0.5686707496643066,
            0.24826237559318542,
            0.9829991459846497,
            0.9420682787895203
          ]
        },
        {
          "seq_len": 52,
          "log_seq_len": 3.9512437185814275,
          "mean_entropy": 1.0162787375350792,
          "max_entropy": 2.6649184226989746,
          "entropies": [
            2.6649184226989746,
            1.9395036697387695,
            2.062802314758301,
            0.7850762605667114,
            0.7011439204216003,
            0.6231589913368225,
            0.7746678590774536,
            0.6839931011199951,
            0.963111162185669,
            0.7542582750320435,
            0.8534188866615295,
            0.8255042433738708,
            0.9876749515533447,
            0.7329142093658447,
            1.2370951175689697,
            1.1286678314208984,
            0.40024805068969727,
            0.5693964958190918,
            0.674354076385498,
            0.689473032951355,
            0.8562283515930176,
            0.4380590617656708,
            1.4150025844573975,
            1.6300188302993774
          ]
        },
        {
          "seq_len": 69,
          "log_seq_len": 4.23410650459726,
          "mean_entropy": 1.0476399846374989,
          "max_entropy": 2.9807844161987305,
          "entropies": [
            2.9807844161987305,
            2.1864969730377197,
            2.0619683265686035,
            0.8429811000823975,
            0.6161283254623413,
            0.7560609579086304,
            0.7989960312843323,
            0.7396777272224426,
            0.9887638092041016,
            0.8865069150924683,
            0.6258488297462463,
            0.728179931640625,
            1.0102037191390991,
            0.8213731646537781,
            1.0638325214385986,
            0.6429625153541565,
            0.6757588982582092,
            0.7236793637275696,
            0.5137596130371094,
            0.625751256942749,
            0.616799533367157,
            0.43020305037498474,
            2.0332744121551514,
            1.773368239402771
          ]
        }
      ],
      "central_charge_mean": 1.0027,
      "central_charge_max": 3.2566,
      "R2": 0.993,
      "R2_max": 0.9696,
      "slope": 0.334235,
      "intercept": -0.3391,
      "c_over_heads": 0.0716,
      "c_over_hidden": 0.001119
    },
    "1.5B": {
      "hidden_dim": 1536,
      "n_heads": 12,
      "n_layers": 28,
      "data_points": [
        {
          "seq_len": 6,
          "log_seq_len": 1.791759469228055,
          "mean_entropy": 0.2610039542030011,
          "max_entropy": 0.6278198957443237,
          "entropies": [
            0.6278198957443237,
            0.37907373905181885,
            0.2572084069252014,
            0.3534397482872009,
            0.25750958919525146,
            0.16033746302127838,
            0.23469582200050354,
            0.3408839702606201,
            0.27133509516716003,
            0.2183786928653717,
            0.2912222743034363,
            0.14343684911727905,
            0.21281911432743073,
            0.4374980926513672,
            0.16273145377635956,
            0.16754089295864105,
            0.15284354984760284,
            0.1388530433177948,
            0.3305648863315582,
            0.281295508146286,
            0.39759886264801025,
            0.2500816285610199,
            0.3797653615474701,
            0.14937052130699158,
            0.3239259719848633,
            0.03391057625412941,
            0.07963530719280243,
            0.2743344008922577
          ]
        },
        {
          "seq_len": 11,
          "log_seq_len": 2.3978952727983707,
          "mean_entropy": 0.4468903038650751,
          "max_entropy": 0.7507662773132324,