{
  "experiment": "Thermodynamic Speed Limit",
  "speed_mean": [
    1.3382476108067913,
    0.8635047156529472,
    0.7458205831039165,
    0.6277485550862977,
    0.7649199367408074,
    0.7059155226479527,
    0.7261224816146031,
    0.7535106417174606,
    0.7028481981738514,
    0.6556990201782044,
    0.5701569172658097,
    0.539280224211095,
    0.43896374141303507,
    0.46137863153779707,
    0.3906093396350084,
    0.4047695581485843,
    0.39790535145972444,
    0.5029103704458254,
    0.4623962873005041,
    0.5909986281212796,
    0.5280065437995939,
    0.533876962042506,
    0.4099125424933527,
    0.37351056132790766,
    0.4898088227634127,
    0.29694188919856096,
    0.41399627398502586,
    0.8070441897666304
  ],
  "dE_mean": [
    0.02520482043425242,
    0.5548834204673767,
    0.7346982796986897,
    0.9004835685094198,
    1.0525044202804565,
    1.1949218352635702,
    1.1825395822525024,
    1.2805370807647705,
    1.358492914835612,
    1.4041131893793741,
    1.551169474919637,
    1.5506258964538575,
    1.5163525660832724,
    1.4994941155115764,
    1.5471364259719849,
    1.610478687286377,
    1.6977168003718057,
    1.6975961287816366,
    1.8294132391611735,
    2.0300162553787233,
    2.2903475602467855,
    2.509627930323283,
    2.921804094314575,
    3.510265096028646,
    4.108968496322632,
    5.210189469655355,
    5.810894838968912,
    7.133154265085856
  ],
  "summary": {
    "speed_ratio_mean": 0.01667867170981769,
    "speed_ratio_std": 0.0004347536446518705,
    "bures_angle_mean": 1.563396449437633,
    "near_limit_layers": 3
  }
}