{
  "experiment": "Bulk Conservation Law",
  "results": [
    {
      "model_name": "Qwen2.5-1.5B",
      "full_cv": 1.4777951514196226,
      "bulk_cv": 1.4411472080614431,
      "all_full_cvs": [
        1.9024401858642386,
        1.435975512271942,
        1.5233929948517833,
        1.3637162152062168,
        1.9074880378342174,
        1.1093655922870496,
        1.1886672050372118,
        1.391315468004323
      ],
      "all_bulk_cvs": [
        1.8183374000217494,
        1.4366257154659818,
        1.446705780074939,
        1.3977213545753098,
        1.844992618274592,
        1.0583358664179512,
        1.1723849815796987,
        1.3540739480813238
      ],
      "bulk_profiles": [
        [
          8.27635581583123,
          7.873831595333124,
          4.2077636930516364,
          8.126883104623703,
          6.389945926959469,
          3.259452190639355,
          0.31236016526718496,
          0.04774651472047735,
          0.1002845227618513,
          0.8095630047303041,
          2.9265073962674353,
          10.886652189666385,
          10.687150230279368,
          12.124664130092874,
          3.52446307452226,
          41.05541700745106,
          91.95184650837659,
          97.53313434164845,
          68.45332971401713,
          2.3403944206958576,
          3.3703844288536113,
          0.5004516446148283,
          0.590144990058965,
          2.5918548548932767,
          2.361194791105668,
          4.932043573279665,
          1.166421076590751
        ],
        [
          18.55260426992791,
          175.89964496192192,
          36.19148216606992,
          80.04309290267388,
          27.916468984613815,
          29.270857699211074,
          99.90987187802362,
          213.96411594765027,
          80.83909412422283,
          8.39651134886587,
          2.894866091833682,
          2.9356711536767177,
          7.018873963038588,
          6.483143869181314,
          300.99817970525623,
          232.57521695264174,
          226.8455566927737,
          71.75093480748396,
          7.64707841347586,
          2.359544612467948,
          0.7180935262202089,
          0.4990395272078366,
          0.03077071464564378,
          0.09910739503926559,
          1.3137529979889575,
          0.56137875174382,
          2.3373417809145582
        ],
        [
          31.90394453905809,
          30.34222950974444,
          12.7930224058314,
          8.068424573855982,
          55.09966418014219,
          58.84944748121975,
          15.998696564949475,
          120.36358033076101,
          154.621468443237,
          187.65872698087534,
          284.515211236607,
          920.3315825390843,
          345.8654631836848,
          443.5017015193408,
          327.04512500764105,
          283.2567638915158,
          84.29479239966264,
          58.07778507733099,
          50.703405593446426,
          96.77300212240871,
          25.226340313495804,
          17.203497305101305,
          12.528888504199298,
          3.4310333126783545,
          2.1058512051341856,
          5.39704061793135,
          28.633944610981032
        ],
        [
          75.73238327320401,
          36.29533604792369,
          95.66996441768822,
          88.1543644118585,
          607.004459394487,
          172.1204652498896,
          383.56930243638124,
          57.85593873399545,
          204.57437302034103,
          152.18502142555442,
          163.56318582581287,
          35.30158549908368,
          43.244166456266555,
          66.88386303703975,
          23.452269097999277,
          123.14984939390955,
          103.88384735668896,
          42.13237693850161,
          28.802299910133453,
          6.206814592710514,
          9.007763098495342,
          0.007344392472544407,
          0.8121295926838871,
          0.03937075760711893,
          0.018531562154870774,
          0.5260461787558333,
          11.676580490911803
        ],
        [
          27.88370643123896,
          1.8307165597046255,
          1.2394852471315174,
          0.3669205318268295,
          19.407091151365155,
          3.6925875641165153,
          1.3149960097203726,
          1.4362240027348157,
          0.9583403269520592,
          0.056166473571875916,
          0.06367488738396235,
          0.13237228508660956,
          0.28293470975046664,
          0.1676498645026986,
          0.30885465644055354,
          0.5903014659770075,
          0.36918193927859594,
          2.788396071050682,
          0.3571364907049914,
          1.0303670876244235,
          1.0821928517388106,
          1.5470901766909078,
          21.449966762685573,
          5.904315127399981,
          0.18473981796351205,
          0.05009526514220319,
          26.49527522473363
        ],
        [
          971.4057899235589,
          393.9321378309086,
          893.9081092653496,
          254.79940622073687,
          794.5544842887896,
          1132.5230615305352,
          593.3300791451387,
          1561.4957121400284,
          910.6739769284354,
          612.4939382168207,
          1511.83464246993,
          2196.703553864018,
          627.6297913366783,
          2822.4566675554925,
          586.7996550785682,
          3089.6899708851597,
          2871.8174802308936,
          2260.041321645529,
          249.89603494932317,
          32.57815605605676,
          0.26332378324716044,
          0.4025956218214153,
          1.0588235176609389,
          0.3281905261738421,
          0.15327744295206397,
          0.9416611638780062,
          3.111071383482682
        ],
        [
          479.39143098405395,
          66.64373216705758,
          29.62946413527567,
          893.086364602817,
          1366.6996230226264,
          1107.0623436250028,
          348.154204254124,
          194.222560959319,
          1086.9677225576177,
          942.0289686743882,
          464.50223088838527,
          857.0006869684138,
          519.0797268031123,
          224.26969030173424,
          460.99915716283766,
          145.17436806161865,
          21.76361760239957,
          8.61257084188631,
          15.911807973973074,
          44.604650150242605,
          29.25172950780133,
          4.869365772937133,
          6.3388077160634815,
          7.697421688632618,
          6.0379433386860955,
          27.58464464169686,
          104.06511371485834
        ],
        [
          86.78082751275703,
          326.6797793205857,
          358.71494692136315,
          17.083216586765896,
          78.60490419503147,
          24.96992510590704,
          411.77588755623935,
          48.640444001785234,
          301.4300138640633,
          85.96979218909232,
          736.8680673988807,
          495.63857028740495,
          1051.3987346120882,
          277.7623100765661,
          1463.7069030296243,
          790.0860463602666,
          306.7752680482509,
          81.93060268336487,
          83.3542278408956,
          58.64906649244315,
          0.07954907669935972,
          0.35927311315158367,
          1.4199391134271913,
          2.2903331025134417,
          2.0338505738512445,
          9.093984706425967,
          52.64526950360305
        ]
      ]
    },
    {
      "model_name": "Qwen2.5-0.5B",
      "full_cv": 1.2429374377096998,
      "bulk_cv": 1.1771866957931831,
      "all_full_cvs": [
        1.0694172925404049,
        1.0035937249599194,
        1.3021570032538234,
        1.663735993938723,
        1.463532166943034,
        1.1541210893721392,
        1.0082450874890712,
        1.2786971431804832
      ],
      "all_bulk_cvs": [
        1.0497582845548983,
        0.9501777128871461,
        1.2417936651125534,
        1.5870111047759827,
        1.3759863364808391,
        1.0864604855391222,
        0.9254609775350009,
        1.2008449994599228
      ],