{
  "experiment": "Encoder-Decoder Duality",
  "L0": 21,
  "encoder": {
    "dU": 4.68557846280081,
    "dT": 0.18603670616992193,
    "dS": -0.09701505516256605
  },
  "decoder": {
    "dU": 14.891261237008232,
    "dT": -0.12594390381127596,
    "dS": -0.22492472401687078
  },
  "Q_at_L0": -0.17231873460935648,
  "U_mean": [
    0.9855732284486294,
    22.275524973869324,
    28.254283905029297,
    35.25069296360016,
    41.3302788734436,
    47.26582407951355,
    46.4643075466156,
    50.11819672584534,
    53.29462504386902,
    54.92434334754944,
    60.440430641174316,
    60.613531827926636,
    59.41609573364258,
    58.89599013328552,
    61.097933292388916,
    63.33047318458557,
    66.797780752182,
    66.69939804077148,
    71.8263955116272,
    79.9333381652832,
    90.61156272888184,
    99.38272094726562,
    115.53153991699219,
    138.39670372009277,
    161.22384643554688,
    204.3157606124878,
    229.35189533233643,
    281.95137786865234,
    203.62154960632324
  ],
  "T_mean": [
    0.00017376850291672945,
    4.208613637834787,
    4.812808178365231,
    4.140331491827965,
    4.224382910877466,
    5.193743512034416,
    4.717262178659439,
    5.254436194896698,
    4.918993338942528,
    5.696408003568649,
    5.780282258987427,
    6.039395451545715,
    5.861110895872116,
    5.846382230520248,
    5.682122349739075,
    5.8222047090530396,
    6.342622995376587,
    5.9254585057497025,
    5.049969717860222,
    4.864292919635773,
    4.598128788173199,
    3.906944598071277,
    2.6886822655797005,
    2.1524886367842555,
    1.4762708111666143,
    1.6506625330075622,
    1.5727527402341366,
    1.948525007814169,
    3.0253372713923454
  ],
  "S_mean": [
    6.638937145471573,
    5.836060106754303,
    5.635055631399155,
    5.7752231657505035,
    5.736430674791336,
    5.536529928445816,
    5.519482970237732,
    5.273555874824524,
    5.2665877640247345,
    5.108711212873459,
    4.824585467576981,
    4.70319277048111,
    4.7747118175029755,
    4.903958737850189,
    4.843599796295166,
    4.640273422002792,
    4.4331779181957245,
    4.545537829399109,
    4.508701264858246,
    4.414105713367462,
    4.529449254274368,
    4.601620987057686,
    4.557515233755112,
    4.286573722958565,
    4.185717210173607,
    3.834511235356331,
    3.724657863378525,
    3.3293777406215668,
    3.0271479189395905
  ]
}