{
  "experiment": "Time Crystal Dynamics",
  "no_ratchet": {
    "T": [
      3.3792717456817627,
      3.7220592498779297,
      0.020898470655083656,
      3.028568744659424,
      0.28182005882263184,
      0.03334163501858711,
      0.14434881508350372,
      0.0024061710573732853,
      1.4928863048553467,
      3.0051145553588867,
      0.08257240056991577,
      0.27992719411849976,
      0.0069193546660244465,
      0.0003147859242744744,
      0.0008983940933831036,
      0.1072825938463211,
      0.1391184777021408,
      1.0949513912200928,
      0.6874141097068787,
      0.0034826966002583504,
      4.116060256958008,
      7.001441478729248,
      5.596985340118408,
      1.017662763595581,
      4.139779567718506,
      6.481137275695801,
      0.10419629514217377,
      6.51383113861084,
      7.559209823608398,
      6.546571731567383,
      5.362921237945557,
      0.15595179796218872,
      1.8094234466552734,
      3.363894462585449,
      1.875864028930664,
      0.5583082437515259,
      2.3160486221313477,
      0.4985901117324829,
      0.011991459876298904,
      0.01351623423397541
    ],
    "U": [
      198.56163024902344,
      185.13595581054688,
      194.62924194335938,
      172.1339569091797,
      178.87069702148438,
      186.754150390625,
      171.22450256347656,
      144.10421752929688,
      202.0444793701172,
      175.6175079345703,
      169.11146545410156,
      144.6124725341797,
      156.81370544433594,
      164.96839904785156,
      167.92884826660156,
      163.41729736328125,
      172.61781311035156,
      88.55000305175781,
      128.85877990722656,
      167.82493591308594,
      173.0458221435547,
      206.84446716308594,
      202.37413024902344,
      218.46983337402344,
      223.59217834472656,
      210.12625122070312,
      209.16131591796875,
      222.02081298828125,
      208.2952117919922,
      170.78335571289062,
      170.17323303222656,
      194.49942016601562,
      202.25982666015625,
      210.25238037109375,
      171.83863830566406,
      210.27598571777344,
      214.58680725097656,
      193.632568359375,
      168.37733459472656,
      154.0931396484375
    ],
    "S": [
      3.7313241958618164,
      4.053353309631348,
      3.6874427795410156,
      4.5991411209106445,
      4.267345428466797,
      3.9343955516815186,
      4.841449737548828,
      4.699753761291504,
      3.180380344390869,
      4.121437072753906,
      3.774509906768799,
      4.132386207580566,
      4.743335723876953,
      3.9625258445739746,
      5.054652214050293,
      4.205510139465332,
      3.5591824054718018,
      4.838836669921875,
      3.633437156677246,
      4.6184797286987305,
      3.3534326553344727,
      3.058746337890625,
      3.305002212524414,
      3.077200412750244,
      2.83504581451416,
      2.8217484951019287,
      3.115180730819702,
      2.6740307807922363,
      2.923557758331299,
      3.263850212097168,
      4.322880744934082,
      3.1123127937316895,
      3.7743265628814697,
      3.284885883331299,
      4.770103454589844,
      3.453022003173828,
      3.3740878105163574,
      3.5856943130493164,
      4.1225175857543945,
      4.418268203735352
    ],
    "osc": 0.3345809105760128
  },
  "ratchet": {
    "0.005": {
      "T": [
        4.736499309539795,
        3.701483964920044,
        5.00700569152832,
        4.595017910003662,
        4.14905309677124,
        6.854019641876221,
        5.925678253173828,
        3.4145829677581787,
        4.873394012451172,
        2.7462997436523438,
        5.246417045593262,
        6.151317596435547,
        4.878302574157715,
        2.9111456871032715,
        5.073875427246094,
        6.564640998840332,
        5.0484209060668945,
        3.0262162685394287,
        3.927673101425171,
        4.085782527923584,
        3.8212757110595703,
        4.507879257202148,
        4.854691505432129,
        5.970342636108398,
        2.8942582607269287,
        4.6501665115356445,
        2.2571158409118652,
        4.6707305908203125,
        4.159255504608154,
        2.4864416122436523,
        3.437089443206787,
        3.5374155044555664,
        3.376805067062378,
        2.9008736610412598,
        2.9155948162078857,
        3.849804401397705,
        1.3561359643936157,
        1.0526643991470337,
        4.4080352783203125,
        5.860628604888916
      ],
      "U": [
        203.4504852294922,
        182.42564392089844,
        187.39926147460938,
        198.6792449951172,
        212.84686279296875,
        185.60556030273438,
        187.84107971191406,
        206.10986328125,
        147.70191955566406,
        200.28433227539062,
        207.78150939941406,
        198.08773803710938,
        194.2843780517578,
        205.61277770996094,
        159.57632446289062,
        207.69493103027344,
        195.43331909179688,
        217.3671417236328,
        216.36436462402344,
        207.37033081054688,
        189.94517517089844,
        207.91200256347656,
        209.4298095703125,
        194.6808624267578,
        193.92271423339844,
        177.91200256347656,
        209.08670043945312,
        207.4144287109375,
        183.52659606933594,
        189.86036682128906,
        223.50808715820312,
        207.9977264404297,
        223.54632568359375,
        196.42247009277344,
        211.1556396484375,
        213.46749877929688,
        168.73281860351562,
        174.78321838378906,
        168.89785766601562,
        201.09141540527344
      ],
      "S": [
        3.304490089416504,
        3.491641044616699,
        3.5273094177246094,
        2.8739709854125977,
        2.517575740814209,
        2.9311866760253906,
        3.3011789321899414,
        2.858367681503296,
        3.3782267570495605,
        2.8304383754730225,
        2.659188747406006,
        2.9222848415374756,
        2.909498929977417,
        3.1603078842163086,
        3.4196114540100098,
        2.6816935539245605,
        2.9082565307617188,
        2.718499183654785,
        2.6842541694641113,
        2.6126155853271484,
        3.0003581047058105,
        2.6034579277038574,
        2.8315019607543945,
        3.108322858810425,
        3.185163974761963,
        3.014464855194092,
        2.692169666290283,
        2.6550941467285156,
        3.0475945472717285,
        2.83160400390625,
        2.4721949100494385,
        2.8524937629699707,
        2.5435822010040283,
        3.085099458694458,
        2.670175075531006,
        2.511171340942383,
        3.1044530868530273,
        2.9471638202667236,
        3.4581046104431152,
        2.569288730621338
      ],
      "osc": 0.20725274683836878
    },
    "0.01": {
      "T": [
        6.80402135848999,
        5.225607872009277,
        5.93868350982666,
        4.934632301330566,
        2.2445626258850098,
        7.128461837768555,
        6.717869281768799,
        2.099595546722412,
        1.3953237533569336,
        3.3521275520324707,
        3.637284278869629,
        1.6760215759277344,
        4.3440680503845215,
        3.8360953330993652,
        2.7760348320007324,
        5.464949607849121,
        5.3452253341674805,
        2.578472852706909,
        6.88625431060791,
        3.4604358673095703,
        5.6659345626831055,
        6.572303295135498,
        4.080301284790039,
        0.623793363571167,
        5.322864532470703,
        2.6629550457000732,
        5.566669940948486,
        4.0816264152526855,
        4.399048805236816,
        4.63384485244751,
        3.9366393089294434,
        3.2941627502441406,
        5.292534828186035,
        4.913734436035156,
        7.200953483581543,
        5.514466762542725,
        5.882483005523682,
        4.853821754455566,
        4.595052719116211,
        4.358053207397461
      ],