{
  "experiment": "Input-Dependent Phase Transition",
  "categories": {
    "natural": {
      "L0": 15.684351846851504,
      "r2": 0.9752125321297178
    },
    "scientific": {
      "L0": 19.900061865587105,
      "r2": 0.9700643298210431
    },
    "code": {
      "L0": 19.21177034366834,
      "r2": 0.9717373510127046
    },
    "math": {
      "L0": 21.446776318125128,
      "r2": 0.9754524558297035
    }
  },
  "summary": {
    "mean_L0": 19.06074009355802,
    "std_L0": 2.1107130093226076,
    "cv": 0.11073615184674251,
    "is_input_independent": "False"
  }
}