{
  "experiment": "Specific Heat and Phase Transitions",
  "results": {
    "0.5B": {
      "model": "0.5B",
      "n_layers": 25,
      "critical_idx": 1,
      "critical_depth": 0.042,
      "sign_changes": [
        4,
        7,
        9,
        12,
        14,
        15,
        17,
        20,
        22,
        23
      ],
      "max_C": 3.2878
    },
    "1.5B": {
      "model": "1.5B",
      "n_layers": 29,
      "critical_idx": 1,
      "critical_depth": 0.036,
      "sign_changes": [
        2,
        3,
        7,
        8,
        11,
        13,
        15,
        18,
        19,
        24
      ],
      "max_C": 2.3491
    }
  },
  "profiles": {
    "0.5B": {
      "T": [
        0.0003405549271673866,
        5.484221408764522,
        6.575904925664266,
        6.280764659245809,
        6.757897933324178,
        6.844234744707744,
        6.494892239570618,
        6.0291537046432495,
        6.145780920982361,
        6.629385789235433,
        6.720397035280864,
        6.542971342802048,
        5.856366405884425,
        6.130079030990601,
        6.513504544893901,
        6.243365049362183,
        5.610665202140808,
        6.7912328243255615,
        6.565243184566498,
        5.7276573578516645,
        3.112265589336554,
        2.2168707698583603,
        3.344073814650377,
        2.4862640077869096,
        2.8412767673532167
      ],
      "C_T": [
        5.483880853837354,
        3.287782185368549,
        0.3982716252406435,
        0.09099650382995605,
        0.2817350427309675,
        -0.13150284687678004,
        -0.40754052003224706,
        -0.17455565929412842,
        0.30011604229609157,
        0.28730805714925145,
        -0.04320722321669246,
        -0.4320153146982193,
        -0.20644615590572357,
        0.32856906950473785,
        0.056643009185791016,
        -0.45141967137654637,
        0.27393388748168945,
        0.47728899121284485,
        -0.5317877332369485,
        -1.7264887976149719,
        -1.7553932939966521,
        0.11590411265691136,
        0.13469661896427465,
        -0.25139852364858006,
        0.35501275956630707
      ],
      "chi": [
        4.0838476989788197e-07,
        3.4278229903628783,
        1.17530030454929,
        2.564254273280306,
        0.20329100965287558,
        0.49131822525155483,
        1.785482896442474,
        2.4969890581725216,
        1.8906293313744271,
        0.8961764559670781,
        1.6073911159597654,
        3.0990423218957943,
        4.68097326057757,
        4.838336769915391,
        3.3292033491048656,
        3.7236001968412324,
        3.5302770322086445,
        0.7995702110152365,
        3.3039683941819753,
        2.9334537221148076,
        6.976009828826279,
        2.7350216399081475,
        4.029604393615874,
        2.3864896198185765,
        1.1537843551844695
      ]
    },
    "1.5B": {
      "T": [
        4.2378617323495273e-05,
        4.1265392154455185,
        4.698313385248184,
        4.327575157086055,
        4.5775552491347,
        5.397838652133942,
        5.121126373608907,
        5.765567700068156,
        5.57152400414149,
        5.533361752827962,
        5.948670109113057,
        6.2519216140111284,
        6.128790378570557,
        6.184560219446818,
        6.105413436889648,
        6.385736107826233,
        6.815261085828145,
        6.314131438732147,
        5.387726326783498,
        6.002224405606587,
        5.433346251646678,
        4.825466970602672,
        2.480001193781694,
        1.7763984066744645,
        1.1154032181948423,
        1.315235685557127,
        1.2159038515140612,
        1.796856340020895,
        2.9754920502503714
      ],
      "C_T": [
        4.126496836828195,
        2.34913550331543,
        0.10051797082026814,
        -0.0603790680567422,
        0.5351317475239434,
        0.2717855622371035,
        0.18386452396710729,
        0.2251988152662916,
        -0.11610297362009714,
        0.1885730524857836,
        0.35927993059158325,
        0.09006013472874974,
        -0.03368069728215506,
        -0.011688470840454102,
        0.10058794418970729,
        0.3549238244692483,
        -0.03580233454704285,
        -0.7137673795223236,
        -0.1559535165627799,
        0.02280996243159006,
        -0.5883787175019579,
        -1.476672528932492,
        -1.5245342819641037,
        -0.6822989877934258,
        -0.23058136055866874,
        0.05025031665960944,
        0.240810327231884,
        0.8797940993681551,
        1.1786357102294764
      ],
      "chi": [
        7.189904470883613e-09,
        4.1443720695429045,
        1.9636509323335005,
        2.6937847497493443,
        3.415765387110896,
        3.371487612965364,
        2.614709656538194,
        1.7965107594240266,
        2.3284957420295167,
        2.103403901138462,
        1.9137211191074528,
        1.1434536203155576,
        0.843342674344664,
        0.7842845484894508,
        0.7430091330243537,
        0.7724843045527953,
        0.6102029978104784,
        1.4349337172001917,
        3.550898665199805,
        1.5217272314633288,
        3.2826522769304103,
        2.1532875860730623,
        1.9774899704155178,
        1.3612122116466991,
        1.1296103619455844,
        0.7393688547075796,
        0.8999309795786683,
        1.35339548596414,
        2.1550372185254867
      ]
    }
  }
}