{
  "experiment": "Entropy Production",
  "results": {
    "0.5B": {
      "model": "0.5B",
      "mean_sigma": [
        5.461646808715915,
        1.1621102273464203,
        -0.3700244426727295,
        0.16758086681365966,
        -0.0843701958656311,
        0.13492554426193237,
        -0.12285864353179932,
        -0.24595465660095214,
        0.5412859439849853,
        0.02701148986816406,
        0.013011366128921509,
        -0.6379616022109985,
        0.3654631793498993,
        0.21019604206085205,
        -0.5771654963493347,
        -0.5265649437904358,
        1.2488206386566163,
        -0.2947071433067322,
        -0.2979708552360535,
        -2.344129441678524,
        -0.940946327149868,
        1.3326659306883812,
        -1.086733803153038,
        0.0604621022939682
      ],
      "std_sigma": [
        1.7988191001781573,
        1.2010669209762643,
        1.421635168134477,
        1.4138687074693344,
        0.9533121777786421,
        1.5543644625158444,
        1.4845631874545306,
        1.201319169129344,
        0.718981347910825,
        0.8108197575900328,
        1.041253876175383,
        0.9237424036019299,
        0.5552138232680046,
        0.7683976748048456,
        1.4519956616165182,
        1.397941579531321,
        1.5355971324803497,
        1.4842130402380473,
        1.5746144002312341,
        1.9195992445075747,
        1.5477376935901812,
        0.851747284681431,
        0.9772494477848183,
        1.420108393430293
      ],
      "mean_kl_adjacent": [
        17.490805912017823,
        1.66158746778965,
        1.2448321461677552,
        1.3643543720245361,
        1.428096929192543,
        1.515596431493759,
        1.4307769805192947,
        1.2806451946496964,
        0.8744786411523819,
        0.4974962487816811,
        0.45262578427791594,
        0.49153756722807884,
        0.390114052221179,
        0.361948249489069,
        0.6999218046665192,
        0.8301808878779411,
        0.7451906092464924,
        0.4987355642020702,
        0.4822862409055233,
        1.0152528300881385,
        0.6150285506621003,
        0.4810109050944448,
        0.3876639875583351,
        1.236994667351246
      ],
      "mean_T": [
        0.00020450797452962972,
        5.461851316690445,
        6.623961544036865,
        6.253937101364135,
        6.421517968177795,
        6.337147772312164,
        6.472073316574097,
        6.349214673042297,
        6.103260016441345,
        6.64454596042633,
        6.671557450294495,
        6.6845688164234165,
        6.046607214212417,
        6.412070393562317,
        6.622266435623169,
        6.045100939273834,
        5.518535995483399,
        6.767356634140015,
        6.472649490833282,
        6.174678635597229,
        3.830549193918705,
        2.889602866768837,
        4.222268797457218,
        3.13553499430418
      ],
      "negative_frac": [
        0.0,
        0.05,
        0.5,
        0.6,
        0.5,
        0.5,
        0.7,
        0.5,
        0.15,
        0.5,
        0.45,
        0.8,
        0.3,
        0.35,
        0.55,
        0.75,
        0.25,
        0.4,
        0.55,
        0.9,
        0.65,
        0.05,
        0.95,
        0.4
      ],
      "total_sigma": 3.1957925886236183,
      "max_sigma_layer": 0
    },
    "1.5B": {
      "model": "1.5B",
      "mean_sigma": [
        3.5444850010434314,
        0.6081825643777847,
        -0.09517757296562195,
        0.34986927807331086,
        0.49949927926063536,
        -0.23589617013931274,
        0.49125776886940004,
        -0.07696709036827087,
        -0.24245688021183015,
        0.4029052764177322,
        0.3675460457801819,
        -0.17740290760993957,
        0.07247153520584107,
        -0.03706183433532715,
        0.380830854177475,
        0.38139435052871706,
        -0.3313168823719025,
        -0.49448487162590027,
        0.04213249683380127,
        -0.7758471131324768,
        -0.851546260714531,
        -1.6955875322222709,
        -0.5034549094736576,
        -0.41829062141478063,
        0.1913010325282812,
        0.12012804485857487,
        0.7320600662380456,
        1.189635732024908
      ],
      "std_sigma": [
        2.159751101805087,
        1.4881871292218047,
        1.1524762526173264,
        1.0601631650353724,
        1.084312522045678,
        1.0762905966349003,
        0.885289124374131,
        0.9275023343340764,
        1.2486174313115261,
        0.9778156928504057,
        0.8078194859313936,
        1.3058850294964373,
        0.9197859607338736,
        0.6908834129053516,
        0.5803829223374135,
        0.7170119571024205,
        0.7114292992457056,
        1.579843602904415,
        1.425889604940771,
        1.0389858522707769,
        1.1692654597166132,
        1.4272651605413957,
        1.035938152685152,
        0.6308764315443136,
        0.3956010237577815,
        0.649428709560065,
        0.8264956561774903,
        1.2298988610681363
      ],
      "mean_kl_adjacent": [
        18.36789140701294,
        1.9811815738677978,
        1.5239712104201317,
        0.9748957648873329,
        1.205338916555047,
        1.3378707475960254,
        1.3570397838950157,
        1.3972509533166886,
        1.136766666918993,
        0.8458656392991543,
        0.6847795091569424,
        0.7334833949804306,
        0.499959173053503,
        0.44352692626416684,
        0.3565723918378353,
        0.37612862326204777,
        0.35013348795473576,
        0.5293342148885131,
        0.6091305986046791,
        0.6836427316069603,
        0.6844497317448258,
        0.9241827726364136,
        0.553052529040724,
        0.27461762744933366,
        0.9082770062610507,
        0.4668337168637663,
        0.5942561318166554,
        1.8180161654949187
      ],
      "mean_T": [
        2.551250065095205e-05,
        3.5445105135440826,
        4.152693077921867,
        4.057515504956245,
        4.407384783029556,
        4.9068840622901915,
        4.670987892150879,
        5.162245661020279,
        5.085278570652008,
        4.842821690440178,
        5.2457269668579105,
        5.613273012638092,
        5.435870105028153,
        5.5083416402339935,
        5.471279805898666,
        5.852110660076141,
        6.233505010604858,
        5.902188128232956,
        5.407703256607055,
        5.449835753440857,
        4.67398864030838,
        3.8224423795938494,
        2.126854847371578,
        1.6233999378979207,
        1.20510931648314,
        1.3964103490114212,
        1.5165383938699961,
        2.2485984601080418
      ],
      "negative_frac": [
        0.0,
        0.25,
        0.6,
        0.35,
        0.25,
        0.6,
        0.25,
        0.65,
        0.55,
        0.2,
        0.3,
        0.55,
        0.6,
        0.55,
        0.25,
        0.3,
        0.6,
        0.65,
        0.4,
        0.75,
        0.9,
        0.9,
        0.7,
        0.8,
        0.35,
        0.4,
        0.15,
        0.15
      ],
      "total_sigma": 3.438208679632299,
      "max_sigma_layer": 0
    }
  }
}