{
  "experiment": "Chern Number",
  "results": {
    "0.5B": {
      "avg_berry_phase": -0.3436,
      "avg_chern_raw": -0.0547,
      "chern_number": 0,
      "avg_chern_frac": 0.1024,
      "berry_curvature": [
        0.423986,
        0.014531,
        -0.008066,
        -0.006974,
        0.016561,
        -0.005639,
        -0.008146,
        0.003629,
        0.021004,
        -0.027783,
        0.031156,
        -0.033433,
        0.011073,
        0.004688,
        -0.003687,
        -0.001333,
        0.014575,
        -0.017141,
        -0.001444,
        0.005182,
        -0.00151,
        0.009671,
        0.056811
      ],
      "winding_number": -0.0547,
      "quantized": true
    },
    "1.5B": {
      "avg_berry_phase": -0.6836,
      "avg_chern_raw": -0.1088,
      "chern_number": 0,
      "avg_chern_frac": 0.2065,
      "berry_curvature": [
        0.713703,
        -0.03803,
        0.011491,
        0.00631,
        -0.016054,
        0.005634,
        -0.000106,
        0.0059,
        0.003271,
        -0.01448,
        0.005875,
        0.005958,
        -0.000678,
        -0.000167,
        -0.005223,
        0.008873,
        0.003427,
        -0.013088,
        0.005434,
        -0.007755,
        0.005633,
        -0.000709,
        -0.004433,
        0.004797,
        0.001976,
        0.003646,
        -0.016449
      ],
      "winding_number": -0.1088,
      "quantized": true
    }
  }
}