{
  "experiment": "Negative Specific Heat Universality",
  "results": [
    {
      "model_name": "Qwen2.5-1.5B",
      "Cv": -39.949115991925346,
      "r": -0.6440899837944971,
      "p": 0.00021678033240739568,
      "pct_negative": 57.14285714285714,
      "mean_U": [
        0.9088503867387772,
        19.548155784606934,
        24.387500286102295,
        31.13607883453369,
        36.55437135696411,
        42.59856128692627,
        42.62440729141235,
        45.667747020721436,
        46.79640007019043,
        49.87529945373535,
        53.19855785369873,
        57.36431646347046,
        56.840638160705566,
        57.38593864440918,
        61.04383420944214,
        60.654595375061035,
        62.95732355117798,
        63.48037147521973,
        68.31490516662598,
        74.18840599060059,
        83.59852981567383,
        93.48053646087646,
        115.49046611785889,
        138.93926239013672,
        166.76966285705566,
        203.04702949523926,
        239.8146209716797,
        308.69989013671875,
        182.86151123046875
      ],
      "mean_T": [
        4.685287715634694e-07,
        2.4124844951252067,
        2.1020134332799714,
        1.2055990901905613,
        1.717631639849853,
        3.8525161143011903,
        3.1563794995188665,
        3.4786127858602143,
        4.012779674788327,
        3.888322702832056,
        3.011219409610021,
        3.4168039245396358,
        3.43805407943546,
        3.5174072202098614,
        3.4707687880145386,
        3.471947278594598,
        3.4841693034104537,
        3.4979934224611497,
        2.795013773138635,
        2.5289859907679784,
        2.1145908501930535,
        1.2891705576330423,
        0.8071825914084911,
        0.725519159110263,
        0.9205932300537825,
        0.8212776365689933,
        0.8846143879927695,
        1.2278706599026918,
        1.4852324835956097
      ]
    },
    {
      "model_name": "Qwen2.5-0.5B",
      "Cv": -20.079017444427286,
      "r": -0.6601567461706245,
      "p": 0.00044750306523856545,
      "pct_negative": 50.0,
      "mean_U": [
        0.4298136308789253,
        5.696640491485596,
        8.216320276260376,
        9.352776527404785,
        11.03799283504486,
        12.25006365776062,
        13.722696423530579,
        14.720955967903137,
        15.012441039085388,
        15.463489294052124,
        15.762332081794739,
        16.709705233573914,
        16.452232122421265,
        17.96704363822937,
        18.408416986465454,
        20.741256713867188,
        23.25301718711853,
        27.657097339630127,
        33.28920817375183,
        37.96350955963135,
        44.45010471343994,
        57.10101509094238,
        72.21317195892334,
        79.35253524780273,
        266.50307846069336
      ],
      "mean_T": [
        2.525226728649229e-06,
        4.839303836226463,
        5.210962682962418,
        5.604501664638519,
        5.529286324977875,
        5.546834051609039,
        5.42100977897644,
        5.71805402636528,
        5.450596898794174,
        6.065316289663315,
        6.667913258075714,
        6.630946636199951,
        6.47094851732254,
        6.8414846658706665,
        6.678839206695557,
        7.187061309814453,
        5.906124472618103,
        5.498659789562225,
        6.185338169336319,
        5.788660287857056,
        3.1899503022432327,
        1.4259787015616894,
        1.9951255228370428,
        1.9199044033885002,
        1.6948235020972788
      ]
    },
    {
      "model_name": "TinyLlama-1.1B",
      "Cv": -5.697840749274843,
      "r": -0.7230235371100064,
      "p": 9.712189822015801e-05,
      "pct_negative": 54.54545454545454,
      "mean_U": [
        0.4597846120595932,
        0.7259331196546555,
        0.9131850898265839,
        1.0591061115264893,
        1.3657188266515732,
        1.8581197261810303,
        2.2417529821395874,
        2.5712051391601562,
        3.1309879422187805,
        3.5693813264369965,
        4.095486223697662,
        4.657999515533447,
        5.054243683815002,
        5.831106126308441,
        6.761068820953369,
        7.695300459861755,
        8.787253499031067,
        11.286053895950317,
        13.679897546768188,
        17.606539011001587,
        23.094090700149536,
        27.323402643203735,
        86.09021663665771
      ],
      "mean_T": [
        5.853470651432872,
        7.4270129054784775,
        7.707394108176231,
        7.724364697933197,
        7.792230010032654,
        7.532644689083099,
        7.368853211402893,
        7.553434640169144,
        7.26171401143074,
        7.320000946521759,
        7.162594318389893,
        8.011423885822296,
        8.123865246772766,
        7.879697799682617,
        7.893143475055695,
        7.726603150367737,
        7.3608925342559814,
        5.183659449219704,
        4.030012123286724,
        2.6446801433339715,
        1.6929449550807476,
        1.3982730312272906,
        1.7370003834366798
      ]
    }
  ],
  "summary": {
    "all_negative": true,
    "all_significant": true,
    "cv_mean": -21.908658061875826,
    "cv_std": 14.042747891793683
  }
}