{
  "experiment": "Season 33 Synthesis - Predictive Applications",
  "total_experiments": 374,
  "results": {
    "phase367_hallucination": {
      "0.5B": {
        "auroc": 0.984375,
        "feature_importances": {
          "T_final": 0.023851285838021784,
          "T_mean": 0.0050285321778512524,
          "T_var": 0.013550843624644923,
          "U_final": 0.4355017396722476,
          "U_growth": 0.10761272982251828,
          "PR_final": 0.07386463264483166,
          "PR_growth": 0.00026168367570009215,
          "Mach": 0.0009181697106620403,
          "Carnot_eta": 0.00018487562185932614,
          "Entropy_prod": 0.14698193748200736
        },
        "factual_means": {
          "T_final": 2.5064583867788315,
          "T_mean": 5.593175550591559,
          "T_var": 5.589581445044238,
          "U_final": 261.9829406738281,
          "U_growth": 606.0549866941866,
          "PR_final": 14.46505559830135,
          "PR_growth": 0.04966451468951991,
          "Mach": 5.0680579724450965,
          "Carnot_eta": 0.9999955098911381,
          "Entropy_prod": 27.78648080680977
        },
        "halluc_means": {
          "T_final": 3.6066223978996277,
          "T_mean": 5.909727941660041,
          "T_var": 5.497619718314011,
          "U_final": 305.1324119567871,
          "U_growth": 739.8375600277316,
          "PR_final": 5.596202682009993,
          "PR_growth": 0.018832212615866786,
          "Mach": 5.056035915464747,
          "Carnot_eta": 0.9999993389024507,
          "Entropy_prod": 29.485003204905077
        }
      },
      "1.5B": {
        "auroc": 0.84375,
        "feature_importances": {
          "T_final": 0.03639255891594376,
          "T_mean": 0.1768552505313797,
          "T_var": 0.48326904423224903,
          "U_final": 0.18586640273846777,
          "U_growth": 0.036947506080828,
          "PR_final": 1.15828024017692,
          "PR_growth": 0.001631056258252998,
          "Mach": 0.024131619002254686,
          "Carnot_eta": 0.0014412362569927028,
          "Entropy_prod": 0.35578437914386446
        },
        "factual_means": {
          "T_final": 2.3636721605435014,
          "T_mean": 4.338684110050861,
          "T_var": 6.067160574239567,
          "U_final": 169.499361038208,
          "U_growth": 184.61161340214196,
          "PR_final": 6.45167012476313,
          "PR_growth": 0.011311681866631486,
          "Mach": 4.221587421963513,
          "Carnot_eta": 0.9999997224997621,
          "Entropy_prod": 25.210843935153488
        },
        "halluc_means": {
          "T_final": 3.2688777446746826,
          "T_mean": 4.217476754419659,
          "T_var": 4.0531648688409065,
          "U_final": 203.45129013061523,
          "U_growth": 238.72700595973757,
          "PR_final": 6.227893073203714,
          "PR_growth": 0.010662713199930791,
          "Mach": 3.7985015718165083,
          "Carnot_eta": 0.9999996508401019,
          "Entropy_prod": 28.93464042153366
        }
      }
    },
    "phase368_pruning": {
      "0.5B": {
        "L0": 0,
        "n_layers": 24,
        "layer_kl": [
          NaN,
          NaN,
          NaN,
          NaN,
          NaN,
          NaN,
          NaN,
          NaN,
          NaN,
          NaN,
          NaN,
          NaN,
          NaN,
          NaN,
          NaN,
          NaN,
          NaN,
          NaN,
          NaN,
          NaN,
          NaN,
          NaN,
          NaN,
          NaN
        ],
        "pre_transition_kl": 0,
        "transition_kl": NaN,
        "post_transition_kl": NaN,
        "most_prunable_layers": [
          0,
          1,
          2
        ],
        "least_prunable_layers": [
          21,
          22,
          23
        ]
      },
      "1.5B": {
        "L0": 4,
        "n_layers": 28,
        "layer_kl": [
          NaN,
          NaN,
          NaN,
          NaN,
          NaN,
          NaN,
          NaN,
          NaN,
          NaN,
          NaN,
          NaN,
          NaN,
          NaN,
          NaN,
          NaN,
          NaN,
          NaN,
          NaN,
          NaN,
          NaN,
          NaN,
          NaN,
          NaN,
          NaN,
          NaN,
          NaN,
          NaN,
          NaN
        ],
        "pre_transition_kl": NaN,
        "transition_kl": NaN,
        "post_transition_kl": NaN,
        "most_prunable_layers": [
          0,
          1,
          2
        ],
        "least_prunable_layers": [
          25,
          26,
          27
        ]
      }
    },
    "phase369_difficulty": {
      "0.5B": {
        "correlations": {
          "T_final": {
            "r": 0.10229493621181832,
            "p": 0.7061889227504173
          },
          "T_mean": {
            "r": -0.5596557203547786,
            "p": 0.024179370276061114
          },
          "T_max": {
            "r": -0.22877402612761016,
            "p": 0.39407386716504633
          },
          "U_final": {
            "r": 0.47960842889091787,
            "p": 0.060119031170017545
          },
          "U_growth": {
            "r": 0.5741853984010936,
            "p": 0.02001594339520188
          },
          "PR_final": {
            "r": -0.23424325790972583,
            "p": 0.38254895991397564
          },
          "dT_max": {
            "r": 0.09603848825770522,
            "p": 0.7234800553271672
          },
          "mach": {
            "r": -0.3932265805348481,
            "p": 0.13186427937137485
          },
          "eta": {
            "r": 0.026209138148436353,
            "p": 0.9232441173221733
          }
        },
        "best_single_predictor": "U_growth",
        "best_single_r": 0.5741853984010936,
        "multi_feature_r2": 0.7288752859935717,
        "perplexities": [
          28.801469954719842,
          3.92047836919028,
          37.668878425791064,
          42.112757499097384,
          16.53505422707692,
          11.429222343190705,
          4.050936436932546,
          3.1404673573384096,
          5.8241493737256205,
          8.853392123253673,
          20.621162098936207,
          34.929853529065,
          554.4692133978168,
          33.538303037915796,
          3539.0030486778587,
          602.3811294264952
        ],
        "prompt_count": 16
      },
      "1.5B": {
        "correlations": {
          "T_final": {
            "r": 0.4060496520718821,
            "p": 0.11862516476773088
          },
          "T_mean": {
            "r": 0.23802505782308916,
            "p": 0.3746884854533653
          },
          "T_max": {
            "r": 0.28074334878656326,
            "p": 0.29222568271301164
          },
          "U_final": {
            "r": 0.536690242350885,
            "p": 0.03207924285005566
          },
          "U_growth": {
            "r": 0.44549261505999044,
            "p": 0.08374856425236347
          },
          "PR_final": {
            "r": -0.2461740660386923,
            "p": 0.3580556706964811
          },
          "dT_max": {
            "r": 0.4228928030167826,
            "p": 0.10268059730081708
          },
          "mach": {
            "r": -0.28351550232275496,
            "p": 0.2872832527057119
          },
          "eta": {
            "r": 0.1277456317644658,
            "p": 0.6373033744729435
          }
        },
        "best_single_predictor": "U_final",
        "best_single_r": 0.536690242350885,
        "multi_feature_r2": 0.724031785369159,
        "perplexities": [
          47.733160027547605,
          11.112809580823882,
          27.535292616383895,
          47.54213512306932,
          11.244656368628158,
          8.852385322622082,
          3.9035122553397272,
          3.2288785417544137,
          5.39821667717827,
          5.105511022775039,
          15.714469753473086,
          16.26288623206095,
          297.1934116052468,
          38.317626974903355,
          1006.6247069940304,
          419.57438863894015
        ],