{
  "experiment": "Thermodynamic Pruning",
  "results": {
    "0.5B": {
      "model": "0.5B",
      "n_layers": 24,
      "mean_dT": [
        5.282380614493877,
        1.5670652786890666,
        0.7133337259292603,
        0.5466430981953939,
        0.7398678859074911,
        0.604487935702006,
        0.9285441239674886,
        0.6768912076950073,
        1.1494261423746746,
        1.04509437084198,
        0.5606679817040762,
        0.754663864771525,
        0.4473792612552643,
        0.6434614658355713,
        0.9005446831385294,
        1.0728124976158142,
        1.0043860872586567,
        0.5314546426137289,
        1.3723815282185872,
        2.5395164812604585,
        1.1487676973144214,
        1.1493903398513794,
        0.6973625421524048,
        0.9843572378158569
      ],
      "mean_cos": [
        0.10168048428992431,
        0.8168607701857885,
        0.8702605366706848,
        0.8502797931432724,
        0.8449831455945969,
        0.8275623073180517,
        0.8424529085556666,
        0.8848214646180471,
        0.919027661283811,
        0.9544071406126022,
        0.9583076337973276,
        0.9529565622409185,
        0.957617829243342,
        0.9639881898959478,
        0.9435452967882156,
        0.9396493434906006,
        0.9498738596836726,
        0.9573352734247843,
        0.9673111885786057,
        0.9548661112785339,
        0.9384871621926626,
        0.9371654689311981,
        0.9546265949805578,
        0.4103804404536883
      ],
      "mean_dP1": [
        0.7703942603742083,
        0.18073255537698665,
        0.11907606199383736,
        0.07579700679828723,
        0.09390301893775661,
        0.059364116905877985,
        0.12345926618824403,
        0.12599741698553166,
        0.152277252326409,
        0.1460874369367957,
        0.06387699395418167,
        0.0852824739801387,
        0.04395002623399099,
        0.09029003108541171,
        0.10543269633005063,
        0.11428936400140326,
        0.129874338551114,
        0.06372985600804289,
        0.1387052328015367,
        0.2962271391103665,
        0.13320486464848122,
        0.15615676095088324,
        0.10665656377871831,
        0.21965594465533891
      ],
      "redundancy": [
        0.0,
        0.0,
        0.21976792288539188,
        0.35626196638489177,
        0.1991666874854623,
        0.3078803553653094,
        0.052766183690833524,
        0.24987174035594162,
        0.0,
        0.0,
        0.3941220398009693,
        0.21385609130523184,
        0.5059411415439934,
        0.31266634854584885,
        0.08394672935467369,
        0.0,
        0.0,
        0.4199686524022048,
        0.0,
        0.0,
        0.0,
        0.0,
        0.2580920696520161,
        0.0050094058929865265
      ],
      "layer_ranking": [
        12,
        17,
        10,
        3,
        13,
        5,
        22,
        7,
        2,
        11,
        4,
        14,
        6,
        23,
        0,
        1,
        8,
        9,
        15,
        16,
        18,
        19,
        20,
        21
      ],
      "baseline": {
        "entropy": 2.495982974767685,
        "p1": 0.4251296631991863
      },
      "skip_results": {
        "1": {
          "entropy": 2.918403148651123,
          "p1": 0.3893698528409004,
          "n_skip": 1,
          "skip_layers": [
            12
          ],
          "entropy_change": 0.4224201738834381,
          "p1_change": -0.035759810358285904
        },
        "2": {
          "entropy": 3.6484697461128235,
          "p1": 0.28476670756936073,
          "n_skip": 2,
          "skip_layers": [
            12,
            17
          ],
          "entropy_change": 1.1524867713451385,
          "p1_change": -0.1403629556298256
        },
        "3": {
          "entropy": 3.7982457876205444,
          "p1": 0.26870589703321457,
          "n_skip": 3,
          "skip_layers": [
            10,
            12,
            17
          ],
          "entropy_change": 1.3022628128528595,
          "p1_change": -0.15642376616597176
        },
        "4": {
          "entropy": 4.174046993255615,
          "p1": 0.2431130576878786,
          "n_skip": 4,
          "skip_layers": [
            3,
            10,
            12,
            17
          ],
          "entropy_change": 1.6780640184879303,
          "p1_change": -0.18201660551130772
        },
        "5": {
          "entropy": 4.060660183429718,
          "p1": 0.27475872822105885,
          "n_skip": 5,
          "skip_layers": [
            3,
            10,
            12,
            13,
            17
          ],
          "entropy_change": 1.564677208662033,
          "p1_change": -0.15037093497812748
        }
      }
    },
    "1.5B": {
      "model": "1.5B",
      "n_layers": 28,
      "mean_dT": [
        4.288780407821742,
        0.6844181617101034,
        1.177186111609141,
        1.0527094801266987,
        0.9197562436262766,
        0.8451786239941915,
        0.9776793718338013,
        0.7151293555895487,
        0.8245466351509094,
        0.847207506497701,
        0.6181322733561198,
        0.7100067138671875,
        0.24416724840799967,
        0.47347430388132733,
        0.27337050437927246,
        0.6306419372558594,
        0.7165330847104391,
        1.4182132482528687,
        0.8643231590588888,
        0.6500376065572103,
        0.8310087323188782,
        1.9941517089804013,
        0.8849899383882681,
        0.6412962668885788,
        0.5281872134655714,
        0.38772913503150147,
        0.5762374668071667,
        1.5205470373233159
      ],
      "mean_cos": [
        0.0678210446300606,
        0.8294289310773214,
        0.8602617581685384,
        0.8740823417901993,
        0.8787714739640554,
        0.889590268333753,
        0.8764886260032654,
        0.8769299884637197,
        0.8995956381162008,
        0.9196872065464655,
        0.9383687873681387,
        0.9427604178587595,
        0.960462619860967,
        0.9586764027674993,
        0.9654959440231323,
        0.9686635881662369,
        0.9712985306978226,
        0.9649764597415924,
        0.9574905931949615,
        0.9511557171742121,
        0.9580455422401428,
        0.9498228381077448,
        0.9581469098726908,
        0.9681184142827988,
        0.960767482717832,
        0.9755821824073792,
        0.9672214835882187,
        0.39360332985719043
      ],
      "mean_dP1": [
        0.7397212271268169,
        0.11268913404395182,
        0.16404622234404087,
        0.14564074762165546,
        0.11499642332394917,
        0.10019045198957126,
        0.10503173929949601,
        0.09566859683642785,
        0.11854396248236299,
        0.12535632075741887,
        0.11007892061024904,
        0.08055216384430726,
        0.029487065970897675,
        0.06743190654863913,
        0.031328355272610985,
        0.06322663805137078,
        0.08815121185034513,
        0.1972393790880839,
        0.12888079416006804,
        0.09855433786287904,
        0.10874947579577565,
        0.19910830135146776,
        0.19985833515723547,
        0.10998417685429256,
        0.18786995112895966,
        0.14127887785434723,
        0.14956171810626984,
        0.2521608347694079
      ],