{
  "experiment": "Entropy Production Rate",
  "sigma_mean": [
    -4.515786078407302e-11,
    -3.437663348426767e-12,
    2.1196992078253983e-12,
    -5.465485702904615e-13,
    -4.666320021357029e-12,
    -1.4717931734464785e-13,
    -4.8961674992131775e-12,
    -2.565074238083942e-13,
    -3.111635428487691e-12,
    -5.090643184768595e-12,
    -2.066255846977505e-12,
    1.219986785205851e-12,
    2.171606210826793e-12,
    -7.829842243317619e-13,
    -3.591995971496953e-12,
    -3.990879501869493e-12,
    1.5416622839437012e-12,
    -8.632829558629859e-13,
    -1.4790238478390449e-12,
    3.932501546621836e-12,
    2.6354425586294638e-12,
    -5.657974392822562e-12,
    -2.0250077309436067e-11,
    -2.4604732834498934e-11,
    -4.75968538887761e-11,
    -2.3127369962704092e-11,
    -3.32110838829891e-11,
    -1.3760213801727872e-11
  ],
  "sigma_cumulative": [
    -4.515786078407302e-11,
    -4.859552413249979e-11,
    -4.647582492467439e-11,
    -4.7022373494964854e-11,
    -5.1688693516321886e-11,
    -5.1835872833666536e-11,
    -5.673204033287971e-11,
    -5.69885477566881e-11,
    -6.010018318517579e-11,
    -6.519082636994439e-11,
    -6.725708221692189e-11,
    -6.603709543171604e-11,
    -6.386548922088925e-11,
    -6.4648473445221e-11,
    -6.824046941671796e-11,
    -7.223134891858745e-11,
    -7.068968663464376e-11,
    -7.155296959050674e-11,
    -7.303199343834579e-11,
    -6.909949189172396e-11,
    -6.646404933309449e-11,
    -7.212202372591705e-11,
    -9.237210103535311e-11,
    -1.1697683386985204e-10,
    -1.6457368775862814e-10,
    -1.8770105772133225e-10,
    -2.2091214160432133e-10,
    -2.346723554060492e-10
  ],
  "Q_mean": [
    -1.8208863388590053,
    -0.5304026051656465,
    0.37654453717231934,
    -0.17299549036843848,
    -1.0582579808911747,
    0.2727042789065771,
    -1.2518971950041495,
    -0.06978380125771604,
    -0.9204627150895013,
    -1.8547854141203508,
    -0.6296439335215763,
    0.4458829141022019,
    0.7632055452460563,
    -0.219061049989284,
    -1.282263698626215,
    -1.616886701139446,
    0.5398516296783811,
    -0.3434034916383762,
    -0.4491745563045842,
    0.5600982407672437,
    0.36237568572939055,
    -0.07998372070637493,
    -0.6182077472184877,
    -0.1939894930250935,
    -0.5788610313771099,
    -0.1583746455326723,
    -0.713231860118497,
    -0.7708819088861493
  ],
  "W_mean": [
    -22.873094065099163,
    -7.577493707765744,
    -5.82789119280815,
    -6.20528490000589,
    -6.8274815755567015,
    0.7802857989871436,
    -4.63167186083667,
    -3.2634504501224626,
    -2.655633842408837,
    -7.735686750790274,
    -0.481796948658295,
    1.7036055779815964,
    1.4029766252631461,
    -2.022236022523464,
    -3.409198131609613,
    -5.5469663520183525,
    0.5655258774200804,
    -5.55701986279316,
    -8.145011958648332,
    -10.315975215043304,
    -8.236134293518656,
    -16.481809434817706,
    -23.17423306154954,
    -23.46585228599384,
    -43.36910150989273,
    -24.865450908960405,
    -53.06869526954233,
    76.81662190581112
  ],
  "total_sigma": -2.346723554060492e-10,
  "n_violations": 0,
  "pre_L0_sigma": -3.1649547301473568e-12,
  "post_L0_sigma": -2.4029758010422107e-11
}