{
  "experiment": "Dual Phase Transition",
  "results": {
    "0.5B": {
      "mean_T": [
        0.00029223098479749923,
        4.97485564549764,
        6.054199091593424,
        5.9286600112915036,
        6.452806711196899,
        6.713807201385498,
        6.870805486043294,
        6.225587050120036,
        6.315786584218343,
        6.237208906809489,
        6.678454303741455,
        6.424417153994242,
        5.794420313835144,
        6.180474503835042,
        6.478911018371582,
        6.557492955525716,
        5.919400421778361,
        6.672818819681804,
        6.6988325119018555,
        5.88572260538737,
        3.3781972150007884,
        2.4764817078908283,
        3.7159934838612876,
        3.050206931432088,
        3.1340720653533936
      ],
      "mean_U": [
        0.45752891103426613,
        6.560224469502767,
        8.88241024017334,
        10.474599266052246,
        11.859998194376628,
        13.772336260477703,
        15.45847593943278,
        15.93207213083903,
        16.354093233744305,
        17.153237342834473,
        17.61948560078939,
        17.80292682647705,
        17.366393089294434,
        19.009936650594074,
        19.899971135457356,
        21.92168769836426,
        24.57099863688151,
        29.308264923095702,
        34.0989444732666,
        38.48499577840169,
        44.92992655436198,
        54.93646062215169,
        71.21475168863932,
        75.88529205322266,
        292.00986735026044
      ],
      "mean_P1": [
        0.9999721725781758,
        0.28518099412322045,
        0.19618192662795383,
        0.20536117951075236,
        0.14440832088390987,
        0.14162480272352695,
        0.09395847395062447,
        0.174021860708793,
        0.15380979428688685,
        0.18232741033037503,
        0.16130955393115678,
        0.1770079952975114,
        0.24168231425186,
        0.2125628549605608,
        0.20050845829149086,
        0.19502743693689506,
        0.23641944130261738,
        0.16577476573487124,
        0.14913882066806158,
        0.23169071649511655,
        0.48687570517261824,
        0.5044846256573995,
        0.366112494468689,
        0.40000627835591634,
        0.3909754107395808
      ],
      "mean_PR": [
        293.6041028544104,
        81.71076928479388,
        35.93781904770583,
        55.28031440827449,
        32.67201839102534,
        26.78786916082403,
        55.40363954610902,
        49.41542902702947,
        45.29402048691067,
        32.79270574590186,
        24.211931662866547,
        23.448134513521342,
        29.579883596228267,
        18.56082005117123,
        17.578429629408486,
        18.00171545464601,
        17.695233319097643,
        11.908554842159004,
        9.922133560757198,
        8.531759804990227,
        7.154553241832779,
        7.349691294970417,
        3.53924056584058,
        4.426472295504923,
        9.012889132869436
      ],
      "mean_cos": [
        0.0,
        0.09650233859817187,
        0.8190401713053386,
        0.8691537499427795,
        0.8540261665980021,
        0.8486905495325724,
        0.8214037617047628,
        0.8400615334510804,
        0.8844217856725057,
        0.9193175276120503,
        0.954512095451355,
        0.9587807655334473,
        0.9543054421742757,
        0.9575687408447265,
        0.9640833576520283,
        0.9446340560913086,
        0.9406575957934061,
        0.9509104371070862,
        0.9574767510096233,
        0.9673103451728821,
        0.9552101095517477,
        0.9410643458366394,
        0.9391273578008016,
        0.9565687656402588,
        0.40247704784075417
      ],
      "dT": [
        4.974563414512843,
        1.079343446095784,
        -0.1255390803019205,
        0.5241466999053959,
        0.2610004901885983,
        0.15699828465779664,
        -0.6452184359232582,
        0.09019953409830705,
        -0.07857767740885446,
        0.44124539693196674,
        -0.25403714974721314,
        -0.6299968401590981,
        0.38605418999989816,
        0.2984365145365393,
        0.07858193715413453,
        -0.6380925337473551,
        0.7534183979034426,
        0.026013692220051787,
        -0.8131099065144856,
        -2.5075253903865815,
        -0.9017155071099601,
        1.2395117759704593,
        -0.6657865524291995,
        0.08386513392130546
      ],
      "dU": [
        6.102695558468501,
        2.322185770670572,
        1.5921890258789073,
        1.3853989283243813,
        1.912338066101075,
        1.6861396789550778,
        0.47359619140624964,
        0.4220211029052745,
        0.7991441090901681,
        0.4662482579549163,
        0.18344122568766252,
        -0.4365337371826179,
        1.6435435612996407,
        0.890034484863282,
        2.021716562906903,
        2.6493109385172495,
        4.737266286214194,
        4.790679550170896,
        4.386051305135091,
        6.444930775960287,
        10.006534067789715,
        16.278291066487633,
        4.670540364583331,
        216.12457529703778
      ],
      "d2T": [
        -3.8952199684170585,
        -1.2048825263977045,
        0.6496857802073164,
        -0.2631462097167976,
        -0.10400220553080164,
        -0.8022167205810549,
        0.7354179700215653,
        -0.16877721150716152,
        0.5198230743408212,
        -0.6952825466791799,
        -0.37595969041188493,
        1.0160510301589962,
        -0.08761767546335886,
        -0.21985457738240477,
        -0.7166744709014896,
        1.3915109316507976,
        -0.7274047056833908,
        -0.8391235987345373,
        -1.694415483872096,
        1.6058098832766214,
        2.1412272830804193,
        -1.9052983283996587,
        0.7496516863505049
      ],
      "L_ignition": 0,
      "L_crystal": 18,
      "L_inflection": 0,
      "n_layers": 24
    },
    "1.5B": {
      "mean_T": [
        3.957392496661921e-05,
        4.141268547375997,
        4.613679055372874,
        4.309755553305149,
        4.673748135566711,
        5.384616994857788,
        4.886920921007792,
        5.44676833152771,
        5.332804282506307,
        5.715464973449707,
        5.789406903584799,
        5.849151968955994,
        5.799614898363749,
        5.646998356779417,
        5.644647246599197,
        5.917797478040059,
        6.392117007573446,
        5.910824767748514,
        5.167396442095439,
        5.6570594787597654,
        5.143506050109863,
        4.688776159286499,
        2.865913854042689,
        2.1471536487340925,
        1.565928365290165,
        1.467989452679952,
        1.433211062848568,
        2.023405381043752,
        3.329850157101949
      ],
      "mean_U": [
        1.0213682055473328,
        21.26514638264974,
        27.777147674560545,
        34.78272069295247,
        41.21173985799154,
        46.63032023111979,
        46.709059397379555,
        49.70325927734375,
        53.090311431884764,
        55.485373942057294,
        60.46991856892904,
        60.778778584798175,
        60.1463119506836,
        59.30938542683919,
        61.12542877197266,
        63.82208201090495,
        66.94502360026041,
        67.02993977864584,
        71.95823364257812,
        79.3896713256836,
        90.35092366536459,
        98.60487874348958,
        114.92009836832682,
        137.43809407552084,
        160.4061747233073,
        203.94561258951822,
        227.6103312174479,
        278.3002421061198,
        202.9428456624349
      ],