{
  "experiment": "Dimensional Scaling",
  "models": [
    {
      "L0": 143.71275944947632,
      "L0_ratio": 4.9556123948095285,
      "eta": 0.33633947825211874,
      "Cv_mean": -19.175879025099682,
      "beta_crit": 5.121865152941687,
      "r2_sigmoid": 0.9018318989429825,
      "n_layers": 29,
      "T_hot": 3.056017777903717,
      "T_cold": 2.0281583530207477,
      "U_mean": [
        1.0008127689361572,
        21.18948268890381,
        27.648726844787596,
        34.66110095977783,
        41.53827018737793,
        46.557752227783205,
        46.370212936401366,
        49.61117935180664,
        53.10600814819336,
        55.21245155334473,
        60.25232849121094,
        60.822815322875975,
        59.348904037475585,
        58.93699226379395,
        61.065358352661136,
        63.5330078125,
        66.89463310241699,
        66.84242172241211,
        71.71439971923829,
        79.76124877929688,
        90.4999771118164,
        99.05471420288086,
        115.25598526000977,
        137.57589569091797,
        160.8910919189453,
        204.97803955078126,
        228.1993850708008,
        279.75989685058596,
        202.31078186035157
      ],
      "T_mean": [
        2.6564549927572696e-05,
        4.407699632644653,
        4.760327136516571,
        4.356185567378998,
        4.407612931728363,
        5.426617312431335,
        4.829041814804077,
        5.549949598312378,
        5.136515831947326,
        5.600889110565186,
        5.625388860702515,
        6.105757141113282,
        5.813477945327759,
        5.721515846252442,
        5.685834693908691,
        5.871922540664673,
        6.4068324089050295,
        6.042764019966126,
        5.309360241889953,
        5.800205945968628,
        5.284921026229858,
        4.785414385795593,
        3.0053889036178587,
        2.2604886099696158,
        1.5271018229424953,
        1.4582085371017457,
        1.295731545239687,
        1.8447778522968292,
        2.943965661525726
      ],
      "name": "Qwen2.5-1.5B",
      "d_model": 1536,
      "n_params": 1.543714304
    },
    {
      "L0": 40.52724670702995,
      "L0_ratio": 1.621089868281198,
      "eta": 0.22963988781211175,
      "Cv_mean": 25.56091503023582,
      "beta_crit": 0.6986842871237404,
      "r2_sigmoid": 0.8480780121152738,
      "n_layers": 25,
      "T_hot": 3.929028418140213,
      "T_cold": 3.0267667730649315,
      "U_mean": [
        0.4463509827852249,
        6.554028129577636,
        8.823684120178223,
        10.440803813934327,
        11.885977172851563,
        14.065776252746582,
        15.610383319854737,
        15.90358362197876,
        16.20370798110962,
        16.91724576950073,
        17.376534080505373,
        17.640114307403564,
        17.259335803985596,
        18.819138526916504,
        19.711728477478026,
        21.7851993560791,
        24.532476806640624,
        29.25971202850342,
        34.23260059356689,
        38.645863723754886,
        45.26786308288574,
        55.628898239135744,
        71.77060470581054,
        76.67776565551758,
        290.7113403320312
      ],
      "T_mean": [
        0.00022888921677979208,
        5.547645473480225,
        6.239210891723633,
        6.6572206020355225,
        6.558599233627319,
        6.773557567596436,
        6.6686114311218265,
        5.915525817871094,
        6.0366370677948,
        6.015463352203369,
        6.684200382232666,
        6.664584541320801,
        5.949141478538513,
        6.264789295196533,
        6.351230907440185,
        6.634518003463745,
        5.838847661018372,
        6.73531141281128,
        6.833335208892822,
        6.10461196899414,
        3.5198147892951965,
        2.448408341407776,
        3.267773675918579,
        2.7281434893608094,
        3.084383153915405
      ],
      "name": "Qwen2.5-0.5B",
      "d_model": 896,
      "n_params": 0.494032768
    },
    {
      "L0": 42.89687259446035,
      "L0_ratio": 1.86508141715045,
      "eta": 0.6401278898966695,
      "Cv_mean": -2.2676514279384437,
      "beta_crit": 0.8591322827174069,
      "r2_sigmoid": 0.906997742933375,
      "n_layers": 23,
      "T_hot": 8.288646094004314,
      "T_cold": 2.982852559785048,
      "U_mean": [
        0.5666942536830902,
        0.8556799799203872,
        1.0784068942070006,
        1.2855998873710632,
        1.6080470204353332,
        1.988945198059082,
        2.3938384771347048,
        2.8829211473464964,
        3.5165927171707154,
        3.814513826370239,
        4.407917475700378,
        5.136270046234131,
        5.582547616958618,
        6.420587348937988,
        7.068205404281616,
        8.108059501647949,
        9.729303169250489,
        11.68441686630249,
        13.925871658325196,
        17.592384815216064,
        21.89011573791504,
        27.79218158721924,
        81.97452011108399
      ],
      "T_mean": [
        8.098842859268188,
        8.344332790374756,
        8.422762632369995,
        8.35504150390625,
        7.737825560569763,
        8.076121759414672,
        8.174540758132935,
        8.102320051193237,
        7.707837867736816,
        7.949594116210937,
        7.838027286529541,
        7.946567583084106,
        7.8323112487792965,
        7.954879331588745,
        8.112311792373657,
        8.100557374954224,
        7.8142842769622805,
        7.333854341506958,
        6.799351024627685,
        4.601501607894898,
        3.5017581194639207,
        2.2377457931637763,
        3.2090537667274477
      ],
      "name": "TinyLlama-1.1B",
      "d_model": 2048,
      "n_params": 1.100048384
    }
  ]
}