{
  "experiment": "Crooks Fluctuation Theorem",
  "W_mean_forward": [
    1.5065140565140904,
    0.07582898205146194,
    -0.12109099049121141,
    -0.07497475855052471,
    0.5882850112393498,
    -0.3004758022725582,
    0.2733968086540699,
    -0.17114711925387383,
    0.4771197624504566,
    -0.22313299402594566,
    0.26688147336244583,
    -0.15643544495105743,
    0.09445784240961075,
    -0.23018060624599457,
    -0.13389624655246735,
    0.30072468519210815,
    -0.2044653668999672,
    -0.2422596551477909,
    -0.13040386978536844,
    0.05088111013174057,
    -0.2452354134293273,
    -0.4859948913799599,
    -0.18467829131986946,
    -0.11984355200547725,
    0.10029335197759792,
    -0.09359242010395974,
    0.15285555546870455,
    0.3389794919639826
  ],
  "W_std_forward": [
    0.8022481319071472,
    0.6878971815381056,
    0.7832215600943337,
    0.6628295744944934,
    0.5418413826537246,
    0.6973070038268625,
    0.6976812966620574,
    0.6437985328361856,
    0.8602888562710221,
    0.6816082584900724,
    0.6904171757343988,
    0.5881483640429888,
    0.48142226848139186,
    0.642316001757707,
    0.371158134521482,
    0.4934980786593618,
    0.5215306133055484,
    0.8314533796628859,
    0.598990944914224,
    0.6230049925814048,
    0.7704614124565567,
    0.4759914047174118,
    0.41561076015711207,
    0.2820326508902796,
    0.49169066821949375,
    0.2700179934129343,
    0.43182463664489124,
    0.6005712217987536
  ],
  "jarzynski_ratio": [
    1.322787174213605,
    1.2973296249275792,
    1.3012744305704451,
    1.1976770693219578,
    1.1534179962045679,
    1.2809598359238143,
    1.2577247574892012,
    1.198028728769143,
    1.3733021207973053,
    1.259608426069649,
    1.3295345019407172,
    1.241209653470529,
    1.1193594477459765,
    1.2441523760330016,
    1.069694801750915,
    1.1275786648251072,
    1.13822688755618,
    1.4102803088985552,
    1.1830188779933033,
    1.19053699312512,
    1.3419553139513842,
    1.128604969610038,
    1.0918318878021784,
    1.0446872821695754,
    1.170231989100643,
    1.0385912299250997,
    1.120537719998135,
    1.2166983692510094
  ],
  "dF_jarzynski": [
    1.2267730503732996,
    -0.1844790351167351,
    -0.3844351059559167,
    -0.2553586637444789,
    0.44555530641820973,
    -0.548085471006168,
    0.04409246804343584,
    -0.35182459926823473,
    0.15990161559018418,
    -0.45393389372881254,
    -0.017947409066617938,
    -0.37252187604313675,
    -0.01829875763244026,
    -0.44863508183435447,
    -0.20126962233140513,
    0.1806521259849577,
    -0.3339370566827106,
    -0.586048140416913,
    -0.29847341238320735,
    -0.12352334993389412,
    -0.5393631533256039,
    -0.6069772212636232,
    -0.27253520789213065,
    -0.16356114112521478,
    -0.05690865845953222,
    -0.13145762836496216,
    0.03904687823506757,
    0.14283855645852983
  ],
  "W_dissipated": [
    0.2797410061407908,
    0.26030801716819707,
    0.26334411546470526,
    0.1803839051939542,
    0.1427297048211401,
    0.2476096687336098,
    0.22930434061063407,
    0.1806774800143609,
    0.31721814686027244,
    0.23080089970286688,
    0.2848288824290638,
    0.2160864310920793,
    0.11275660004205101,
    0.2184544755883599,
    0.06737337577893779,
    0.12007255920715046,
    0.12947168978274343,
    0.3437884852691221,
    0.1680695425978389,
    0.1744044600656347,
    0.2941277398962766,
    0.12098232988366331,
    0.08785691657226119,
    0.04371758911973753,
    0.15720201043713014,
    0.037865208261002425,
    0.11380867723363698,
    0.19614093550545275
  ],
  "crooks_predicted": [
    1.2973296248938089,
    1.301274430536177,
    1.1976770693003536,
    1.2809598358920964,
    1.257724757460361,
    1.1980287287474973,
    1.3733021207537417,
    1.259608426040577,
    1.3295345019028484,
    1.2412096534437083,
    1.119359447733355,
    1.2441523760058226,
    1.069694801743708,
    1.127578664811568,
    1.1382268875414432,
    1.4102803088500715,
    1.1830188779734203,
    1.1905369931043566,
    1.3419553139119138,
    1.1286049695963838,
    1.0918318877925859,
    1.0446872821650082,
    1.1702319890822466,
    1.038591229921167,
    1.1205377199853823,
    1.2166983692271451
  ],
  "crooks_measured": [
    1.2857142856959183,
    0.599999999994,
    0.45454545454132234,
    0.45454545454132234,
    1.2857142856959183,
    0.599999999994,
    2.999999999925,
    0.599999999994,
    2.999999999925,
    0.9999999999875,
    1.666666666638889,
    0.45454545454132234,
    0.45454545454132234,
    2.199999999956,
    0.7777777777691358,
    0.7777777777691358,
    0.7777777777691358,
    0.7777777777691358,
    0.7777777777691358,
    0.23076923076745562,
    0.7777777777691358,
    0.45454545454132234,
    1.666666666638889,
    0.7777777777691358,
    4.333333333188889,
    2.199999999956
  ],
  "summary": {
    "jr_mean": 1.2088871942655264,
    "semantic_friction_total": 5.219125193472672,
    "pre_L0_diss": 0.21245483459332326,
    "post_L0_diss": 0.10822480957326919
  }
}