{
  "experiment": "Thermodynamic Quality Index",
  "results": {
    "Qwen2.5-0.5B": {
      "tqi": 0.5249287363623435,
      "boltzmann_r2": 0.2765311475291756,
      "carnot_eta": 0.9999977461576266,
      "mach_stability": 0.19737672597841166,
      "p1t_score": 0.7300427752642095,
      "cv_score": 0.46875,
      "mach_mean": 5.066453478964771
    },
    "Qwen2.5-1.5B": {
      "tqi": 0.493924588371906,
      "boltzmann_r2": 0.10555206455152599,
      "carnot_eta": 0.999999797058013,
      "mach_stability": 0.24713987821742006,
      "p1t_score": 0.7188914001804033,
      "cv_score": 0.49553571428571436,
      "mach_mean": 4.046291546361672
    },
    "TinyLlama-1.1B": {
      "tqi": 0.45906237896673685,
      "boltzmann_r2": 0.0517745964190513,
      "carnot_eta": 0.9181415113561631,
      "mach_stability": 0.2053833592016896,
      "p1t_score": 0.680932415115654,
      "cv_score": 0.5681818181818181,
      "mach_mean": 4.868943637337165
    }
  }
}