{
  "experiment": "LayerNorm Flywheel",
  "results": {
    "alpha_0": {
      "alpha": 0,
      "eta_mean": 0.854222325298957,
      "eta_std": 0.1216799237656217,
      "entropy_mean": 2.348659646511078,
      "top1_mean": 0.3903623357415199,
      "total_waste_mean": 1629.1108820915222,
      "example_waste": [
        1.6695070266723633,
        0.0,
        0.0,
        0.0,
        10.127853393554688,
        0.0,
        21.85605812072754,
        23.591203689575195,
        26.20252799987793,
        26.757186889648438,
        29.396699905395508,
        31.286407470703125,
        31.483495712280273,
        34.58262825012207,
        35.60891914367676,
        39.028520584106445,
        39.19225883483887,
        41.27589988708496,
        47.77094078063965,
        52.472225189208984,
        55.86477851867676,
        64.47354125976562,
        74.12278366088867,
        100.02074813842773,
        127.55218505859375,
        169.01217651367188,
        197.71290588378906,
        261.03919982910156
      ],
      "example_noise": [
        0.0,
        0.0,
        0.0,
        0.0,
        0.0,
        0.0,
        0.0,
        0.0,
        0.0,
        0.0,
        0.0,
        0.0,
        0.0,
        0.0,
        0.0,
        0.0,
        0.0,
        0.0,
        0.0,
        0.0,
        0.0,
        0.0,
        0.0,
        0.0,
        0.0,
        0.0,
        0.0,
        0.0
      ],
      "example_T": [
        9.229213226991106e-11,
        3.231631278991699,
        3.7550597190856934,
        4.921198844909668,
        3.758585214614868,
        5.443908214569092,
        4.224763870239258,
        5.544426918029785,
        5.7342095375061035,
        4.465669631958008,
        5.577969551086426,
        6.154796600341797,
        5.585431098937988,
        5.747672080993652,
        5.371906280517578,
        5.566370964050293,
        7.088669776916504,
        6.5962090492248535,
        1.631676435470581,
        6.293767929077148,
        6.6263957023620605,
        6.121879577636719,
        4.378360748291016,
        3.4954593181610107,
        0.7403730750083923,
        0.8735524415969849,
        1.1866950988769531,
        2.2213168144226074,
        0.5936733484268188
      ]
    },
    "alpha_0.005": {
      "alpha": 0.005,
      "eta_mean": 0.8178374964166715,
      "eta_std": 0.12430642931581504,
      "entropy_mean": 2.784303307533264,
      "top1_mean": 0.30675053000450136,
      "total_waste_mean": 1626.9849022865296,
      "example_waste": [
        1.6695070266723633,
        0.0,
        0.0,
        0.0,
        10.102672576904297,
        0.0,
        21.692562103271484,
        23.230436325073242,
        25.605581283569336,
        26.3742618560791,
        29.389270782470703,
        31.526912689208984,
        31.25458335876465,
        34.35269355773926,
        35.022464752197266,
        38.794044494628906,
        40.550039291381836,
        43.995479583740234,
        47.556819915771484,
        52.22221565246582,
        57.541093826293945,
        66.03474235534668,
        79.7819595336914,
        106.19510650634766,
        134.97682571411133,
        168.83868789672852,
        191.42486572265625,
        259.38024520874023
      ],
      "example_noise": [
        0.008347535133361816,
        0.0,
        0.0,
        0.0,
        0.05051336288452148,
        0.0,
        0.10846281051635742,
        0.11615218162536621,
        0.12802790641784667,
        0.1318713092803955,
        0.14694635391235353,
        0.15763456344604493,
        0.15627291679382324,
        0.1717634677886963,
        0.17511232376098634,
        0.19397022247314455,
        0.20275019645690917,
        0.2199773979187012,
        0.23778409957885743,
        0.2611110782623291,
        0.2877054691314697,
        0.3301737117767334,
        0.398909797668457,
        0.5309755325317382,
        0.6748841285705567,
        0.8441934394836426,
        0.9571243286132812,
        1.2969012260437012
      ],
      "example_T": [
        9.229213226991106e-11,
        3.2035951614379883,
        3.6934971809387207,
        4.95142936706543,
        3.759690284729004,
        5.3574042320251465,
        3.9773383140563965,
        5.827521324157715,
        5.799036979675293,
        4.485198974609375,
        5.6467413902282715,
        6.074279308319092,
        5.205118179321289,
        5.844158172607422,
        5.126092433929443,
        6.036632537841797,
        6.868831634521484,
        6.80143928527832,
        3.9698822498321533,
        6.007782936096191,
        6.631755352020264,
        5.898292541503906,
        4.857300758361816,
        5.422783374786377,
        1.1110002994537354,
        0.7525221705436707,
        0.8254090547561646,
        2.3016836643218994,
        0.7183295488357544
      ]
    },
    "alpha_0.01": {
      "alpha": 0.01,
      "eta_mean": 0.7162907674050485,
      "eta_std": 0.19860786185367763,
      "entropy_mean": 4.146654856204987,
      "top1_mean": 0.24721449837088585,
      "total_waste_mean": 1641.0709593772888,
      "example_waste": [
        1.6695070266723633,
        0.0,
        0.0,
        0.0,
        10.323005676269531,
        0.0,
        22.399438858032227,
        24.545814514160156,
        27.324987411499023,
        28.434064865112305,
        28.899097442626953,
        31.41776466369629,
        32.80829429626465,
        32.73569679260254,
        36.36318016052246,
        36.40812683105469,
        39.123897552490234,
        42.76864242553711,
        49.42129898071289,
        52.68780708312988,
        60.55398178100586,
        72.04396057128906,
        84.9487533569336,
        108.48025894165039,
        139.17343521118164,
        172.1715431213379,
        215.36560821533203,
        279.6852836608887
      ],
      "example_noise": [
        0.016695070266723632,
        0.0,
        0.0,
        0.0,
        0.10323005676269531,
        0.0,
        0.22399438858032228,
        0.24545814514160158,
        0.27324987411499024,
        0.2843406486511231,
        0.28899097442626953,
        0.3141776466369629,
        0.3280829429626465,
        0.3273569679260254,
        0.3636318016052246,
        0.3640812683105469,
        0.39123897552490233,
        0.4276864242553711,
        0.4942129898071289,
        0.5268780708312988,
        0.6055398178100586,
        0.7204396057128907,
        0.8494875335693359,
        1.0848025894165039,
        1.3917343521118164,
        1.7217154312133789,
        2.1536560821533204,
        2.796852836608887
      ],
      "example_T": [
        9.229213226991106e-11,
        3.222679615020752,
        3.840719699859619,
        4.931234836578369,
        3.758258104324341,
        5.609912872314453,
        4.737925052642822,
        6.581563949584961,
        5.985734939575195,
        5.713249206542969,
        4.681466102600098,
        6.479704856872559,
        6.714081764221191,
        6.562353134155273,
        7.188145637512207,
        7.626986980438232,
        6.617768287658691,
        6.874282360076904,
        6.588623046875,
        7.241008758544922,
        6.67529296875,
        6.680653095245361,
        6.5226359367370605,
        4.884734153747559,
        4.313035011291504,
        2.282650947570801,
        3.1352217197418213,
        5.559769630432129,
        2.6988139152526855
      ]
    },
    "alpha_0.02": {
      "alpha": 0.02,
      "eta_mean": 0.6763011764678358,
      "eta_std": 0.11502645518808523,
      "entropy_mean": 6.377328729629516,
      "top1_mean": 0.10785997547209263,
      "total_waste_mean": 4618.36157503128,